customer_id,recency_days,frequency,monetary,R_score,F_score,M_score,RFM_score,segment
00012aa8-e99c-4e30-b3f6-1f7e36adc517,35,5,2734.46,4,2,2,422,New / Promising
000feeed-f931-4908-b539-29ab57e595be,94,6,2813.06,2,2,2,222,Low Engagement
00107f62-0530-48ec-a56a-49d90944eafe,74,1,161.99,3,1,1,311,New / Promising
005ae094-2f68-4a6d-91f0-73b38b890692,70,6,3691.46,3,2,2,322,New / Promising
00a6835b-c50a-49a9-a1b5-19d74d3e1863,25,7,3820.98,4,3,2,432,Low Engagement
00a90d43-e62f-4e16-9a17-948d25c9684b,59,7,5636.89,3,3,3,333,High Value / Loyal
00ca767b-0217-46ba-b482-021916fa1be0,33,2,220.59,4,1,1,411,New / Promising
00df5d7c-c28c-436c-aa68-e3ceb775fff2,28,5,6560.97,4,2,3,423,New / Promising
01028498-4406-4014-a30c-2b9a605c2bfc,102,6,5507.84,2,2,3,223,Low Engagement
010cfe3b-6c6a-45a6-870f-139f78abaa75,65,5,6750.62,3,2,3,323,New / Promising
01263640-d73d-419c-a2a6-81a3a2546bdb,42,4,4523.72,4,2,2,422,New / Promising
0126db7e-3b74-4494-b739-ff3f305a0f19,401,2,1387.18,1,1,1,111,Low Engagement
012bb8ba-52a2-40de-9f4c-a1c76b48667d,96,9,5769.13,2,3,3,233,At Risk
01345fb6-51d5-40ab-afbd-62316cd3bad9,40,8,5662.14,4,3,3,433,High Value / Loyal
013cfe6a-5bab-4c7c-99a5-3bca600a1521,163,4,3091.13,2,2,2,222,Low Engagement
015551cf-059f-4167-9d22-91213122bb9d,155,2,224.86,2,1,1,211,Low Engagement
017bca63-ef5b-4d2b-8ee4-d47c98555764,257,5,1445.52,1,2,1,121,Low Engagement
0185f376-187a-4a71-a6ea-f882ba5507b3,14,3,3569.41,4,1,2,412,New / Promising
01985dd4-d11a-42ae-acdc-0226f74aac6d,98,7,2670.97,2,3,2,232,At Risk
019e747b-8ce5-4f78-a504-62dbc7921440,91,2,3783.87,2,1,2,212,Low Engagement
01a1ba08-134f-43d3-8472-078c10405d82,60,2,3769.21,3,1,2,312,New / Promising
01afb533-811f-469d-a542-fc38bc47f497,96,2,2385.75,2,1,2,212,Low Engagement
01c13f1d-9b42-44cf-a1fc-c6c63110a1c2,100,1,417.39,2,1,1,211,Low Engagement
01f30800-c880-44d9-a114-4219284844b3,52,26,24908.11,3,4,4,344,High Value / Loyal
0202033f-0e98-4279-8396-0abd96add36e,76,9,11344.89,3,3,4,334,High Value / Loyal
020938b1-a5bb-4391-822f-d38b45f34e3e,2,16,14048.25,4,4,4,444,High Value / Loyal
02152e28-069f-4aaf-a95d-404c23522666,0,1,260.04,4,1,1,411,New / Promising
021db553-a727-4b9b-9219-97e20d6127f8,99,8,6053.54,2,3,3,233,At Risk
022a0bf6-65cd-46ea-85c2-b13accfa474c,135,5,2168.86,2,2,2,222,Low Engagement
0232a224-be49-4cf9-98fa-749b6f7991fd,815,1,273.31,1,1,1,111,Low Engagement
0251d764-e98d-414d-9061-09c29e779ddb,7,6,3226.87,4,2,2,422,New / Promising
02614372-1f87-4b60-a9af-2a565f171a61,79,2,1490.19,3,1,1,311,New / Promising
0263c298-b1fe-40c3-8c62-7c3dec62f244,201,6,4113.91,1,2,2,122,Low Engagement
026c4528-9b3c-41f9-9b08-6800c96595ca,316,9,6601.57,1,3,3,133,At Risk
027b8508-fb35-4980-b52c-b29eaa46a9f0,133,8,4432.39,2,3,2,232,At Risk
02a24790-6f75-4597-8307-1ed54a00e92a,398,16,9256.88,1,4,4,144,At Risk
02ad4139-8cf3-4616-a3e5-918c78cea234,45,6,4212.62,4,2,2,422,New / Promising
02b0733e-dd23-4e5e-9254-18b30470eaee,444,2,1794.92,1,1,1,111,Low Engagement
02bbae6e-2a89-4881-b51f-b3ebab48577d,28,10,5366.27,4,3,3,433,High Value / Loyal
02c27feb-7608-429e-99d6-c2a500c14557,92,9,7568.69,2,3,3,233,At Risk
02fb85f4-c241-4183-9dbf-0c08a05f408a,16,10,5080.5,4,3,3,433,High Value / Loyal
03080105-fbe7-44eb-8366-a0207a90e47a,174,1,106.12,2,1,1,211,Low Engagement
030cee8d-340d-4d98-83ec-5f78fcb89604,80,7,2674.58,3,3,2,332,Low Engagement
030ea6e0-486e-4bed-8b6c-6b91f8867ebf,255,8,1258.17,1,3,1,131,At Risk
0321a804-2caf-4cb4-93bc-1b41e5e0221f,771,8,3729.27,1,3,2,132,At Risk
033755b6-2521-4acf-b626-ca98cdadeb6d,350,5,4689.49,1,2,3,123,Low Engagement
033ceb1a-9691-46fc-b65e-b792105ddacf,1036,1,636.54,1,1,1,111,Low Engagement
034d95cc-e49d-4cb1-8d4b-6a3bef0a3324,7,4,3675.84,4,2,2,422,New / Promising
035f8dff-eac3-49bc-8fcc-907a81cb5b60,68,2,1728.99,3,1,1,311,New / Promising
0367a250-10d1-4d77-b05f-765b3b3f91cc,89,4,1752.05,2,2,1,221,Low Engagement
036e47b2-e126-4704-bcd6-35430830e5df,60,9,8929.27,3,3,4,334,High Value / Loyal
036f83da-2cb0-4a42-93c0-6006523c3870,186,14,13785.96,1,4,4,144,At Risk
037aa4e4-ab32-4708-b9f1-675e1e3cc01f,58,13,8499.29,3,4,4,344,High Value / Loyal
0396221e-a0b4-45cb-b138-7b2de24e97d9,59,11,9219.08,3,4,4,344,High Value / Loyal
03c713f9-03ff-440e-8a85-464ecd85c988,23,12,10003.22,4,4,4,444,High Value / Loyal
03f2a802-05bb-40c9-9940-792a34f2599f,32,11,6589.73,4,4,3,443,High Value / Loyal
03f8403f-a26b-4905-b4df-37de3c0d3bc9,180,8,9979.24,2,3,4,234,At Risk
04021ddd-fb55-467b-894d-b50dafffd067,98,17,13912.36,2,4,4,244,At Risk
0407aa64-59bf-4af8-81ee-f40ca8149f68,20,11,4723.02,4,4,3,443,High Value / Loyal
04155118-1276-4756-b096-5b47e809e2c6,332,5,3959.26,1,2,2,122,Low Engagement
0424b1e6-87e7-4e0a-bc2a-c3a1c1d71c10,24,2,202.51,4,1,1,411,New / Promising
044631e7-fe03-437b-a452-8e81742b6177,489,1,784.08,1,1,1,111,Low Engagement
04525c3f-c1a0-45f5-a1ee-5117b2f9c46e,319,4,4243.52,1,2,2,122,Low Engagement
0457e8c4-10bc-4d63-a9e8-4068fe3d50b7,19,9,6109.28,4,3,3,433,High Value / Loyal
04669a59-d523-4a76-a6e5-205705b0c68e,227,9,6090.38,1,3,3,133,At Risk
0466bca6-2ad3-4130-9bb0-2a84d733478f,324,5,2416.75,1,2,2,122,Low Engagement
047d3911-a462-446e-84c5-4bccb48aaf0e,76,20,12796.46,3,4,4,344,High Value / Loyal
049f771c-41a6-4267-9fc7-36e1524f8ed8,95,13,21186.2,2,4,4,244,At Risk
04a20174-b976-417e-b28f-778067f7482d,85,4,956.75,3,2,1,321,New / Promising
04bf60ba-f574-4e1a-9d96-f1b5d81b6080,39,6,2073.61,4,2,2,422,New / Promising
04c1dca6-f9b4-43f0-a999-c2b4a8c8bb4e,184,7,5005.86,1,3,3,133,At Risk
04c36a25-02f3-462c-92b0-6bf291c57706,59,5,1883.76,3,2,1,321,New / Promising
04c628db-9ce1-4c9c-bc42-0c6ce7e9fe28,98,9,5568.08,2,3,3,233,At Risk
04dd8822-3d33-42c9-baf9-0fda8cfccb98,52,11,10463.02,3,4,4,344,High Value / Loyal
04e0f452-f7de-4ff5-8945-c68560f641f5,290,5,5545.9,1,2,3,123,Low Engagement
04faf3f3-ab65-4e46-958c-f543f471d220,72,8,3817.38,3,3,2,332,Low Engagement
050bfaae-79a2-4089-8957-a9b28dfcc968,187,13,12677.65,1,4,4,144,At Risk
051e0e86-c98c-44f4-9839-3e5376368ea8,62,5,7580.75,3,2,3,323,New / Promising
051f8bd9-f40f-4002-9608-d5dd4934f5cc,871,2,1753.13,1,1,1,111,Low Engagement
053d7001-6d80-4511-8327-962387bcc036,382,1,2505.66,1,1,2,112,Low Engagement
05519985-b1b4-460a-8048-249c3bd8b3fd,63,12,8397.28,3,4,4,344,High Value / Loyal
055686c9-1ca7-409d-9e03-e2ade76220f6,243,6,5733.2,1,2,3,123,Low Engagement
0556dd6b-d767-4e5f-9a09-59b641f07a13,81,10,3302.91,3,3,2,332,Low Engagement
0562a518-b735-4357-8ed0-321641880a70,64,5,2614.8,3,2,2,322,New / Promising
057ab396-f3f6-47ff-b467-7ea2602ea158,5,1,452.77,4,1,1,411,New / Promising
059f6e58-c513-47d2-8232-590d942759b5,77,2,287.22,3,1,1,311,New / Promising
05b8cf1c-a224-47a8-b285-c9553acbc645,310,3,382.12,1,1,1,111,Low Engagement
05d5d391-9a49-4ede-9daf-076c2d4c3ed9,497,1,1669.04,1,1,1,111,Low Engagement
05ed2817-19b9-4dba-859b-c78c9e8cf204,294,10,3807.21,1,3,2,132,At Risk
05febe7a-16f6-4ef7-a752-c12006c7357e,260,7,6680.8,1,3,3,133,At Risk
061222f9-8ff4-4ee9-bc67-9caafbe11163,42,9,4298.54,4,3,2,432,Low Engagement
0614f4df-997d-4fad-a96b-bb3442fccab0,461,2,2025.73,1,1,1,111,Low Engagement
06195176-6ce8-4c4a-9cad-a3324109a14a,114,9,5272.36,2,3,3,233,At Risk
06215aac-f558-495e-ab9e-fcb2d3020b6d,413,3,3911.46,1,1,2,112,Low Engagement
0622f6e2-b0c2-4131-bfe3-72064af01742,59,3,4605.81,3,1,3,313,New / Promising
062cab8a-c223-4733-a7a5-2dc2a8e6eef9,81,9,7019.57,3,3,3,333,High Value / Loyal
063ff492-fdf0-482b-b9f0-a8ec37a30156,265,1,883.58,1,1,1,111,Low Engagement
06527b3c-28aa-4496-96d1-b4a5326db643,204,8,3993.37,1,3,2,132,At Risk
06598d0c-f0c0-4507-8bfa-0af4161c5d3e,34,6,10894.78,4,2,4,424,New / Promising
067a1737-5289-4e3c-9180-6594ff2f489e,89,13,10195.93,2,4,4,244,At Risk
068f1b33-d98a-421d-8ce0-70c81f82e64d,70,8,4263.85,3,3,2,332,Low Engagement
06907101-112f-4420-b338-caf728040ab7,28,4,6650.18,4,2,3,423,New / Promising
06a6bb39-cb8c-4884-b1d3-c179db2518d4,41,7,5507.93,4,3,3,433,High Value / Loyal
06bab938-937a-4cc5-ba68-1d8de1b2d4f0,274,8,21820.05,1,3,4,134,At Risk
06df79e7-c0ec-444b-8c4e-33459aba8d9b,14,12,9122.71,4,4,4,444,High Value / Loyal
0709fd3c-d251-486e-8864-4b18dcd01e57,31,6,5837.17,4,2,3,423,New / Promising
070f7e69-8c91-4659-97b5-2bdac0894573,1044,3,1622.54,1,1,1,111,Low Engagement
07177591-431f-4655-9dd0-add2bd6c52fc,132,15,12753.03,2,4,4,244,At Risk
07336d51-5219-4671-b27a-8a651effa887,150,6,5351.59,2,2,3,223,Low Engagement
0733eb93-5068-4a55-82f3-17a77dd504e0,242,1,1456.98,1,1,1,111,Low Engagement
073782a8-d38d-46d7-9307-daa1bdf7b6d5,42,5,2106.23,4,2,2,422,New / Promising
073f617d-fa0a-41bf-8c0b-00e06508f38c,21,7,5043.88,4,3,3,433,High Value / Loyal
07cd804b-d2ad-4251-9687-d3c622629569,208,6,3507.32,1,2,2,122,Low Engagement
07dd112c-7ad6-4797-874b-24373899b7e8,25,1,985.93,4,1,1,411,New / Promising
07e327da-9d79-479c-b3f0-d15111058149,144,5,9396.18,2,2,4,224,Low Engagement
0821d7f0-371c-4b45-b77e-61ed208e4a22,34,3,2489.08,4,1,2,412,New / Promising
0847c29f-1ed3-447b-bf7d-a353a29a151f,194,8,3661.64,1,3,2,132,At Risk
084f8198-0099-4a9b-b740-19db2f208f87,27,9,5949.29,4,3,3,433,High Value / Loyal
085c77ea-a982-4309-985a-28cdbe25b01a,28,10,5597.52,4,3,3,433,High Value / Loyal
085ffa21-6074-4e96-805a-78c32a0c49ec,107,11,11894.82,2,4,4,244,At Risk
0866f178-48e7-4a20-9737-52e6ed941c37,16,3,663.5,4,1,1,411,New / Promising
0874d5de-720b-49bf-904e-1b1800e3e283,180,10,11660.7,2,3,4,234,At Risk
088f92c7-9921-4cb4-954f-8ac33c370220,223,7,4768.34,1,3,3,133,At Risk
08a04415-34c5-4e23-9173-2ee4186d212d,57,9,4096.15,3,3,2,332,Low Engagement
08a7b915-e909-49cb-ab61-da84b8cc78b9,130,4,1258.93,2,2,1,221,Low Engagement
08a833f3-6b99-41a1-8bee-1ad94eb8f12f,196,1,2561.58,1,1,2,112,Low Engagement
08a8b31f-2141-412b-adbf-841b5a8e2dd9,13,15,7061.48,4,4,3,443,High Value / Loyal
08bb9194-0e14-4d79-91c7-f0d04392b143,80,11,10329.31,3,4,4,344,High Value / Loyal
08ccda6f-fcbc-449d-8564-a17012c05e55,95,19,14973.24,2,4,4,244,At Risk
08ce4873-39bf-46d2-ace7-e81cc7e9e205,52,2,1718.24,3,1,1,311,New / Promising
08e0c298-97f7-48b1-82af-07646cbb4af7,82,6,12356.13,3,2,4,324,New / Promising
08efcca1-58a7-48ae-b89d-c3f57aef12c8,32,12,10579.46,4,4,4,444,High Value / Loyal
08f109cf-8fb2-45b7-816e-cf0ec79d1786,91,4,4682.43,2,2,3,223,Low Engagement
091069a9-0f1c-4135-a0ca-a594475abe55,60,4,1911.25,3,2,1,321,New / Promising
091ce6b0-b3fd-4c8a-88c8-42764ab77d0d,203,4,5643.7,1,2,3,123,Low Engagement
09272bed-7460-4b43-84d5-58bf4d9c40e3,342,1,561.21,1,1,1,111,Low Engagement
09336038-48af-4a40-9d70-e502c23f7e08,26,7,145080.34,4,3,4,434,High Value / Loyal
093e0fb4-134e-4f06-8785-f719fedcf47a,5,1,603.96,4,1,1,411,New / Promising
09571a7d-6f2f-476a-9203-ef747c6a4b1e,54,11,6294.51,3,4,3,343,High Value / Loyal
095cff94-0575-482e-bc3a-65a3ebd05cc1,88,4,2456.03,3,2,2,322,New / Promising
096afb4e-4604-4af6-bb4b-4710418f9c8e,32,5,3304.67,4,2,2,422,New / Promising
097aa164-ba29-42f2-93b2-c5a9edb21b3e,193,7,3827.9,1,3,2,132,At Risk
097b3095-ada6-48c8-b222-5f8dfdcc9dfb,38,4,2865.85,4,2,2,422,New / Promising
097f53bc-7ec1-49cd-8ce5-2ce0fd3604c7,66,1,376.68,3,1,1,311,New / Promising
09853055-9dcb-41a7-a808-be14a39b9924,169,6,5241.78,2,2,3,223,Low Engagement
0987520b-52f3-43d5-8fe4-5b139bdb2729,79,11,9972.8,3,4,4,344,High Value / Loyal
09960b2f-f433-43b5-b6a5-8beb6c15ebc2,22,6,4248.73,4,2,2,422,New / Promising
09b3ee64-e71d-4e69-a295-dfe42be8d4b6,27,4,4863.31,4,2,3,423,New / Promising
09b880ee-9a82-4aca-b69f-ae3e3632b52f,427,5,2417.37,1,2,2,122,Low Engagement
09c46c01-06a1-4842-981f-de0c4eff1d6d,111,16,13800.62,2,4,4,244,At Risk
09c8908c-0437-47be-ab2a-6cbd96fa6c53,71,9,5854.96,3,3,3,333,High Value / Loyal
09c9bc06-1c11-4358-a047-ca68e88e5576,632,2,4015.09,1,1,2,112,Low Engagement
09d5c03b-931e-4768-b447-448363e561e7,59,6,2746.1,3,2,2,322,New / Promising
09d7ac90-0cad-4db5-9f4a-c0ce756a7f6a,232,2,1191.34,1,1,1,111,Low Engagement
09fe6772-8782-4160-941c-7080a2c5dc1f,686,1,903.73,1,1,1,111,Low Engagement
0a003e46-41df-433e-a124-8060352f574e,405,6,3034.1,1,2,2,122,Low Engagement
0a121beb-ce35-4e89-92fd-a5170e8d4d61,503,8,6944.79,1,3,3,133,At Risk
0a1ed86c-0735-445e-99ad-d3e1b47c3663,41,7,5255.46,4,3,3,433,High Value / Loyal
0a5382fe-3a4f-4afa-abf2-aab3796d4f3b,60,8,6086.89,3,3,3,333,High Value / Loyal
0a6838c0-5ca1-405a-937b-e90bb31c6a8f,80,5,6081.46,3,2,3,323,New / Promising
0a6a5e41-76b8-4c52-82ec-bb78e87f0fa3,220,1,443.45,1,1,1,111,Low Engagement
0a85bec4-e003-4d1f-be4b-862c6d4119cd,514,4,3001.98,1,2,2,122,Low Engagement
0aa4c176-d959-4620-869c-fc63896cb52c,97,18,15304.29,2,4,4,244,At Risk
0acaaf34-176b-4d82-b49c-64bca386b9bd,353,2,3800.33,1,1,2,112,Low Engagement
0adbe236-1ea2-41ed-b940-db83f68d9c31,153,2,1571.59,2,1,1,211,Low Engagement
0adeaddc-1552-49d3-a2e8-5d2ed771c9c7,239,9,6483.72,1,3,3,133,At Risk
0adf701d-bec4-435c-9840-564e7592b477,106,8,7800.59,2,3,3,233,At Risk
0ae1ee4c-de59-4a04-bb0d-d32397268c34,252,5,1816.94,1,2,1,121,Low Engagement
0aea89fe-f14f-4ff5-b9c7-18c481491582,86,13,8726.67,3,4,4,344,High Value / Loyal
0af171ac-50d0-4ce9-b93e-3e562fc6f299,75,3,2818.08,3,1,2,312,New / Promising
0af61042-4308-4883-b2d4-f68987068349,149,6,6720.07,2,2,3,223,Low Engagement
0b060ef3-e762-4beb-a5e1-1d4c5477c4fc,18,4,1645.23,4,2,1,421,New / Promising
0b1eea95-1c25-430c-b467-75931d76cbfc,71,13,5299.06,3,4,3,343,High Value / Loyal
0b314318-c516-4d14-a246-74a38f596666,66,1,2000.62,3,1,1,311,New / Promising
0b4d8621-9d37-427c-8b86-54f2b398f2c9,23,17,10244.88,4,4,4,444,High Value / Loyal
0b58f20c-2c25-4698-9f37-c0fe2028c7bb,4,4,3226.97,4,2,2,422,New / Promising
0b7558a4-8468-424e-a585-cbdecd02abd9,160,6,3895.35,2,2,2,222,Low Engagement
0b89702d-ee8d-4aa3-99bd-284982f170dc,82,6,5385.04,3,2,3,323,New / Promising
0bb27771-c79a-4cbd-ab1f-207deb622aaf,95,1,117.47,2,1,1,211,Low Engagement
0bba4131-6b3b-43ac-9f49-91947343df5c,326,14,13757.47,1,4,4,144,At Risk
0bbb947b-3cf2-46d5-bc11-f7bc9d1762a7,218,10,11158.62,1,3,4,134,At Risk
0be82b22-4d71-4720-8dc4-a81ec490a35d,54,15,7877.07,3,4,3,343,High Value / Loyal
0bea62bb-8f30-48e6-a8a5-43cbbd950773,332,7,4378.7,1,3,2,132,At Risk
0bf01dab-90ad-44c8-bdb8-221dba054544,49,4,1888.54,4,2,1,421,New / Promising
0bf951aa-d25e-4e9d-b8d7-bf3e84c7f5f5,212,2,338.63,1,1,1,111,Low Engagement
0c38a461-5318-4825-b716-e110dfd67e64,183,2,2055.04,1,1,2,112,Low Engagement
0c42747c-9aed-43b2-bea2-ae12b9ac8049,60,13,7141.37,3,4,3,343,High Value / Loyal
0c45c026-2f55-4f1d-84aa-5954d0c6e0a0,51,7,5701.32,3,3,3,333,High Value / Loyal
0c4a11b8-bff9-4d78-9915-480360e87e6f,69,1,600.9,3,1,1,311,New / Promising
0c52c5b6-b7d8-46bc-93a8-89f0214f9be9,4,9,7046.51,4,3,3,433,High Value / Loyal
0c7e151a-07e1-488b-adb2-b240a00875fd,200,1,83.83,1,1,1,111,Low Engagement
0c8b968d-d539-44da-97ae-81fa3d4465b0,918,6,10498.79,1,2,4,124,Low Engagement
0c95530e-ff02-48b5-abc4-ad8182cbf94e,88,6,4596.59,3,2,3,323,New / Promising
0c99feb6-d560-48bb-9155-d254e107231f,205,11,7345.19,1,4,3,143,At Risk
0ca27bc6-96d0-4bcf-a77f-88ffeef454d1,145,7,3737.61,2,3,2,232,At Risk
0cb1a3c1-55c3-4e1a-976a-a8962af0cc6b,84,14,8000.19,3,4,3,343,High Value / Loyal
0cc4a293-708d-4816-9311-7b5ef2297341,105,3,2444.11,2,1,2,212,Low Engagement
0ccb881e-e043-4067-8902-4e659dafe592,48,2,182.62,4,1,1,411,New / Promising
0ccf4bb1-a6cd-4cd8-a96c-3d79a09d988a,118,12,11270.69,2,4,4,244,At Risk
0cdcbb92-e148-460d-bc54-ae371d115f01,8,14,15290.9,4,4,4,444,High Value / Loyal
0d105c63-fe7b-4501-b727-d832be579e43,68,1,977.54,3,1,1,311,New / Promising
0d28a7e1-ed85-41d3-b939-3f1177039e40,269,7,6440.2,1,3,3,133,At Risk
0d361c90-d785-41d1-a1b3-d7f4b807638b,460,5,2498.26,1,2,2,122,Low Engagement
0d416301-6f4f-4105-9a62-6c0327b0d830,36,7,4578.31,4,3,3,433,High Value / Loyal
0d418bab-5404-40e8-aacd-cb010351f72d,93,4,6254.78,2,2,3,223,Low Engagement
0d4f3f9e-14f2-4d6d-b045-ec011df5d0be,39,6,6175.62,4,2,3,423,New / Promising
0d4ffdbe-badb-4efa-befd-9a1e99bcef09,187,9,7265.98,1,3,3,133,At Risk
0d57d151-f756-4644-9f5a-49645e277c78,18,2,1774.35,4,1,1,411,New / Promising
0d7272dc-272f-4d4f-8bb1-02cb4b1cc863,286,2,2397.76,1,1,2,112,Low Engagement
0d7cc4ee-8af5-401a-9077-6f5ddf3121fd,81,3,2305.38,3,1,2,312,New / Promising
0d81ab41-dba9-42d2-95c5-9ea4863dda01,62,8,6237.25,3,3,3,333,High Value / Loyal
0da38d19-36e6-474e-bcdf-0ba7c2f620b5,222,9,6146.91,1,3,3,133,At Risk
0da8d08e-07d3-4143-a5ac-12723faa31fe,49,15,7836.51,4,4,3,443,High Value / Loyal
0dd72d6e-8c63-4f1d-acb1-dabd78d253fb,71,5,6661.48,3,2,3,323,New / Promising
0dedf903-3162-4c98-be74-f346882a85b7,145,4,3895.29,2,2,2,222,Low Engagement
0df15abc-6fa2-4f6a-943a-3fe3b985f349,103,4,1808.23,2,2,1,221,Low Engagement
0df2b2dd-3e81-455b-bf98-4d338b218d65,41,4,1305.56,4,2,1,421,New / Promising
0dfefae0-e963-489e-8243-8d6242e99d0b,376,8,5955.21,1,3,3,133,At Risk
0e000e5a-26fe-44f9-8a21-143f94a2fb52,275,2,249.26,1,1,1,111,Low Engagement
0e0ab7c8-542d-4f52-aca7-16138c068e52,109,6,8470.57,2,2,4,224,Low Engagement
0e1abb7c-783a-4aad-a50b-7970c9891101,2,5,2251.6,4,2,2,422,New / Promising
0e24a221-e285-4c72-9255-d55c1a45fb3f,81,6,5232.93,3,2,3,323,New / Promising
0e258d45-3f41-45ef-acc9-dc3ad53836c7,228,1,774.51,1,1,1,111,Low Engagement
0e3b8332-b8e9-4531-9de5-3465f9b53a72,211,5,8414.1,1,2,4,124,Low Engagement
0e42abf0-62d2-4a64-897e-d7bae1f5a257,222,12,9912.84,1,4,4,144,At Risk
0e53c6e6-0760-4afe-b9b9-66856265c46b,222,12,7244.47,1,4,3,143,At Risk
0e54514a-dbc2-4f78-9384-b8acf3e10f4c,21,5,2175.17,4,2,2,422,New / Promising
0e568ef8-fe66-41ec-939c-7aa625998eea,31,11,6206.9,4,4,3,443,High Value / Loyal
0e5848b0-aa06-4b6f-b0c5-5d5c4bdeca01,124,6,6372.29,2,2,3,223,Low Engagement
0e5ce99f-c6f4-4db6-b32d-6be498335d86,135,9,5432.49,2,3,3,233,At Risk
0e6d84b9-0979-448e-830c-b80ea52197f3,22,3,2100.07,4,1,2,412,New / Promising
0e708591-093e-4481-ac1d-a5cf1ff82dc0,258,3,1326.78,1,1,1,111,Low Engagement
0e756ed0-4d96-4a3f-87b3-7b5246577999,20,2,913.76,4,1,1,411,New / Promising
0eb913b9-56ba-4f43-90c0-7edc20ae9299,56,7,4026.39,3,3,2,332,Low Engagement
0ebe2c1d-dbed-4c5d-ae74-49fb9f977f24,62,9,14344.63,3,3,4,334,High Value / Loyal
0ec4f5bf-4c75-46c6-8963-82322e16d061,5,1,266.64,4,1,1,411,New / Promising
0ec5e4fe-3ba5-4255-a64e-3d3edc012211,357,2,1478.15,1,1,1,111,Low Engagement
0eca902e-09ee-4b04-9c51-2a45a1746c5a,461,6,3469.96,1,2,2,122,Low Engagement
0f48ff0f-c5d1-4c5f-b1d7-94ab64d97114,213,6,3211.68,1,2,2,122,Low Engagement
0f6014b4-b5de-4065-b7b1-220f0cad9705,88,3,1979.85,3,1,1,311,New / Promising
0f6ae5d0-d00b-41ef-bd6f-8525d7fade3b,43,7,5833.12,4,3,3,433,High Value / Loyal
0f89ecb4-91bc-4e24-b551-79e411156223,60,7,2441.57,3,3,2,332,Low Engagement
0fa345a5-5647-4870-b227-71d3a26713af,39,13,12520.5,4,4,4,444,High Value / Loyal
0fa650eb-a3be-4e4a-aa16-1fb52fd89a10,246,1,1051.28,1,1,1,111,Low Engagement
0fd0fa7d-d0e7-45b8-af18-312ff4cacc4c,36,2,1817.91,4,1,1,411,New / Promising
0fdb2345-6a6c-4b76-8cfa-05978cb297ad,67,4,6069.57,3,2,3,323,New / Promising
0ff479fa-b816-42eb-9420-6d2491f5192c,663,6,3092.92,1,2,2,122,Low Engagement
104b1a33-e04e-4971-b4d0-9b4a1266b153,69,11,7658.37,3,4,3,343,High Value / Loyal
104d4d5b-c2ee-48cf-96b7-57e396c463aa,63,19,8466.13,3,4,4,344,High Value / Loyal
104fc67b-1a09-439b-86f7-0c6ca3f3b7c5,190,8,6399.28,1,3,3,133,At Risk
105ef695-eed6-4545-88ad-9fc831a775a1,272,4,2430.64,1,2,2,122,Low Engagement
106149d3-b134-4a27-ac0f-e8b713adc150,6,7,9246.31,4,3,4,434,High Value / Loyal
10631ebb-030b-48fa-81cb-4cd009e56d5d,86,3,4007.22,3,1,2,312,New / Promising
1066b45b-d15e-4bfc-b0bb-8b8ce474d366,42,10,8338,4,3,4,434,High Value / Loyal
106b91ed-587c-4007-a6c6-aa23d47b7190,116,10,15564.76,2,3,4,234,At Risk
107843d6-64f5-429e-ba60-7169b0b6370c,285,9,8957.68,1,3,4,134,At Risk
10bae142-6d8c-4214-9437-95a68033c81c,132,5,5833.7,2,2,3,223,Low Engagement
10c5b4fc-01c7-4e92-ae09-e50737e50d02,345,6,5586.78,1,2,3,123,Low Engagement
10da1e02-0448-40a3-9412-7f9e1107ca42,67,8,2741,3,3,2,332,Low Engagement
11175d65-35f2-411c-987b-9e7b501fdb25,402,3,2573.79,1,1,2,112,Low Engagement
11197b10-cfa8-474c-8574-decc670ebdf0,190,8,5299.7,1,3,3,133,At Risk
1121945f-9be0-4138-9edc-21bb24ebfece,89,7,8119.56,2,3,4,234,At Risk
112cacd4-442f-4a9a-9305-a40525c3f9a4,154,1,828.17,2,1,1,211,Low Engagement
1151a8bd-1491-418d-87a1-db2cc6d7b1d5,207,10,3559.51,1,3,2,132,At Risk
11580705-3f2c-4117-9e15-85661d86c09f,104,9,10067.2,2,3,4,234,At Risk
1168aea7-6eeb-4534-86cb-1ec301b645f7,190,10,8634.27,1,3,4,134,At Risk
116f1f4b-ccf1-46cd-bcab-a503621d8982,125,8,3599.49,2,3,2,232,At Risk
119464a0-ca76-4f2d-b452-5e4127bd0363,152,1,110.32,2,1,1,211,Low Engagement
119ca027-423c-4090-be92-1e8a5f68c0d2,177,8,3264.31,2,3,2,232,At Risk
11a56be2-f563-4f48-b7d8-4632f9b3c787,660,10,11997.81,1,3,4,134,At Risk
11b8f18e-546e-415f-8b5c-91b6edf906c9,69,6,6437.16,3,2,3,323,New / Promising
11bb82a4-afd5-4c9f-8333-dabeeed1966b,207,10,5971.45,1,3,3,133,At Risk
11e505aa-4f81-4de8-aecb-f9536421d48d,18,11,7427.17,4,4,3,443,High Value / Loyal
11ff3ac6-8ffd-4ff7-99ce-66a3d13a68d9,68,2,887.03,3,1,1,311,New / Promising
12088943-311a-4c4a-9f9d-74eb6c287bbb,11,4,4636.65,4,2,3,423,New / Promising
120a2293-3ade-48a3-b97c-96f5768b45f8,265,5,7462.99,1,2,3,123,Low Engagement
120d232b-79a5-4c29-a4f1-ea5dd79ddfa0,157,11,21110.94,2,4,4,244,At Risk
12365d28-58ed-466a-96e8-4659258db1e5,66,19,7574.44,3,4,3,343,High Value / Loyal
127645be-f37e-4490-bb90-9415be47f765,89,9,9666.16,2,3,4,234,At Risk
1280bddb-d9ed-4dcc-be80-b9ac3f2d28aa,165,3,2687.22,2,1,2,212,Low Engagement
129888fc-efbc-4f2b-9f32-5937c56e3e2d,73,10,13809.98,3,3,4,334,High Value / Loyal
12a21fe6-b11c-4b4e-b784-39cada589ed0,106,8,4736.89,2,3,3,233,At Risk
12ab0737-a775-4a41-8870-81ce6e8eea1b,22,7,6328.56,4,3,3,433,High Value / Loyal
12b17095-9f7d-4427-af1f-a9bd333f38d5,187,11,9640.06,1,4,4,144,At Risk
12b225bc-7f4a-44be-a051-8a63d6ce439b,230,1,94.88,1,1,1,111,Low Engagement
12e15c02-02e1-4c65-a63c-9a4332868665,479,1,99.75,1,1,1,111,Low Engagement
130c90d5-e824-404e-b3cd-9daf9337c901,28,3,964.24,4,1,1,411,New / Promising
130cbb7a-c1d7-491d-af96-22cf86a38ea9,8,5,6444.71,4,2,3,423,New / Promising
1313ed7a-492f-47a6-8000-1cadf57d617f,98,2,4030.1,2,1,2,212,Low Engagement
1314d51f-c6fc-4302-82b8-28f8fb36f1e8,5,8,25427,4,3,4,434,High Value / Loyal
1318ce1f-2d44-42be-9733-a70c4c9b9250,80,3,1008.98,3,1,1,311,New / Promising
13262939-2725-4d41-a862-d32dffcc8eee,210,13,4831.02,1,4,3,143,At Risk
1337a878-6e6c-4c50-8064-ac5b2c9b70cd,59,14,8256.09,3,4,4,344,High Value / Loyal
1339344c-573a-472d-b96c-a7c24b06b7ec,76,5,8628.53,3,2,4,324,New / Promising
13563b15-892a-43b4-be38-67be79fd2c63,64,4,3208.54,3,2,2,322,New / Promising
13ab778a-f8ca-4880-b26e-6bdab8e6fe56,166,2,270.86,2,1,1,211,Low Engagement
13c22292-70d4-46e5-a0c1-0d21c0a244f4,3,10,8885.89,4,3,4,434,High Value / Loyal
13ced896-8469-4717-9e81-6db9632d1bd9,152,6,5168.24,2,2,3,223,Low Engagement
13d492aa-ddde-44a4-8744-f6fb110c88ad,48,12,16063.19,4,4,4,444,High Value / Loyal
14216d9e-a312-46e8-8084-e674d8c91c84,33,10,6481.89,4,3,3,433,High Value / Loyal
1447c94e-ed2a-4b45-ba05-ced3d3cfcfee,327,2,1565.1,1,1,1,111,Low Engagement
14489109-28b2-4ba1-98ab-5a5444910a93,23,1,1034.55,4,1,1,411,New / Promising
1464f67e-7eb4-45da-9e35-e01a2c4e2a9f,58,5,6574.74,3,2,3,323,New / Promising
146d86f1-5487-4bb2-baad-f78ace506f34,147,5,4180.9,2,2,2,222,Low Engagement
147805ea-225a-4474-b612-8dfc253a7a45,208,4,2842.82,1,2,2,122,Low Engagement
147e231d-ea63-4214-a805-484d0f497e5c,84,7,21893.94,3,3,4,334,High Value / Loyal
14afcea0-74a3-4e60-9756-baaf5776b2a7,155,2,758.97,2,1,1,211,Low Engagement
14b259d0-5491-492b-bfed-2a2baf4e98b1,6,1,298.38,4,1,1,411,New / Promising
14bda827-30e4-40ce-a671-825a29a2a7de,32,6,4532.77,4,2,2,422,New / Promising
14c69fe5-d344-440a-877a-8c17c3ba847c,62,10,6943.82,3,3,3,333,High Value / Loyal
14d3df93-43f9-4cb3-aee2-cb6f73309f5c,112,8,13880.3,2,3,4,234,At Risk
14db5271-f6a6-48ac-88a6-9c099765771b,35,4,793.25,4,2,1,421,New / Promising
14db799a-0222-4864-9c0f-876c22ee70dd,17,8,5667.61,4,3,3,433,High Value / Loyal
14ef2095-08fb-4cb7-9ac4-ea889579dc7e,98,3,1610.58,2,1,1,211,Low Engagement
14fba769-33dc-4a70-8525-f09d6c119bcf,164,3,473.23,2,1,1,211,Low Engagement
14fe04e5-1bb2-4eb2-8223-7b6a08ff991a,35,13,16128.41,4,4,4,444,High Value / Loyal
1500a9c3-ac84-4fb5-aa53-a0d36f7ca1d8,7,9,5557.22,4,3,3,433,High Value / Loyal
150258d5-e4e1-4d28-b492-cad254c191c8,77,13,8728.51,3,4,4,344,High Value / Loyal
1509e5ae-9909-4c04-948c-d09445418075,6,6,3689.08,4,2,2,422,New / Promising
152001b1-1c33-4a86-93ae-c42e44a81941,2,7,6528.45,4,3,3,433,High Value / Loyal
152244a4-a206-47e1-b850-3cef7b8666f1,86,8,3605.51,3,3,2,332,Low Engagement
152fcd0a-5247-43e2-a907-28c6daf11148,62,5,2212.87,3,2,2,322,New / Promising
153106c2-92f6-4a20-9cd2-37da04e7a40b,189,11,9033.01,1,4,4,144,At Risk
153a2561-5de1-4d9d-a820-78e5a84ddecb,42,6,2747.91,4,2,2,422,New / Promising
1541cabd-89ed-4c17-a057-7b64918904ab,0,8,8488.7,4,3,4,434,High Value / Loyal
155d49ea-1c40-4fa8-bfb9-29914aeaeb85,18,5,1768,4,2,1,421,New / Promising
156b1949-7c6c-4a8d-99d2-3a59ddf6b274,663,4,3442.66,1,2,2,122,Low Engagement
15801ba3-58db-4f9b-8302-a7fc9f6dbfbb,89,7,5587.94,2,3,3,233,At Risk
1580c83f-3afc-4195-b4ae-923acac7e5ef,160,31,21816.44,2,4,4,244,At Risk
15814858-d147-4a17-a313-ffdb28f94009,120,3,1911.23,2,1,1,211,Low Engagement
159030a8-5ccd-4937-83ad-3512876e81cb,52,4,2505.19,3,2,2,322,New / Promising
159d24c8-9135-4e45-98c7-f29267fa1733,724,9,4481.73,1,3,2,132,At Risk
15a3337d-1dc9-42e9-8067-6f14d9a827fb,107,4,1826.86,2,2,1,221,Low Engagement
15b02ba9-e986-41a1-a355-308e880e557f,1,10,10651.4,4,3,4,434,High Value / Loyal
15b2bcae-11b5-4aca-8e6e-e61fb0af0670,30,2,469.42,4,1,1,411,New / Promising
15b4cd65-eb84-4e1f-bc25-3ad11bbe2c54,80,2,1932.81,3,1,1,311,New / Promising
15df77fb-1af8-4e71-8c4b-a2a7afd3653c,5,8,10075.25,4,3,4,434,High Value / Loyal
161e8846-e3f1-421b-81b6-d1afb3178f47,57,10,10648.41,3,3,4,334,High Value / Loyal
16206b00-7b37-441e-97cd-79b414ec8bea,61,10,7398.36,3,3,3,333,High Value / Loyal
162e4875-6948-4845-84b5-e077f3a374f0,15,8,5942.52,4,3,3,433,High Value / Loyal
1636ae91-c1e8-46a6-a8f5-44c91321fa55,90,11,10875.32,2,4,4,244,At Risk
164497f0-2475-46d8-be36-0d5924c01be9,137,8,6126.79,2,3,3,233,At Risk
167836c6-534e-4a8f-83ac-3d6ef6e3da05,4,2,748.08,4,1,1,411,New / Promising
1679abe7-3eb9-41ad-8079-12c9c57dfee0,119,14,11301.64,2,4,4,244,At Risk
168552b2-4eb6-4ba4-b1ce-bb302afeac78,236,2,829.31,1,1,1,111,Low Engagement
1686a5ac-052e-4d9c-b8b9-c7bf392ff5bb,944,2,455.58,1,1,1,111,Low Engagement
1692541a-a725-4813-b861-c4abb80d14f4,54,6,4435.07,3,2,2,322,New / Promising
16c74590-57ce-46f7-91da-cdee3f0eb745,20,4,3083.69,4,2,2,422,New / Promising
16cf8220-e0ae-4506-ab04-7bf7d8bd9eb6,92,7,4574.11,2,3,3,233,At Risk
16d5958f-618d-4ae1-8a07-d9174baf5a76,40,4,1506.1,4,2,1,421,New / Promising
16d9c305-d2bf-4ea2-a8b7-98c15f6ed07e,55,17,22937.92,3,4,4,344,High Value / Loyal
16e00e97-bc43-428d-95da-6845831063e4,36,15,11149.21,4,4,4,444,High Value / Loyal
16eaf195-e132-4c0b-89f4-634aa2707a00,204,1,2498.37,1,1,2,112,Low Engagement
16f431bc-cebe-4f8e-b885-fda52a44555f,30,4,2042.14,4,2,1,421,New / Promising
16fd60dd-859d-44ee-aacc-5f75af509cda,147,2,1367.98,2,1,1,211,Low Engagement
170decce-e4ed-4c7e-a973-e0064ae2afa4,429,1,3026.58,1,1,2,112,Low Engagement
17232f32-5111-4009-9a35-b254440ad42d,249,7,4494.56,1,3,2,132,At Risk
17332f49-295e-4d37-9e56-24187f2cc601,1,4,2442.85,4,2,2,422,New / Promising
1733d07e-627a-40ed-87a0-3559bdeb9f2d,130,5,2570.53,2,2,2,222,Low Engagement
1741f124-3a60-4087-9ace-d4b8962d25ba,435,4,5412.48,1,2,3,123,Low Engagement
1742bf50-cba9-48f9-a89c-d490c8c3fb51,93,11,9731.36,2,4,4,244,At Risk
175b576f-ab39-4cd7-8253-57a811d22358,234,14,6958.72,1,4,3,143,At Risk
175bd71d-cd7a-486a-a442-08e8b8ba0b6e,334,1,25.14,1,1,1,111,Low Engagement
1765889e-951c-40cf-9cc1-5789b02a3053,2,8,7499.13,4,3,3,433,High Value / Loyal
176a7048-448b-426f-b3e5-8e4bfd961f74,647,3,3424.73,1,1,2,112,Low Engagement
176b3b17-d3eb-47fb-b879-e4dedfbe84ef,40,5,4214.44,4,2,2,422,New / Promising
176e11d0-4e82-4e8a-b4a7-c2970d10da41,265,9,33903.77,1,3,4,134,At Risk
17810a7c-d9c6-4490-90b5-a959d58fd961,75,7,5031.95,3,3,3,333,High Value / Loyal
179b3cdb-e482-4d9d-8544-960508d4123f,45,5,6771.32,4,2,3,423,New / Promising
17a77b51-51fb-4a1a-8514-d869c2714cc5,29,19,15734.23,4,4,4,444,High Value / Loyal
17baa91e-ebd9-404e-8412-9192b3fad7b3,65,9,4015.88,3,3,2,332,Low Engagement
17c2193e-1c9d-46bf-854d-982b3454718e,240,9,3995.4,1,3,2,132,At Risk
17c661f2-b9bd-47f6-899d-4c7083e0eb23,55,6,5919.71,3,2,3,323,New / Promising
17cab209-740e-4a0b-a1b0-c4c8ac9ee4ab,193,10,4355.1,1,3,2,132,At Risk
17e86647-5c8a-4a2a-a326-da17513f4cc3,253,9,9050.23,1,3,4,134,At Risk
17ebea97-93bf-45ad-a2ab-856a37e354c0,46,5,3378.08,4,2,2,422,New / Promising
17f9bd35-273e-4a09-b727-b43c466da58c,160,12,13026.28,2,4,4,244,At Risk
181c43d0-3a1e-4a6e-8a35-651c44ebc4db,86,18,14817.16,3,4,4,344,High Value / Loyal
18253c5b-a7fd-45c5-8c30-01b4d4591a16,19,5,2652.11,4,2,2,422,New / Promising
1833cea7-58d8-4a97-966e-9130a4e9e78e,63,2,2538.94,3,1,2,312,New / Promising
1833ef71-a51e-44ac-90d6-e1ddc03ab1ae,12,7,7456.52,4,3,3,433,High Value / Loyal
1845bc6f-c363-4321-9543-80493dbe0429,180,9,6015.14,2,3,3,233,At Risk
1853631c-7e73-49c9-bcd1-400842c7a085,197,10,7974.75,1,3,3,133,At Risk
185f50b0-5496-453e-89a0-1c40a8e53b17,113,6,4301.31,2,2,2,222,Low Engagement
18603f49-dcd8-40e7-a3fe-11752ed67164,507,4,7044.65,1,2,3,123,Low Engagement
186c1389-6dd4-4174-a1f9-c70ac3b10a1b,132,10,8133.39,2,3,4,234,At Risk
18844907-0037-49fb-9f31-4e14ed1f7dbf,37,8,3330.77,4,3,2,432,Low Engagement
18abd3dd-e678-4ed2-832a-b6e1ec9a6d9f,16,1,1369.22,4,1,1,411,New / Promising
18b7d079-ab84-4da4-8791-f6a4884d6a0d,70,11,8666.62,3,4,4,344,High Value / Loyal
18c519e9-14bf-4c18-b9b3-b192b36c1bec,168,10,10528.28,2,3,4,234,At Risk
18ce4e8a-1485-4a42-8552-fbcd99a5f0cd,60,8,4425.24,3,3,2,332,Low Engagement
18d9d0e7-dc21-4104-aae1-4d9ae258d4f4,101,14,10643.3,2,4,4,244,At Risk
18f2944c-9422-4090-a387-73c335528487,8,8,6661.51,4,3,3,433,High Value / Loyal
18f6afb3-716e-4935-8253-f3632c6efbad,360,8,5971.62,1,3,3,133,At Risk
19005ffc-d917-49fd-a425-b0376f35eb73,160,12,7321.89,2,4,3,243,At Risk
19289409-3bc6-4d54-88a4-4dd66eeab421,113,14,10020.97,2,4,4,244,At Risk
192d03d0-eb54-4699-b878-fe8216437b7f,262,3,1624.06,1,1,1,111,Low Engagement
19439ccb-e099-438c-a8ac-06e465932c10,432,5,4300.68,1,2,2,122,Low Engagement
1943f328-aebc-4ee1-a7bc-8e36c55ae1e8,426,8,6900.69,1,3,3,133,At Risk
19459269-3de1-4271-8c5e-c0b7b54699b8,77,3,1658.09,3,1,1,311,New / Promising
19694dc5-ed31-4ed2-a9c5-6440a19d9ecb,78,3,2868.43,3,1,2,312,New / Promising
1981cb6d-bcf5-4226-a53f-4ed5a591af63,59,8,4865.88,3,3,3,333,High Value / Loyal
1996dfdd-858a-406a-93fc-ef7217ab8dbe,14,6,16365.45,4,2,4,424,New / Promising
19a04f49-69d3-423a-8e4b-a574feca6157,57,5,5136.21,3,2,3,323,New / Promising
19acd56f-b4eb-4f07-bcc0-bfd141d0e2ab,67,11,14503.95,3,4,4,344,High Value / Loyal
19b2fad9-998c-449b-83d0-0630f3287edd,41,1,961.41,4,1,1,411,New / Promising
19b3d783-7298-4edf-9262-0722585afeff,101,9,6765.77,2,3,3,233,At Risk
19bd454b-b969-4c36-a678-675297cad66d,278,6,5274.62,1,2,3,123,Low Engagement
19eafb6d-6614-4e0f-b508-7829e8a78e80,56,1,128.78,3,1,1,311,New / Promising
19feb318-3c62-47ca-ad96-8ea35b8b5d1e,253,3,1364.19,1,1,1,111,Low Engagement
1a1f0013-8ebd-447b-9fb2-fff09514f781,290,14,18214.03,1,4,4,144,At Risk
1a283eac-c55d-4faf-98bc-6fc901917667,59,7,5694.84,3,3,3,333,High Value / Loyal
1a390787-cdfe-4906-a449-5a91497df2c1,39,4,10218.68,4,2,4,424,New / Promising
1a534992-d461-4e4f-8dac-7c71eebbd1db,76,11,5365.11,3,4,3,343,High Value / Loyal
1a754d15-3e97-46ab-b28b-699a56e53764,66,16,10954.96,3,4,4,344,High Value / Loyal
1a7ce662-0ad1-482d-b61c-ade54c9a47b9,165,7,5038,2,3,3,233,At Risk
1a88ea18-4b1c-49cb-b487-c47345bd4ab3,9,9,5680.28,4,3,3,433,High Value / Loyal
1aa94d8d-a4ef-4215-a1e3-3fc8f8071c0a,60,6,2570.12,3,2,2,322,New / Promising
1aae3505-17e6-4a7d-aaa6-637822eda4ea,298,8,1197.99,1,3,1,131,At Risk
1aaea630-e2a1-46b3-afd0-2f110198b579,14,7,4572.36,4,3,3,433,High Value / Loyal
1ab050ed-cca9-475c-9917-de0a60c97f33,175,7,5388.6,2,3,3,233,At Risk
1ac1b206-cde7-46ab-8e6b-35fcb5d237dd,217,6,5074.91,1,2,3,123,Low Engagement
1ac4842f-90bf-405c-9c8b-5917d21edbbd,215,1,64.17,1,1,1,111,Low Engagement
1ad0c8f7-df9f-4861-a654-8bea16c6b79f,9,1,1076.82,4,1,1,411,New / Promising
1ad15cc7-82e2-4255-992d-f74dda4895ca,65,6,3761.15,3,2,2,322,New / Promising
1ae25a6d-9b2f-41e8-81e9-409f63c7df3d,61,6,6383.53,3,2,3,323,New / Promising
1af3b6ca-09bb-406c-b4c8-f10135c8e40b,381,4,1936.88,1,2,1,121,Low Engagement
1af6bc5b-8f97-4b69-bbb6-a8021b49b277,12,2,674.61,4,1,1,411,New / Promising
1b0d15bb-73ad-484e-bc16-5ffe28940af2,21,9,4494.34,4,3,2,432,Low Engagement
1b1672d9-f157-4cf8-8c77-04c1f67cc565,87,8,4775.24,3,3,3,333,High Value / Loyal
1b194bc2-2033-4e79-912c-91e3fd9d02cc,558,11,8298.7,1,4,4,144,At Risk
1b2215b4-1df2-453c-b5c1-3b9934f9f2c4,140,5,3299.92,2,2,2,222,Low Engagement
1b33de5f-7951-42e4-8eac-1f593b026ad1,1043,5,4005.1,1,2,2,122,Low Engagement
1b3fc346-7a78-4c42-a271-c4eb415a9987,173,10,8367.47,2,3,4,234,At Risk
1b51511e-d723-49c1-bf51-0b47d1553206,213,7,3620.93,1,3,2,132,At Risk
1b57a980-27c9-46fd-8c60-84a05c389587,110,10,6224.24,2,3,3,233,At Risk
1b730fa3-64a9-4175-9279-37523065ce87,192,8,6670.96,1,3,3,133,At Risk
1b73eb41-b1fa-4cd3-93cd-81d785a0b6a9,10,1,97.65,4,1,1,411,New / Promising
1b7daed4-aaa6-41b1-9826-0d51d67614e3,192,10,7004.43,1,3,3,133,At Risk
1b8b1c02-2655-436c-a054-45e4d0f70372,334,10,9552.29,1,3,4,134,At Risk
1b9a5609-d76a-495d-bd60-d0153a510a31,44,10,8058.81,4,3,4,434,High Value / Loyal
1ba2f771-2af1-4124-8d95-41a2ec01391a,103,8,20719.18,2,3,4,234,At Risk
1bbf4135-9191-4c69-8a08-42a5003e9297,160,11,10579.91,2,4,4,244,At Risk
1bc6bbfd-09cf-4d31-9006-3c745a3977b0,0,20,13217.88,4,4,4,444,High Value / Loyal
1bd4cadb-a32c-416c-8be1-53d01c0e5d07,73,7,9336.32,3,3,4,334,High Value / Loyal
1bd9a75c-25c7-436a-9662-8704128fa226,86,11,26171.18,3,4,4,344,High Value / Loyal
1be1226f-e85d-46e4-b66a-9bd01de8439c,56,10,6889.2,3,3,3,333,High Value / Loyal
1be8241e-bc8a-4937-9d26-3a4585c989a2,168,3,2372.36,2,1,2,212,Low Engagement
1bf1030c-2877-4a5c-91fb-a4742c8e6799,136,1,420.06,2,1,1,211,Low Engagement
1bf60267-eb3b-4acd-8123-b55d20f3ae7b,284,3,2183.01,1,1,2,112,Low Engagement
1c04c70f-a3de-4d82-83fc-1a50d0257c4f,52,11,12683.73,3,4,4,344,High Value / Loyal
1c1c74c5-68ef-4cde-afaf-8513da3c79ef,61,12,11063.87,3,4,4,344,High Value / Loyal
1c2937ad-6f10-4442-a8e5-7af74c50c22b,35,4,10143.35,4,2,4,424,New / Promising
1c2b2926-d942-4402-b0e9-26a25e517dcd,99,5,2345.27,2,2,2,222,Low Engagement
1c36a91c-0000-4548-b267-3572d6407757,31,14,12310.21,4,4,4,444,High Value / Loyal
1c525a65-3ed3-4860-9043-042b60e70639,52,8,3741.85,3,3,2,332,Low Engagement
1c5a095f-8fc6-4d53-9478-f369d0e057e6,72,5,7356.37,3,2,3,323,New / Promising
1c6ff405-4038-409b-bdc3-2b32409f537c,149,7,8191.74,2,3,4,234,At Risk
1c78cdb8-7be4-402f-b655-2342b84c4dd2,16,3,2499.84,4,1,2,412,New / Promising
1c949b64-4d37-4985-9e90-871a3bd0d8b7,95,9,8746.28,2,3,4,234,At Risk
1c9d44a6-b09a-43cf-b059-b8329cf60a34,797,1,494.98,1,1,1,111,Low Engagement
1c9e9c4e-c693-42dc-9800-24799f7256be,6,4,1363.08,4,2,1,421,New / Promising
1cb39da3-8eb8-4cc5-bf8d-d22dffb74d29,226,5,4631.71,1,2,3,123,Low Engagement
1cd2e728-a8dc-4b95-bd96-87ce2ebeddf4,219,9,10343.91,1,3,4,134,At Risk
1cdbc275-2e2e-4238-8e7e-4d4169116fda,65,9,8930.27,3,3,4,334,High Value / Loyal
1cdd500e-f44f-472a-8cf6-762e405dda5d,216,11,10016.42,1,4,4,144,At Risk
1ce015db-5db2-42e3-a46b-b2193c96e4f2,106,2,926.38,2,1,1,211,Low Engagement
1cfea0fd-db75-4838-ae5e-2247cf6eb94c,61,4,1762.41,3,2,1,321,New / Promising
1d18938f-843d-4978-994b-ee99b27a5984,84,3,1291.74,3,1,1,311,New / Promising
1d3f9cfc-b11b-4f84-849c-dc954fbf1707,7,2,2179.72,4,1,2,412,New / Promising
1d5f7dcf-3e62-4281-86b2-ddf0b5dfc406,494,3,5970.78,1,1,3,113,Low Engagement
1d605578-3a44-4102-91e1-fa6ff7da781d,63,4,3242.97,3,2,2,322,New / Promising
1d719c7c-ab3a-43c5-bee1-063e72af5216,119,7,2487.5,2,3,2,232,At Risk
1d8bf38d-4b3c-4670-9d7a-0e33824a446e,83,6,3005.66,3,2,2,322,New / Promising
1d927e27-fe18-4790-a047-55d560d786f6,50,3,323.82,3,1,1,311,New / Promising
1d98000f-32b4-4c13-9d7b-48efc85dd1d3,34,10,11956.18,4,3,4,434,High Value / Loyal
1da042ed-6054-47e2-819d-35a5de7f7809,64,1,856.83,3,1,1,311,New / Promising
1da6858f-5853-450c-8b02-9523f49a122f,957,6,5573.5,1,2,3,123,Low Engagement
1da7d2e2-192a-4dab-9f5e-0c2e71b894d5,76,10,4868.04,3,3,3,333,High Value / Loyal
1db3980a-6d9e-4684-9415-1ec28e0e5173,188,11,18182.3,1,4,4,144,At Risk
1dc63f84-bdc2-4693-995a-8b7580e73840,183,2,1399.19,1,1,1,111,Low Engagement
1dcbe05f-d6ab-427e-aed2-a73420327862,2,5,3651.66,4,2,2,422,New / Promising
1dcc1a37-2612-42a4-8398-7f3bcf103466,19,1,383.26,4,1,1,411,New / Promising
1de5ab66-7ac4-48e0-be92-100478625771,268,9,7281.49,1,3,3,133,At Risk
1deb9a7c-b674-4b3c-8e37-1ff0b439e0a1,253,1,10734.15,1,1,4,114,Low Engagement
1debabbd-76a9-401c-bb44-490e8eb7e00f,87,11,7824.15,3,4,3,343,High Value / Loyal
1df193c0-020b-48f5-b64b-5de4127a42dc,16,17,12515.02,4,4,4,444,High Value / Loyal
1e087440-948c-4b88-a129-564cef585be0,217,11,50335.25,1,4,4,144,At Risk
1e36f21e-f89a-441f-94c6-18a1c75d66c6,30,10,3384.72,4,3,2,432,Low Engagement
1e5da653-be33-4961-9df8-abd2fd7a7040,85,1,1547.66,3,1,1,311,New / Promising
1e69cf63-62c4-440d-ab5b-5f82cae0d1d5,0,15,17425.3,4,4,4,444,High Value / Loyal
1e6a3677-9698-4f3b-a739-6072e4c8c723,354,2,1235.95,1,1,1,111,Low Engagement
1e7dbecf-4f96-4164-b0ff-edcdfa4a4357,200,11,13700.62,1,4,4,144,At Risk
1e822abc-9621-4ff1-95bf-a65d0908c9c7,214,1,642.12,1,1,1,111,Low Engagement
1e9a83f9-fea1-42e5-a441-821c7b8d7e92,56,10,5629.47,3,3,3,333,High Value / Loyal
1ea104fa-ed11-404b-b3a7-329f4f8a8905,550,4,10789.9,1,2,4,124,Low Engagement
1eafdc39-5904-4077-ace6-51fc95c89632,89,8,3123.78,2,3,2,232,At Risk
1eb67d75-babd-4152-bbf4-d9af031a7bec,209,5,1760.93,1,2,1,121,Low Engagement
1eba0de6-7b89-4443-a5b6-5eeefed206af,114,2,1647.85,2,1,1,211,Low Engagement
1ec0c104-1584-49e9-8e87-0a6357979ff6,215,2,295.16,1,1,1,111,Low Engagement
1ec1e329-0053-4b97-9a99-570aefa09275,333,4,39169.52,1,2,4,124,Low Engagement
1ecb0548-9e33-49f6-a896-dd242340f577,177,2,2191.27,2,1,2,212,Low Engagement
1eced00b-ffc1-4ef9-967b-e5c97473bf16,91,1,1689.74,2,1,1,211,Low Engagement
1ecee3f6-dc58-45c6-a6f4-b4ff10434671,72,9,11233.13,3,3,4,334,High Value / Loyal
1ed13513-970c-4d9c-89fd-3811baefe015,90,3,2999.6,2,1,2,212,Low Engagement
1ed15c9b-913a-47cf-8a85-b70c45f1ad85,71,9,5343.48,3,3,3,333,High Value / Loyal
1f18dbd6-e628-45fb-8c35-76549b175d7e,90,3,3037.6,2,1,2,212,Low Engagement
1f2924ad-4d40-4102-971c-20cf00961abb,36,4,3218.6,4,2,2,422,New / Promising
1f2ffd59-e04c-4621-8a3e-b4b59608a7af,584,1,1035.98,1,1,1,111,Low Engagement
1f302e48-eefc-49ac-bc4c-4d97ad11df73,94,2,2464.83,2,1,2,212,Low Engagement
1f382c98-bfdf-479e-83f9-dab9c34646e1,82,2,2105.46,3,1,2,312,New / Promising
1f49bb77-4463-4f2e-89cb-86c6a94c0228,9,7,6773.99,4,3,3,433,High Value / Loyal
1f624029-3268-41b5-9be1-4af81b4507c4,61,3,768.17,3,1,1,311,New / Promising
1f67a391-4bfb-45a6-a546-e307aa1821ac,20,11,7440.28,4,4,3,443,High Value / Loyal
1f7725bf-f2f5-4400-85c1-ee1f5eedb1ca,184,11,8818.41,1,4,4,144,At Risk
1f785430-4b54-4668-99a8-6b9f257bc1a6,103,12,4673.29,2,4,3,243,At Risk
1f811234-61bd-4154-8237-62e8553ba894,138,10,5102.69,2,3,3,233,At Risk
1f84521c-bb76-4336-bff9-73a1ab09f21a,88,16,9463,3,4,4,344,High Value / Loyal
1fae4082-4fc3-48a0-8615-39c55151d59a,262,1,1899.46,1,1,1,111,Low Engagement
1faeb245-79b0-4fa6-a7a0-7ff0d313d800,61,4,1361.04,3,2,1,321,New / Promising
1fbeb7c0-d9b6-48a7-ae28-1f3cfc6d3fe9,17,16,16606.91,4,4,4,444,High Value / Loyal
1fc00844-8318-4ab3-8e38-6ce0708ae84d,733,2,1251.16,1,1,1,111,Low Engagement
1fc03a9e-7f0f-4633-a41b-894018baf4f3,99,3,2433.76,2,1,2,212,Low Engagement
1fcad74e-2c52-45f0-af8e-125ec1324a73,60,12,7378.25,3,4,3,343,High Value / Loyal
1fd348c7-d216-403f-80bd-df26cd824f71,105,2,3144.02,2,1,2,212,Low Engagement
1fd70659-4f3e-40bc-a9ec-d5e04d6d3fc6,146,5,9512.53,2,2,4,224,Low Engagement
1ff7aef4-b349-47c8-91bb-984d32afc266,119,11,9926.21,2,4,4,244,At Risk
1ff9dcdf-d0f2-49dc-a841-6fce87ccca46,321,12,8800.03,1,4,4,144,At Risk
200cb94f-cd9e-45a5-ba52-fa3201c88756,30,11,10139.76,4,4,4,444,High Value / Loyal
20208a49-b8ac-4e83-8897-da6782cc8a14,64,6,18774.45,3,2,4,324,New / Promising
204d5e8f-87b9-46aa-a4b5-0d6f1126e82a,180,1,365.52,2,1,1,211,Low Engagement
206fd86a-bf78-4ac4-bacd-1c6272522aa2,65,6,3764.13,3,2,2,322,New / Promising
207fd374-ca84-41b7-b811-3db9c24f0100,426,3,1744.88,1,1,1,111,Low Engagement
20a2c32e-4387-4fa9-b44e-42413369b094,62,10,7056.78,3,3,3,333,High Value / Loyal
20b6f8d5-87a5-4dda-8bad-08ba11f6a44d,61,11,12695.81,3,4,4,344,High Value / Loyal
20b8b390-06f6-4558-9641-9d87ca9de14c,3,6,4129.94,4,2,2,422,New / Promising
20b9d971-37a9-4229-9407-7af9d5b6ae4c,90,4,2470.04,2,2,2,222,Low Engagement
20bce9a2-f952-42ad-ba12-05a43bbe8870,142,11,6197.09,2,4,3,243,At Risk
20ca31de-06d9-480d-9eba-4909445c8239,35,7,4880.3,4,3,3,433,High Value / Loyal
20d04cfc-6599-40d5-baf6-dd31567febef,114,1,354.34,2,1,1,211,Low Engagement
20d4651a-cd4b-4504-9691-8f008407736f,215,3,1785.23,1,1,1,111,Low Engagement
20e84f2d-a54f-4021-8708-ea24ff8cb8a4,181,3,5125.71,1,1,3,113,Low Engagement
20f72b9f-63ca-4f0f-85af-5c98f8b0db13,18,7,4967.92,4,3,3,433,High Value / Loyal
21113a56-4fc8-48c7-b3a2-8ed3162f45ba,62,6,5806.8,3,2,3,323,New / Promising
21297ef1-181c-4987-b731-922028e1a8b4,84,7,5113.31,3,3,3,333,High Value / Loyal
2129cdce-7aee-4d57-8e8d-7e9683062ead,467,6,8549.19,1,2,4,124,Low Engagement
213010fa-2232-4a15-b167-e8223990bb8c,42,18,17437.78,4,4,4,444,High Value / Loyal
21455a7f-8e55-481b-9481-3452b26dc0a2,113,5,5377.25,2,2,3,223,Low Engagement
214cfd6d-e5ac-4db4-9e1f-cd692e2ccba6,7,3,13618.53,4,1,4,414,New / Promising
215d85b4-8e4c-4bf6-8933-76d640ab7497,199,8,8549.27,1,3,4,134,At Risk
216deaaf-3b53-411d-8c10-cd3725252394,74,15,16153.62,3,4,4,344,High Value / Loyal
21a197bd-2dee-49ca-b10e-893691270649,61,5,10303.03,3,2,4,324,New / Promising
21a59678-01a4-4743-9ba6-21a8ee4f9dc9,93,8,5666.09,2,3,3,233,At Risk
21a5b01f-b5e5-4c1a-bc81-beb7b82f829f,97,8,5525.91,2,3,3,233,At Risk
21a5c17a-7a10-4d0f-8d21-37374f3e12f0,11,3,1709.97,4,1,1,411,New / Promising
21a762d0-5f85-4ba8-9bff-a021a4d1c599,53,12,6042.43,3,4,3,343,High Value / Loyal
21ad7284-c8d7-4e3a-b446-0ac6efae009b,20,14,14210.29,4,4,4,444,High Value / Loyal
21b42241-8b4e-4a57-b324-2e68c789326b,4,4,4655.78,4,2,3,423,New / Promising
21b4edff-b4af-41fb-94a5-2faec82b6a0c,76,4,2272.91,3,2,2,322,New / Promising
21b85a16-fd07-46f1-9ada-fb4ec6f1d494,191,1,769.8,1,1,1,111,Low Engagement
21bc10ac-f05b-4879-9c64-1fa200ae6d7e,180,5,2300.91,2,2,2,222,Low Engagement
21cba690-d300-4207-9b3b-a76e5c65c549,225,2,2344.54,1,1,2,112,Low Engagement
21d8d3ca-4dd5-45d8-b7ca-04a2ac45cf13,175,7,11536.96,2,3,4,234,At Risk
21e32721-adbe-4ba4-ac7d-809d180700a7,87,15,12668.58,3,4,4,344,High Value / Loyal
21eaf54b-f7bf-4749-8135-0252bb14c094,28,12,10995.51,4,4,4,444,High Value / Loyal
21fcbfab-05a4-4f4f-8500-b4d64e497efc,91,9,5798.43,2,3,3,233,At Risk
22045155-307a-4b8d-b51d-a9bdfba072ac,7,3,2877.28,4,1,2,412,New / Promising
221d7cfd-679d-480a-a8df-86a17b50e9c6,92,2,1271.11,2,1,1,211,Low Engagement
223dec46-1e22-4adc-979a-4b0c6c555def,85,15,9667.69,3,4,4,344,High Value / Loyal
2250eeed-dbc5-493d-af7a-0b7c28583e29,549,1,1933.16,1,1,1,111,Low Engagement
225c3852-f673-4cda-a3e5-4892273d1d66,197,7,6994.59,1,3,3,133,At Risk
2264939d-126e-4386-8c04-a303a2087a5b,238,6,2307.78,1,2,2,122,Low Engagement
2272fbca-be76-4007-8415-df93cc79f18f,137,12,12808.39,2,4,4,244,At Risk
2278c433-947e-4bc7-ba7a-4bc6216e9b86,37,14,8668,4,4,4,444,High Value / Loyal
22869850-af29-44d4-9f6f-5ea4d941dfa1,22,13,13330.02,4,4,4,444,High Value / Loyal
228f8f2c-671a-4ac2-aa24-75c808d7af79,7,7,3956.48,4,3,2,432,Low Engagement
22ab606f-e923-4864-a610-b5d9959cb84f,356,3,2692.28,1,1,2,112,Low Engagement
22c58ab6-601d-45bb-bf5d-52b78c7d9477,106,7,7122.98,2,3,3,233,At Risk
22c75697-301e-4887-8f7d-6cb0276d2420,90,3,389.13,2,1,1,211,Low Engagement
22cfc732-3920-46b4-8933-2253833001a1,106,8,5783.32,2,3,3,233,At Risk
22d378fb-608e-4021-a7c6-1ab78c530cf0,211,6,5082.95,1,2,3,123,Low Engagement
22e458c5-c9d0-49fb-9ab8-1b219a5c0604,75,11,6034.46,3,4,3,343,High Value / Loyal
22e5be70-6398-44ed-9166-c939d030d34b,60,1,822.47,3,1,1,311,New / Promising
22f5b895-99f6-405c-92aa-9b406d342340,234,7,3840.21,1,3,2,132,At Risk
231568c6-21d0-4ec1-80cb-40bb2dee7525,44,6,2648.53,4,2,2,422,New / Promising
23428e96-5bc2-423d-a331-979f427e5365,196,7,2912.58,1,3,2,132,At Risk
234643a9-60ab-49c3-a29d-3691e724c59b,16,11,5227.87,4,4,3,443,High Value / Loyal
2371881a-9006-4f72-8857-a9565884543d,166,4,821.29,2,2,1,221,Low Engagement
237492c7-374c-4cdd-9c79-4c22924bb922,1,16,10243.4,4,4,4,444,High Value / Loyal
237555d7-bbb3-4c4e-8312-96bc102b775f,251,10,9091,1,3,4,134,At Risk
2380c0b8-7dc8-440d-95bd-839239f5e5df,6,15,17475.59,4,4,4,444,High Value / Loyal
2391037c-51b4-41a5-ac46-cb1064da55e4,20,2,2490.32,4,1,2,412,New / Promising
239de90d-5929-455e-b8b1-3159895f35d0,343,5,3508.15,1,2,2,122,Low Engagement
23c8e8cd-2017-4b7d-b927-4ad7488a2234,52,5,5120.8,3,2,3,323,New / Promising
23d143cf-2bf9-40a7-ab10-d0b3ba18d08f,161,1,335.5,2,1,1,211,Low Engagement
23e5d0db-cca8-474f-9cba-399c4a2652e5,97,7,5330.94,2,3,3,233,At Risk
23e89db7-68f9-4d31-97ee-a43fb857de36,10,11,9435.46,4,4,4,444,High Value / Loyal
23f600b7-0e17-48fc-b180-546c1a92f0ac,80,8,4213.05,3,3,2,332,Low Engagement
241eeee1-e03c-429e-b75e-9f1917075f72,202,3,926.71,1,1,1,111,Low Engagement
2430fd92-fd83-4ea1-833e-6a36bc13088c,81,2,291.95,3,1,1,311,New / Promising
24310582-d39a-494c-846a-dda1b10e7986,433,11,11771.41,1,4,4,144,At Risk
245ab848-a226-4ee2-9dae-aade34c85d04,366,10,9220.62,1,3,4,134,At Risk
245cff68-0bc2-4ccf-85b6-bb3bce182d0c,213,2,822.37,1,1,1,111,Low Engagement
24659337-92fe-42a5-9eca-b19e37338fd0,87,3,1398.02,3,1,1,311,New / Promising
246a3b03-9318-4d1f-80bd-9b6850af00f0,24,4,1895.17,4,2,1,421,New / Promising
247ad94b-699d-47cd-a851-b06fcc14e814,204,4,4927.6,1,2,3,123,Low Engagement
249727b0-86fb-4397-a8e5-b45f03ca2e9e,272,5,3245.54,1,2,2,122,Low Engagement
24bcc3c6-ce17-423f-87f5-a1f6d1114ba7,90,4,18337.3,2,2,4,224,Low Engagement
24dd720e-f6d3-43f5-9de9-69161e75211a,67,17,9354.1,3,4,4,344,High Value / Loyal
24f796a5-8040-42f5-9321-19744578fa06,197,7,2980.65,1,3,2,132,At Risk
250dc88f-32ec-4622-9e6e-c764c6f1f438,111,4,1577.59,2,2,1,221,Low Engagement
251206c0-49d1-49d8-bee8-e547ac398691,99,19,13430.11,2,4,4,244,At Risk
2513b39f-0ff6-4c60-8bd6-c2d8e104ceae,59,5,8381.23,3,2,4,324,New / Promising
251fb01a-3174-409b-a0fb-d5983c25d572,2,18,8203.62,4,4,4,444,High Value / Loyal
252711bd-cf3d-40ba-afad-1c1a7fe00d4f,177,7,3861.53,2,3,2,232,At Risk
252baf64-0dcd-4f21-b79e-2315ba9fbe6e,87,10,30776.06,3,3,4,334,High Value / Loyal
25311de6-cea0-45b8-a32c-1c8406b8ac76,91,11,32356.17,2,4,4,244,At Risk
254d3321-bbf0-4762-8000-4e7597224b1e,161,9,5957.33,2,3,3,233,At Risk
254efd96-6e6e-471d-86ab-7e0b4b99fa83,40,10,6200.96,4,3,3,433,High Value / Loyal
25597440-51a5-4c25-92f6-9306dfe2d042,228,14,21140.09,1,4,4,144,At Risk
256c3dc8-04a9-41bf-bb4b-406b20c74d00,67,7,6015.21,3,3,3,333,High Value / Loyal
25750c54-2dbd-4f79-9a0e-1d1fe3e9ddf9,306,10,11348.74,1,3,4,134,At Risk
2587f6c0-4426-4bc7-bdbe-eaf07f755815,236,5,2783.2,1,2,2,122,Low Engagement
258c01e4-84e9-415c-a035-c11f038c7ff8,161,1,257.25,2,1,1,211,Low Engagement
258f2ef8-70fb-4250-b69e-41f7e7728f2f,320,6,2214.95,1,2,2,122,Low Engagement
2599ad0d-c435-437c-b152-d2ec20394ed2,376,6,3959.39,1,2,2,122,Low Engagement
25b6e5b1-a1fc-4fb4-8763-6bb26eb62070,145,11,7894.96,2,4,3,243,At Risk
25bfe0d7-ec09-46a5-9662-04d422a262c2,98,9,5746.11,2,3,3,233,At Risk
25d51615-b8cd-47b8-9395-539959ce7363,41,12,22452.02,4,4,4,444,High Value / Loyal
25dd2c15-0ac7-41f6-b374-1022d5b6fe97,57,10,12831.48,3,3,4,334,High Value / Loyal
25f4dcde-fdd4-46cd-99be-2049929c6650,56,15,10002.19,3,4,4,344,High Value / Loyal
2601d068-23d9-4a65-a49a-810fa4fffc30,29,8,4936.62,4,3,3,433,High Value / Loyal
2607e121-0688-43ab-b472-4ad65a975212,74,8,3462.22,3,3,2,332,Low Engagement
262305a7-6a84-4f86-b15b-ad0844bd5be5,92,7,5907.21,2,3,3,233,At Risk
2626aa6c-e3a8-423a-bd2e-7b5b785578e2,21,8,3227.51,4,3,2,432,Low Engagement
262c89b5-5ab8-418f-b650-2af692d2a352,32,5,1898.66,4,2,1,421,New / Promising
263c69c9-e804-4e29-8f52-85710ece2c9d,78,6,4608.73,3,2,3,323,New / Promising
2665edc4-9710-4f3f-a54b-edd9c27a590b,167,4,3801.81,2,2,2,222,Low Engagement
26759096-7cb9-424d-ab3b-d6b204bbb365,63,4,1311.21,3,2,1,321,New / Promising
2681654d-c642-4b67-9ac3-c8a9f6020aeb,48,9,4561.19,4,3,3,433,High Value / Loyal
2687089c-9f74-4772-8932-1a32376d0d33,74,14,21070.7,3,4,4,344,High Value / Loyal
26b5bddb-986f-42aa-a4c7-3b8fa39bac36,229,5,4484.34,1,2,2,122,Low Engagement
26c19825-0003-4587-9240-057bf248037f,3,4,5309.37,4,2,3,423,New / Promising
26e44475-4f21-4f3c-8a33-950b0d1d26b4,80,9,3806.94,3,3,2,332,Low Engagement
26e8572f-0273-48cb-a24f-9cea95305a3f,101,9,10504.73,2,3,4,234,At Risk
26f05add-5173-4dfd-bc4a-b25fa51010ed,10,8,10592.3,4,3,4,434,High Value / Loyal
26f7c210-1266-4cca-aae1-d6fdd26538b0,55,7,5584.2,3,3,3,333,High Value / Loyal
27090f85-0b46-4b1e-9f5e-bee493621699,205,2,581.26,1,1,1,111,Low Engagement
271265de-f75b-4a71-9f8a-ba6b1fb7c656,6,9,10425.96,4,3,4,434,High Value / Loyal
27208900-3055-4662-a088-959968b7c274,34,7,15384.99,4,3,4,434,High Value / Loyal
2725a5b1-9390-49a0-9185-fc8014dc4133,385,4,3056.03,1,2,2,122,Low Engagement
2735b3c8-58e4-408a-9e36-3f03ff54c189,72,15,9661.93,3,4,4,344,High Value / Loyal
2742834c-b01d-4dd2-9eae-aa40cee58445,135,13,11799.78,2,4,4,244,At Risk
275b6129-29db-4520-adbb-676c9c8c0b3c,84,4,937.14,3,2,1,321,New / Promising
2769e8f7-eea1-40e7-979b-29078b1d8f6f,69,8,13552.4,3,3,4,334,High Value / Loyal
27810953-cb07-4811-92ff-760a913753c1,62,21,15204.58,3,4,4,344,High Value / Loyal
2794fe39-fc98-46c6-81f0-f27712fb3326,60,5,4821.87,3,2,3,323,New / Promising
27a0a109-b87b-4a15-9b34-21fd928ff0ac,60,13,16801.64,3,4,4,344,High Value / Loyal
27a0d099-4b39-46b1-92e7-f97af48b0170,923,10,13442.86,1,3,4,134,At Risk
27a7f696-7ec5-472b-b6a6-8b3fec00f448,33,8,7063.55,4,3,3,433,High Value / Loyal
27adfa2c-b197-45e7-a1e8-b7a48ba29d13,69,4,10048.57,3,2,4,324,New / Promising
27bce69a-a12e-4a36-b710-deb777b31106,89,9,6624.37,2,3,3,233,At Risk
27f06426-8f9d-46ad-b178-72aa6d006862,85,3,3381.21,3,1,2,312,New / Promising
2800b362-1ece-4bb9-958b-42fc9218fe31,71,11,8262.03,3,4,4,344,High Value / Loyal
2809f9c3-6c18-4d27-b0cc-8bffabd0155e,111,7,3865.83,2,3,2,232,At Risk
281df0d6-1568-4af3-a469-9de88b0710ca,118,2,1277.9,2,1,1,211,Low Engagement
282bb908-e325-4034-b175-24a606641223,69,12,9448.34,3,4,4,344,High Value / Loyal
28399c46-9453-43ea-b4cd-4585e2091a36,83,7,4303.98,3,3,2,332,Low Engagement
28452fc5-b90b-4e21-bc51-ffea55dbc3d7,150,7,4793.35,2,3,3,233,At Risk
285055dd-eefa-4c97-a941-d8277e982962,7,18,20792.1,4,4,4,444,High Value / Loyal
2857d28a-d00a-43a7-b6b0-8683a2345043,0,3,3268.8,4,1,2,412,New / Promising
285881d0-1a24-4ab8-96d6-2d4a1a614bd1,34,8,4424.94,4,3,2,432,Low Engagement
28647e01-c4a4-49c2-a9e5-453c0f7d6966,41,20,16256.44,4,4,4,444,High Value / Loyal
287a8613-5dd0-4029-a6dd-a1ae99b4759e,907,1,321.58,1,1,1,111,Low Engagement
28a04633-6969-4a76-972d-a14983d59ef0,61,4,4182.69,3,2,2,322,New / Promising
28a4b64e-bc73-4210-be58-bcb48fe6a94d,136,2,5795.19,2,1,3,213,Low Engagement
28bbb151-519e-4a18-b9c3-450d4923340c,85,11,13639.02,3,4,4,344,High Value / Loyal
28db9dcb-52d9-4898-9fb2-d16f2a38bf06,448,13,7612.51,1,4,3,143,At Risk
28f01245-7218-4143-ba57-ba9468d39d04,524,1,3485.52,1,1,2,112,Low Engagement
290385d8-5e51-46ba-9d25-fdfbeba1d6b5,64,8,17513.24,3,3,4,334,High Value / Loyal
291a7e1f-97c0-4551-9099-822be36cd13e,193,5,3014.2,1,2,2,122,Low Engagement
291d4ca7-68de-4cc2-b29e-e6515cf3e079,49,11,25163.41,4,4,4,444,High Value / Loyal
29200562-ed09-46b1-8653-a40780744753,222,5,3325.68,1,2,2,122,Low Engagement
293c281b-02d1-4a4d-92e4-16fe1717b589,76,18,20457.94,3,4,4,344,High Value / Loyal
29423bd5-c88e-47ab-a2da-a26aae56314f,65,10,6257.2,3,3,3,333,High Value / Loyal
29524297-e052-4c49-9aad-0d5f4713fe3a,0,1,924,4,1,1,411,New / Promising
29682244-a657-4820-8a25-e1ebbc3f92ba,12,6,6639.49,4,2,3,423,New / Promising
297151d6-e6b7-41d1-9e74-e684375b7d65,415,7,4972.98,1,3,3,133,At Risk
2987971f-5976-4014-a898-f80427392fde,106,12,12546.1,2,4,4,244,At Risk
298e2819-a995-40fb-92d2-974c35634e22,64,2,1951.88,3,1,1,311,New / Promising
299b05d0-1121-4f15-a62a-99e2bc9b337c,70,1,198.82,3,1,1,311,New / Promising
29a74ea9-1709-4314-8106-c5cb6a15e0b1,496,3,2162.34,1,1,2,112,Low Engagement
29ae83b0-e538-4c6f-a7eb-998f61d75c16,235,7,8549.8,1,3,4,134,At Risk
29b7a41a-9a55-4b30-890f-0849d28704bc,28,13,10450.31,4,4,4,444,High Value / Loyal
29c3873d-6a22-4472-af5c-67b9e8fe949a,101,2,1954.42,2,1,1,211,Low Engagement
29d01618-8478-4c1e-92f8-c0883b0e5587,75,6,3294.87,3,2,2,322,New / Promising
29dec202-949b-4cb4-9850-9427980442f4,227,12,16018.23,1,4,4,144,At Risk
29f84603-f8f4-4003-b80d-51dd129b0c55,436,6,5043.01,1,2,3,123,Low Engagement
2a00daa6-c2f1-47f2-8243-e3559f20b372,100,4,7089.5,2,2,3,223,Low Engagement
2a0b7a73-1f48-48e1-a82b-8a1a625839fd,106,1,829.81,2,1,1,211,Low Engagement
2a13e715-23d1-42ae-94c6-0d64470b6faf,98,7,4681.77,2,3,3,233,At Risk
2a155329-dd3b-46fb-9a51-1b00f670d78e,207,4,1194.5,1,2,1,121,Low Engagement
2a4b45b6-88cd-4173-be3c-cf5cfcb86151,72,3,6116.98,3,1,3,313,New / Promising
2a5f814f-dc91-4e51-9076-9e2f7ce14453,167,12,9889.85,2,4,4,244,At Risk
2a776fa5-e303-433f-a0cf-b348cb47fceb,177,5,2916.76,2,2,2,222,Low Engagement
2a7dc9ba-74d8-40a3-b709-a1e46c4312f4,28,20,18170.68,4,4,4,444,High Value / Loyal
2aa2356e-e3d8-4595-a121-90f95ced0252,128,7,13416.25,2,3,4,234,At Risk
2ab1de1e-c64d-4e5b-baff-a8f9d233804d,79,10,6383.16,3,3,3,333,High Value / Loyal
2ac59b96-d847-4387-ab4f-23333e1f5306,259,7,3996.52,1,3,2,132,At Risk
2ad38b65-e9e6-4881-922c-80104a2fb0f1,4,8,5949.39,4,3,3,433,High Value / Loyal
2ae0f30f-765c-4f06-a3d4-553a2a9e0521,73,4,1732.05,3,2,1,321,New / Promising
2b118b55-288f-40d9-ab40-b45e6cd1942d,211,1,339.07,1,1,1,111,Low Engagement
2b405c16-0a39-41e3-a73d-bace7fdebb3f,154,4,1734.98,2,2,1,221,Low Engagement
2b4079c7-52cc-4851-89ca-2ef6a4a4376d,135,13,8578.58,2,4,4,244,At Risk
2b589786-a8f6-4818-9336-930e53f0a6d1,470,2,451.85,1,1,1,111,Low Engagement
2b5edcae-3730-45e5-a266-46914b786e55,24,5,9113.64,4,2,4,424,New / Promising
2b667e27-cdb3-4bf7-b34b-0318e531fc5b,38,2,2518.36,4,1,2,412,New / Promising
2b68d490-826e-4de4-a6fe-18df5bde2a56,106,12,9251.42,2,4,4,244,At Risk
2b6bb1c7-b60b-4dcb-9fc9-fd20f1f2ccef,258,1,223.41,1,1,1,111,Low Engagement
2b833476-a44e-48c5-b991-4d6b53993113,7,2,2169.65,4,1,2,412,New / Promising
2b85cfb2-1c74-41a3-9629-37a156219d78,66,7,3604.74,3,3,2,332,Low Engagement
2bab9fe7-b294-490a-8efa-04987308a4c0,6,11,8353.15,4,4,4,444,High Value / Loyal
2bada61d-7ff2-408f-80b1-e5efaa75ef0c,38,3,2364.24,4,1,2,412,New / Promising
2bb18b90-23ae-4be7-86ac-0c8953a7b42e,71,4,3372.21,3,2,2,322,New / Promising
2bbb8ca5-30d3-4dfd-8658-b2e9dd699629,72,9,11305.77,3,3,4,334,High Value / Loyal
2bbbfb60-4242-450c-9a45-4fea15c193fd,82,6,1416.73,3,2,1,321,New / Promising
2bca0737-cf6d-4301-9090-527beee56bb5,101,3,2924.03,2,1,2,212,Low Engagement
2bcc25ed-09aa-4990-810d-26ff0cd86638,9,4,2155.98,4,2,2,422,New / Promising
2bf3e73b-4321-4d5a-9fe4-87ed2ff74a73,105,8,6749.92,2,3,3,233,At Risk
2bf3ecef-25d5-482d-a7bb-0ee377747b3d,56,2,276.79,3,1,1,311,New / Promising
2bf88f70-ac4c-41b8-b862-239b28cb2d00,85,7,2986.59,3,3,2,332,Low Engagement
2bfcd9ca-a7e1-48ab-8a46-9b2804333a53,49,5,2854.52,4,2,2,422,New / Promising
2bff5372-5896-4460-a879-655b52fbe90a,27,1,73.63,4,1,1,411,New / Promising
2c18b98e-50de-446c-baba-af330f682f0e,280,1,822.51,1,1,1,111,Low Engagement
2c3b7a0d-77dc-49d7-8231-96b22ff26e9b,29,3,1953.94,4,1,1,411,New / Promising
2c4086a3-87e2-4e49-ad39-ba869da4fe65,111,6,3879.63,2,2,2,222,Low Engagement
2c482cb7-56b7-474c-9b15-1b19ba653e80,72,6,7442.73,3,2,3,323,New / Promising
2c4af268-ca1d-4b60-b07a-a66deaa6c6e1,188,5,5291.54,1,2,3,123,Low Engagement
2c5a5e85-d86d-466b-b45e-0fb4ff315980,209,2,580.06,1,1,1,111,Low Engagement
2c5faed6-fee4-49da-9c6c-996a9b99f68c,63,8,11694.95,3,3,4,334,High Value / Loyal
2c62736b-52ad-48d1-afa4-6b358f4c3605,115,4,2889.74,2,2,2,222,Low Engagement
2c7ccb48-07a2-450b-94d7-4e3b9c92af9e,524,10,7681.17,1,3,3,133,At Risk
2c8af9fd-5039-4d12-b7ea-7673a32f0212,75,6,3263.34,3,2,2,322,New / Promising
2c8e3ffd-69f9-401f-ace4-e5f25d21f06e,986,2,2302.99,1,1,2,112,Low Engagement
2c9a0450-14aa-419e-a5d1-df523372f419,29,10,8921.67,4,3,4,434,High Value / Loyal
2ca6801a-dc4c-46fa-8135-1cb240173438,0,8,4252.46,4,3,2,432,Low Engagement
2ccd10d4-d325-4aed-838e-8dc82f67a7aa,2,10,7972.47,4,3,3,433,High Value / Loyal
2cf5a5e7-87d3-4e53-9b8e-a81a470d7edc,219,2,2221.95,1,1,2,112,Low Engagement
2d15bb84-c191-4490-be64-22d8009797b1,194,7,5367.82,1,3,3,133,At Risk
2d24c861-1ac8-4fe4-97de-94461c5449a1,70,7,4056.42,3,3,2,332,Low Engagement
2d461a0b-45bd-45a8-9059-d731736b1ecf,60,8,6619.5,3,3,3,333,High Value / Loyal
2d56a300-1576-4b8c-aa78-ef2ff696ed03,102,5,2253.6,2,2,2,222,Low Engagement
2d5ae80d-f726-448e-bc49-81cb4434dbce,0,7,7856.02,4,3,3,433,High Value / Loyal
2d5de8b6-3609-43cb-b058-fec1771d85cb,6,1,2822.46,4,1,2,412,New / Promising
2d651de8-b4dd-4f22-9b03-117d33876459,579,2,144.86,1,1,1,111,Low Engagement
2d759a6e-a5e4-4ad0-ae09-fe5b8dfb560a,75,10,8786.58,3,3,4,334,High Value / Loyal
2d8409e6-f927-470f-b624-b4ac286eefc4,180,8,9703.31,2,3,4,234,At Risk
2d85db8a-2765-42b9-a79b-1415c407a83b,199,5,5257.81,1,2,3,123,Low Engagement
2d8d2d87-88b4-4b10-bccd-dc2fcf1b3785,222,3,3595.91,1,1,2,112,Low Engagement
2d91eeac-340e-4965-9332-df497e54f78b,143,2,1114.97,2,1,1,211,Low Engagement
2da6e100-37ac-48ee-8878-98c9686b24a4,124,8,9589.09,2,3,4,234,At Risk
2da7d6a7-34cd-440f-b848-8ce8d56f3121,2,2,368.02,4,1,1,411,New / Promising
2db7ff56-ef23-4fce-8fda-6e8f0972e044,88,21,11265.57,3,4,4,344,High Value / Loyal
2dd2b057-ca3a-4ad4-8fcf-956d2eda82ba,640,7,2970.23,1,3,2,132,At Risk
2de9a505-4966-4571-ba4e-2e0053815db8,189,5,2932.75,1,2,2,122,Low Engagement
2dfa19af-4a03-48d1-8128-ba5019fc774e,46,1,534.32,4,1,1,411,New / Promising
2e03143a-9779-44ce-bab2-5dcbc03aee77,0,2,246.28,4,1,1,411,New / Promising
2e069d4d-84e6-47f2-97e6-1552a3977608,99,2,1649.3,2,1,1,211,Low Engagement
2e0b7881-092e-4b60-a021-a531629e8a2b,225,3,2620.5,1,1,2,112,Low Engagement
2e201e7f-8135-42f9-aaf7-ee81d3380138,28,13,7200.53,4,4,3,443,High Value / Loyal
2e262801-db90-4a2f-b6a0-063f0788c331,54,10,4470.3,3,3,2,332,Low Engagement
2e2cfc8c-2081-4237-bc97-451c714418c0,68,5,5032.92,3,2,3,323,New / Promising
2e32d437-a100-480b-b1fe-7a8856613880,82,8,4158.35,3,3,2,332,Low Engagement
2e3ca052-a8ef-4528-823c-a17c080bb961,77,11,7783.18,3,4,3,343,High Value / Loyal
2e788a15-e36e-46c1-9868-0c59cd3db469,212,6,1874.68,1,2,1,121,Low Engagement
2e7c84fb-c689-4100-a683-cf575ae78d30,33,2,1231.3,4,1,1,411,New / Promising
2e89df88-05eb-478e-852a-7db2c6fabb96,77,3,947.89,3,1,1,311,New / Promising
2e8dc7d5-2d6b-4d3c-8dd8-ae848eaf6078,385,2,2018.64,1,1,1,111,Low Engagement
2ea29241-dd5c-4230-acd7-a932c45d21d7,98,4,4137.25,2,2,2,222,Low Engagement
2eaad867-394c-4da5-a1fc-505e67187e9c,93,3,1590.87,2,1,1,211,Low Engagement
2ebc4c07-b664-4329-9597-5fa04411c559,61,2,953.68,3,1,1,311,New / Promising
2f1cbe24-94a8-4f68-af64-36288eef297e,255,7,4152.41,1,3,2,132,At Risk
2f2086eb-3cd7-46a4-b4b0-c01cff331692,34,5,3799.93,4,2,2,422,New / Promising
2f2322af-9626-4bcc-960b-05804c83529d,75,8,3529.58,3,3,2,332,Low Engagement
2f2699ad-6b1c-4a48-92dd-3c61de460963,164,11,9867.11,2,4,4,244,At Risk
2f288455-63d5-41c2-87e8-eea3906fa40f,97,9,2806.06,2,3,2,232,At Risk
2f3821a4-1266-4bba-80a0-f6a888c526b1,410,7,5259.56,1,3,3,133,At Risk
2f6821b3-51be-4b2f-81ed-a05d3f779b3e,28,6,1792.23,4,2,1,421,New / Promising
2f7073c6-184d-446a-b2f1-52922d06468d,556,4,2055.66,1,2,2,122,Low Engagement
2f75ddec-3dd6-49f0-9e3d-1c1a6d72cae9,76,16,11728.02,3,4,4,344,High Value / Loyal
2f7b055e-8e5d-4317-95c4-d0e1deb54311,94,2,496.39,2,1,1,211,Low Engagement
2f7d96a4-9011-4a47-9388-4568c58ce832,32,9,9390.25,4,3,4,434,High Value / Loyal
2f808c71-6fbc-4eea-9868-393c686c03b9,335,6,5277.21,1,2,3,123,Low Engagement
2f8f0fe4-0041-4028-ad2a-d189df8316bb,119,6,9945.75,2,2,4,224,Low Engagement
2f94c9f7-fa4d-4452-86c9-d449036da80e,25,7,3166.04,4,3,2,432,Low Engagement
2fa8b3e5-af90-4be7-b390-7dddba1250d0,370,1,254.09,1,1,1,111,Low Engagement
2faf2cb1-7b18-4876-a6bc-73d769ab4654,17,9,6939.04,4,3,3,433,High Value / Loyal
2fc345d7-4061-420c-912b-af09119ad826,163,1,275.89,2,1,1,211,Low Engagement
2fe076bb-d401-4276-bb73-77f222d93cbe,57,9,7902.86,3,3,3,333,High Value / Loyal
30012d88-2488-41c8-ba2e-7833551da3e5,22,1,196.15,4,1,1,411,New / Promising
30039ec2-415b-4c89-9e89-e68366d61f75,72,10,7438.14,3,3,3,333,High Value / Loyal
3010fe3e-f791-47d4-add2-1da35e890603,89,10,13492.02,2,3,4,234,At Risk
304e1371-4961-4892-9744-7c4b911b2a67,326,3,1111.2,1,1,1,111,Low Engagement
305009e7-0240-4ed0-aaf5-e50a47b647b0,85,12,8859.87,3,4,4,344,High Value / Loyal
3066166c-f0e8-44d4-a16e-178233845625,174,1,142.77,2,1,1,211,Low Engagement
306d001b-7c15-4af9-b7f9-0ef1c19b20fc,179,7,5042.06,2,3,3,233,At Risk
30ae1aeb-0897-4117-9cff-ff4168ec11b7,100,9,7540.73,2,3,3,233,At Risk
30b7b5ec-f56a-4faa-8b47-514c8a8258b9,107,4,864.69,2,2,1,221,Low Engagement
30ba496f-41cb-4a9e-98d8-59b23c9d0002,28,1,804.76,4,1,1,411,New / Promising
30c259da-acf8-414d-b059-31eb6335f734,290,3,1232.01,1,1,1,111,Low Engagement
30dae182-0e45-4a36-a653-9fa92ce074b5,52,20,17967.44,3,4,4,344,High Value / Loyal
30faf5e5-0409-4162-ac7d-a9094f09f755,11,5,3324.38,4,2,2,422,New / Promising
310305ca-d7a5-463a-b115-86af19d7d3f5,177,11,55464.32,2,4,4,244,At Risk
310e169b-eba6-4818-9e6e-740fe6091214,312,3,1110.13,1,1,1,111,Low Engagement
3114b1d8-64d5-479e-b5d5-4aed23692a49,77,4,5927.94,3,2,3,323,New / Promising
312320db-075d-4243-a171-3032489f02fe,0,1,722.7,4,1,1,411,New / Promising
31381313-fddb-4c53-9283-8817673e19ff,122,1,195.82,2,1,1,211,Low Engagement
313907a9-2e44-4068-8eb0-8467c8faa7c9,63,16,10785.42,3,4,4,344,High Value / Loyal
314206e4-04b5-4fe3-b234-d160648c2f7d,27,3,2825.3,4,1,2,412,New / Promising
31491a67-03d2-466d-8463-b5a411e60f2c,21,7,2510.66,4,3,2,432,Low Engagement
31575f51-4e6b-41bf-b949-5b56bf2d9620,104,2,2082.36,2,1,2,212,Low Engagement
315ece35-6182-4dae-9f04-4ce7f3ffef39,96,3,484.76,2,1,1,211,Low Engagement
31666a09-f95b-4d08-9467-2b483f932cdc,2,17,16315.23,4,4,4,444,High Value / Loyal
316a5753-999d-4833-8582-a728c71e48cd,147,5,2944.36,2,2,2,222,Low Engagement
316d1120-9d87-44bd-97f1-11d3bcb9cbed,300,4,4447.43,1,2,2,122,Low Engagement
317a7b9d-ecd4-441d-a43c-6802b635665f,43,5,5005.37,4,2,3,423,New / Promising
317ae7ef-540b-4bd3-bea2-c43479460633,548,11,12170.8,1,4,4,144,At Risk
3189d2d9-38da-40f7-84a2-7dfd9dca35b8,13,7,2770.86,4,3,2,432,Low Engagement
31a322dd-d1f5-4a16-b0e6-39b647877fe7,89,7,1914.66,2,3,1,231,At Risk
31aa565c-3019-43dd-b1c2-2b74894e4f05,334,9,2182.82,1,3,2,132,At Risk
31c91cb6-7fe1-4f61-9b61-c4963a104e20,30,4,3449.11,4,2,2,422,New / Promising
31c9f307-4d06-4ad9-bd64-f4a032af8087,28,18,17103.84,4,4,4,444,High Value / Loyal
31d708d6-17fd-4bdc-8b30-9fffa94a33f1,425,2,4692.15,1,1,3,113,Low Engagement
32093299-8b1d-41ab-b792-03d42bf3d456,4,4,6039.57,4,2,3,423,New / Promising
32135d5d-b232-4ef4-8395-f9eab9ab3ffb,321,10,5823.13,1,3,3,133,At Risk
3220e49e-1534-4595-925f-5552cdb4148c,3,8,5138.63,4,3,3,433,High Value / Loyal
322add39-da2a-4f79-ad32-f831a99ccfd2,214,4,1717.34,1,2,1,121,Low Engagement
322f313c-333b-416a-8e72-71961a0f9692,91,9,3746.38,2,3,2,232,At Risk
3235b774-c01c-48cb-b58c-e83d1c267839,103,3,2045.97,2,1,1,211,Low Engagement
324b2d46-3d4e-4e72-9de2-8c533bc0d565,76,12,8716.34,3,4,4,344,High Value / Loyal
324d793d-372c-432a-ac17-748cab0b5afd,59,1,107.37,3,1,1,311,New / Promising
3258e636-8f29-4567-99ff-282f0fba3b13,54,6,2756.73,3,2,2,322,New / Promising
32752a9b-b841-4be5-a0e6-1d585ca675e1,91,5,2194.9,2,2,2,222,Low Engagement
3286075b-9bd7-44eb-afb0-dc792d2ccd67,41,4,5367.48,4,2,3,423,New / Promising
32a24901-aa20-43ff-b1e3-60e60d94a56a,5,12,11862.72,4,4,4,444,High Value / Loyal
32a6feeb-ac77-4fde-8a21-70869c6815e2,57,11,4215.65,3,4,2,342,Low Engagement
32ad62ae-be77-4323-930f-e2c8a6f6db9d,304,11,6085.65,1,4,3,143,At Risk
32b3e289-9b48-46c9-93b7-036d9d5b2260,544,3,2121.1,1,1,2,112,Low Engagement
32bf9d60-99d8-4a7c-b310-bfab064e8ce9,66,11,11710.64,3,4,4,344,High Value / Loyal
32da1773-9f3f-47bb-a4da-eaf31192dedb,104,1,668.34,2,1,1,211,Low Engagement
32db878d-1c8e-498f-97d0-f2523df67879,101,11,7460.81,2,4,3,243,At Risk
33479975-5135-49f6-b3a9-ff0638c6e97b,62,6,1062.53,3,2,1,321,New / Promising
3353148b-3cfd-4603-9f0f-d6ca3652a931,606,5,66495.58,1,2,4,124,Low Engagement
33560bd8-95f4-44a7-b722-3b1f9e98bba4,98,4,1606.87,2,2,1,221,Low Engagement
3382f162-464f-4ee1-a68e-8ad71fc48f8b,49,2,1355.52,4,1,1,411,New / Promising
3387a997-1f29-4bfc-b280-5cc3b4edae76,140,5,2442.6,2,2,2,222,Low Engagement
338c242d-5392-4b57-ba54-7e274c798d79,9,1,634.86,4,1,1,411,New / Promising
3398c8c4-13c1-4200-aeae-482e86d2adb2,22,7,6638.19,4,3,3,433,High Value / Loyal
339a7b70-dc13-4423-b0ad-233d01b84f2b,315,8,5974.09,1,3,3,133,At Risk
33b8c3fa-2da7-407b-bd49-070788005264,94,5,8388.23,2,2,4,224,Low Engagement
33c691c0-d861-4b17-909e-291071c80851,33,5,10120.25,4,2,4,424,New / Promising
33d3dac9-16c1-442f-b698-e8b6d3e85c02,276,4,1518.34,1,2,1,121,Low Engagement
33ddf1e4-32b2-45aa-8391-01734fb8c316,68,7,5877.15,3,3,3,333,High Value / Loyal
33eac8ad-729f-46d0-84e3-127de84a878a,290,5,1310.74,1,2,1,121,Low Engagement
33f7577e-222c-46cb-90c0-7395e3445520,26,17,18765.11,4,4,4,444,High Value / Loyal
33fd48e7-e1e7-4f4e-96e5-4c650f7baba0,180,12,5546.84,2,4,3,243,At Risk
340e3b7c-7ed7-422c-8042-65864db25175,91,18,21163.24,2,4,4,244,At Risk
341f6d8b-36e0-4264-8be7-7bc0d62d7ef9,113,16,19059.04,2,4,4,244,At Risk
3423d728-8700-4a5f-a901-add0f6ea5fe3,147,5,2176,2,2,2,222,Low Engagement
342c21a2-0da9-4050-89d8-baf305ad94b8,289,10,14808.05,1,3,4,134,At Risk
342ddaef-be21-472c-b516-c177d689c590,474,10,8208.04,1,3,4,134,At Risk
343bde1d-b428-46f7-a680-c2df8d9638d0,87,3,1937.38,3,1,1,311,New / Promising
344c45f9-3c2f-456b-8940-d0c14d8fcdb7,63,2,571.37,3,1,1,311,New / Promising
34765b12-175d-435c-ab1d-b8bf124a4bc3,6,18,15403.57,4,4,4,444,High Value / Loyal
348b33f5-7cef-4a9d-827d-b5122d2e2efd,75,14,10857.33,3,4,4,344,High Value / Loyal
34990506-c3ee-4dca-b78a-9caf150b14f2,104,14,7971.43,2,4,3,243,At Risk
349a9d83-fbbf-4f5f-a001-50b43606734f,231,10,10672.77,1,3,4,134,At Risk
34b2ddc5-fdcb-4cd7-96bf-ce0323347fd7,2,5,6867.13,4,2,3,423,New / Promising
34c0b817-6b2b-4308-a668-dec2c466d4cc,79,7,6585.23,3,3,3,333,High Value / Loyal
34c0e654-8533-4fd8-a5ac-006ed81d2254,55,5,5572.28,3,2,3,323,New / Promising
34c2f5c3-b14e-44b1-a06c-1c8b9aea60e8,79,7,3764.62,3,3,2,332,Low Engagement
34c336f4-2532-4a95-95d0-8953b987a16c,26,2,1750.16,4,1,1,411,New / Promising
34cbe2da-95df-4543-94b1-afaa1a935437,5,2,884,4,1,1,411,New / Promising
34d5e286-0b18-42ae-808e-adcf8340343b,48,6,2275.91,4,2,2,422,New / Promising
34e72e5f-91f3-412f-9ec6-f64adbd78fd7,61,13,7017.71,3,4,3,343,High Value / Loyal
34eca35c-1398-42a3-8747-7a58233fb802,453,5,1403.93,1,2,1,121,Low Engagement
34f2eca3-98ae-40b0-8316-7c1a55f2c0a8,204,1,577.74,1,1,1,111,Low Engagement
34f74866-eb42-4d2f-85b5-de6ab775e9f9,35,6,6949.73,4,2,3,423,New / Promising
35011b40-d96b-4eee-9798-1bbd9a036009,130,3,2957.81,2,1,2,212,Low Engagement
3507a38f-69ff-4177-8ae4-a95b35ba6f91,16,5,2242.38,4,2,2,422,New / Promising
350fd761-c54c-4e06-b3a8-dc3c9ff38b76,48,5,1772.72,4,2,1,421,New / Promising
3513692f-bf7a-4562-9170-d9abe4c4c2ff,52,5,4339.11,3,2,2,322,New / Promising
352fd782-2787-428c-bdb2-fc4582e49b3f,84,7,6915.21,3,3,3,333,High Value / Loyal
35306f21-cdce-4ed3-b2d9-bbf248a7136e,139,6,9481.21,2,2,4,224,Low Engagement
35335a9a-e878-42de-ab86-5fab8e70b8cb,288,8,3796.63,1,3,2,132,At Risk
35538c13-d44b-4fe3-b2b3-d1029e00f4b4,63,17,32308.76,3,4,4,344,High Value / Loyal
355391d9-905f-45cc-b507-628740885b97,40,12,16204.68,4,4,4,444,High Value / Loyal
35617e74-0248-4c5f-9428-0d48bc046833,121,13,13550.07,2,4,4,244,At Risk
358cc607-c4ec-491d-a1e4-df9dc579c2e3,174,4,6649.22,2,2,3,223,Low Engagement
359110d0-d634-4b39-8fef-36111b3742d2,95,10,4458.5,2,3,2,232,At Risk
35914de6-ae91-4562-8c82-8c9ee9cdb6dc,20,8,5012.71,4,3,3,433,High Value / Loyal
35a6aa20-8081-47c8-9028-39972da594a2,204,1,193.39,1,1,1,111,Low Engagement
35a7e397-5f7c-44c7-b2bc-3ec07aeaf4df,98,5,7589.92,2,2,3,223,Low Engagement
35a831d5-5d92-415c-9455-dcade950c752,56,13,10417.77,3,4,4,344,High Value / Loyal
35b5078a-6134-4424-969f-eee3181959a7,23,4,3290.38,4,2,2,422,New / Promising
35d929a1-3970-475b-9a7e-38bb75a2c416,81,11,6396.24,3,4,3,343,High Value / Loyal
35da0e4d-ce8e-4354-a7e6-55496966f0b4,44,9,5884.05,4,3,3,433,High Value / Loyal
35de6425-0e66-4e56-b633-65e3ca8e301f,47,4,2530.22,4,2,2,422,New / Promising
35dfe82b-dd9b-4841-821d-c6ca82c646eb,24,9,7275.28,4,3,3,433,High Value / Loyal
35e8d002-ddba-4825-8821-6afec76c1f78,286,3,552.08,1,1,1,111,Low Engagement
35f00ab9-7a89-43b2-84f9-5ec64392176e,5,5,1828.93,4,2,1,421,New / Promising
35f5cb54-b73f-45e8-ad81-84de3384f909,18,11,9407.65,4,4,4,444,High Value / Loyal
361fb88a-8f5e-446a-a206-89253bdff2ae,87,4,4034.2,3,2,2,322,New / Promising
362f65e4-14be-41a4-84ea-d0b9f2683c01,80,3,7472.32,3,1,3,313,New / Promising
365cf0f3-fab4-413b-94bb-2d90a35c8651,16,7,2523.58,4,3,2,432,Low Engagement
3664dd0f-5986-40b4-992b-272b415b49f4,49,5,3529.45,4,2,2,422,New / Promising
36708dce-4adc-45a2-bf31-5a7c86f0cf03,368,4,2596.62,1,2,2,122,Low Engagement
3675d61e-db07-43c4-936b-91ffee4c3e77,60,10,8035.96,3,3,4,334,High Value / Loyal
36b0d19d-63ec-418c-80b5-f6d5b28f7154,375,3,5311.52,1,1,3,113,Low Engagement
36b32933-eab2-4403-86c0-72a4c92f7137,124,4,11340.15,2,2,4,224,Low Engagement
36bb25e8-8cc2-4d0c-9d45-917882499650,142,7,8062.3,2,3,4,234,At Risk
36c4ca67-7050-47a5-8e91-cab4b635f167,57,16,7910,3,4,3,343,High Value / Loyal
36cd71db-1a3c-461e-b795-346e4902366a,82,8,6006.35,3,3,3,333,High Value / Loyal
36cf262d-feda-4df0-9f17-86f7f037322c,61,14,14232.05,3,4,4,344,High Value / Loyal
36e06abc-10a6-44aa-86cc-4286d90c6b59,62,13,11596.32,3,4,4,344,High Value / Loyal
36e37be9-1672-49d0-89fe-337e5977e8a8,11,7,5719.11,4,3,3,433,High Value / Loyal
36e6817c-9a0e-4758-86c3-780122878e5b,66,13,8417.77,3,4,4,344,High Value / Loyal
371ddab1-36b4-4fcb-bc09-18c12b5fac41,490,7,5795.75,1,3,3,133,At Risk
3749ce6c-03b4-42ec-9992-a84cac1cc0bb,217,5,5496.48,1,2,3,123,Low Engagement
3751c902-87ca-429f-a403-9c27f8ff0a42,262,3,3931.74,1,1,2,112,Low Engagement
3756cd30-456d-448a-8818-90b32b8b93e7,178,6,11535.12,2,2,4,224,Low Engagement
37596d14-531b-4575-9284-41476079a66c,44,7,8136.26,4,3,4,434,High Value / Loyal
376f0bbc-46c7-4157-aaa4-58fbbcb5a1eb,188,1,599.64,1,1,1,111,Low Engagement
377dacf5-92d0-4961-9dce-44ef9fa21d01,32,11,11956.59,4,4,4,444,High Value / Loyal
3782d278-9cfd-4418-8d89-77ba54f65ea0,68,18,16663.15,3,4,4,344,High Value / Loyal
3795abe6-0a53-4064-b5cf-617cdb5dbcc5,56,4,1405.05,3,2,1,321,New / Promising
37a95cda-7191-4e0d-8963-eb2e2772fbaa,28,1,1213.14,4,1,1,411,New / Promising
37b28ccd-64ba-4487-a9dc-d9dd586962cd,302,1,442.65,1,1,1,111,Low Engagement
37b6cc04-9fec-4f07-92e1-41bc381caa6b,26,1,224.6,4,1,1,411,New / Promising
37bb53ee-fc38-447c-93b2-8a06b5aa8eed,28,10,4988.09,4,3,3,433,High Value / Loyal
37cff1f7-07ca-42fb-857b-15fcaa0478d8,540,5,3237.95,1,2,2,122,Low Engagement
37d6e156-8809-40ca-a37d-557e35ba5dd3,109,19,15575.8,2,4,4,244,At Risk
37e03bcf-2178-4f81-9e41-de932678826d,726,4,3925.2,1,2,2,122,Low Engagement
3807f0ec-e2a5-4982-8913-94a9b546d618,56,1,4423.72,3,1,2,312,New / Promising
38376230-00f1-4ac5-83e7-da4b76a9cfcf,716,2,1265.39,1,1,1,111,Low Engagement
3881c8f4-49ab-4868-b6c7-42315212e138,112,6,4078.01,2,2,2,222,Low Engagement
389116f3-753b-449f-ae7a-4bdb5c48dc63,207,4,4931.03,1,2,3,123,Low Engagement
3893e422-1150-4a24-b432-efa884fe5139,62,1,2695.08,3,1,2,312,New / Promising
38a42378-6fd5-42f6-ab25-4d90560f81a6,62,5,3271.28,3,2,2,322,New / Promising
38aea4cd-b3cd-44ff-804f-242a1a093a8c,83,6,7986.72,3,2,3,323,New / Promising
38b6807f-e581-4139-abd7-611d45dd237b,372,6,6429.13,1,2,3,123,Low Engagement
38bd7f70-3932-47b3-a2e1-1ed1aa90f6a0,159,10,11017.48,2,3,4,234,At Risk
38d9b20a-6f18-4512-8568-a6ef280a7ebc,12,7,6026.03,4,3,3,433,High Value / Loyal
391e073d-71c0-45ed-9a8f-8188c128b167,285,5,6199.49,1,2,3,123,Low Engagement
39244d87-9153-4987-919a-1d7ff3176eb2,67,2,1175.22,3,1,1,311,New / Promising
39269d9d-8562-43fa-b989-f2537e8477c6,112,17,12074.4,2,4,4,244,At Risk
393b4ed5-2082-460d-80e7-988ec2ccf936,168,2,1862.11,2,1,1,211,Low Engagement
393bf07f-72af-48f6-a994-039f12673d11,82,10,6405.87,3,3,3,333,High Value / Loyal
39429765-683e-44fa-acb0-2c788b251afe,16,9,6433.75,4,3,3,433,High Value / Loyal
3942d572-f7ce-4b97-ac71-d9faef1e562a,537,2,1211.51,1,1,1,111,Low Engagement
39488fe7-1f10-45ef-9e58-a01f76352b16,130,10,23561.9,2,3,4,234,At Risk
395d8d94-f72f-4434-98cf-2a9c0af430e4,75,5,3240.74,3,2,2,322,New / Promising
396338c4-7724-4c2a-a582-2ca5b1eb3cd1,62,10,6560.53,3,3,3,333,High Value / Loyal
39694c50-b6c8-4d17-bce7-94780521f03b,63,21,22036.73,3,4,4,344,High Value / Loyal
39787d22-d510-4faa-a65f-7d3d92d979e0,63,1,433.84,3,1,1,311,New / Promising
397bbe73-40df-4e80-bac4-d3c4e170c37b,78,11,10078.21,3,4,4,344,High Value / Loyal
3983a56e-d4e7-4216-932d-9ffa2d0d03a5,32,3,1393.44,4,1,1,411,New / Promising
39855a7c-8679-408f-99c2-bae5d1ac86f8,91,5,2274.95,2,2,2,222,Low Engagement
398c7eec-1a9c-47f6-b969-b6d62ac5a401,570,10,5335.24,1,3,3,133,At Risk
399ecc8c-cb4a-491d-b66f-bd668e63234f,67,4,2659.92,3,2,2,322,New / Promising
39a4f9e5-3e32-4af2-8afd-12054ce9413e,16,12,21601.75,4,4,4,444,High Value / Loyal
39a66370-341d-41b7-bbe0-af42cb4402a6,90,1,699.14,2,1,1,211,Low Engagement
39a7ca1b-18ed-410c-9ecf-f9364d857b29,73,4,3561.33,3,2,2,322,New / Promising
39a7de31-eaa1-449c-964e-d1442add6e69,89,9,6759.63,2,3,3,233,At Risk
39ae7572-c8cc-4561-9c5c-ba463abdbae6,48,8,4671.73,4,3,3,433,High Value / Loyal
39be333a-8ebf-4ca9-858b-e4b2342b79b8,218,2,1797.5,1,1,1,111,Low Engagement
39bfcb39-d38f-43bb-a32e-78b9293a6797,4,6,8820.26,4,2,4,424,New / Promising
39c45051-8768-4ae3-b763-0404f773dd80,115,5,2065.87,2,2,2,222,Low Engagement
39c7fdbc-f9d7-444b-a36c-2a08d6dd86bb,67,5,2792.56,3,2,2,322,New / Promising
39c8b690-8f19-4254-acf2-3b2ef0f983e1,86,6,1439.5,3,2,1,321,New / Promising
39d8d6cd-7cc8-441f-b3c3-e6092fe25682,100,9,7001.98,2,3,3,233,At Risk
39f333cd-9827-49b4-b6ca-6e75835ac782,138,11,7750.49,2,4,3,243,At Risk
3a00b6f3-372a-41fe-af04-a71484259e60,234,1,406.78,1,1,1,111,Low Engagement
3a018724-a348-410e-bc67-c675baf0eaf8,143,1,235.5,2,1,1,211,Low Engagement
3a02edd6-3c2c-422b-b9ec-5b67da6a0b97,431,12,15753.06,1,4,4,144,At Risk
3a13c640-2d99-4db2-9787-2d84a72baad8,28,8,7919.48,4,3,3,433,High Value / Loyal
3a17d5df-de05-436f-a003-72d5f95b5401,63,3,598,3,1,1,311,New / Promising
3a354b44-2608-4817-bc6b-ccf95f6e32e5,106,2,1605.41,2,1,1,211,Low Engagement
3a4f5d8d-0fcd-48b0-929c-362a227a5ea3,66,10,5753.84,3,3,3,333,High Value / Loyal
3a75e54f-375a-4936-9706-34da54a8fc9d,73,4,3000.82,3,2,2,322,New / Promising
3a794574-1134-4820-b19c-e2a6d074c5fd,107,11,8859.12,2,4,4,244,At Risk
3a7ec530-fe6d-4047-9d2b-f1536af8fe94,102,12,6299.73,2,4,3,243,At Risk
3a912f40-d75f-4f48-9856-9606c72832a6,82,10,8550.94,3,3,4,334,High Value / Loyal
3aa01f66-6c90-412b-89d1-0378cdd5816c,51,6,3438.63,3,2,2,322,New / Promising
3aa0a31a-14ca-4a29-9641-e81324e63a61,13,5,4956.12,4,2,3,423,New / Promising
3ab309c2-7b68-4c45-ae01-5d674b5ffcc3,23,4,5683.69,4,2,3,423,New / Promising
3ac752a9-081e-48b4-b324-132bd7b40df3,105,6,2455.43,2,2,2,222,Low Engagement
3ae0b541-ab93-406b-8de3-524a30496439,625,1,467.96,1,1,1,111,Low Engagement
3b0e57a1-8807-4af4-a571-95cc301e93bd,61,5,1619.81,3,2,1,321,New / Promising
3b111473-aa15-42b8-8de2-5fa1a5c8fcc8,520,2,3922.39,1,1,2,112,Low Engagement
3b1881c1-4b9c-45df-a9c5-52e85a2161c2,210,7,7984.29,1,3,3,133,At Risk
3b1c64bc-5b42-4784-b79b-810953227441,72,6,2878.81,3,2,2,322,New / Promising
3b22d591-348b-494c-bb83-16f9d7ec2ef2,10,8,6774.02,4,3,3,433,High Value / Loyal
3b43d665-3f23-4017-877c-028dfc77c3e3,109,4,1864.7,2,2,1,221,Low Engagement
3b569f56-cf60-4f87-a878-7af85c3ba25a,112,7,4065.85,2,3,2,232,At Risk
3b584162-45ef-49be-9155-45ed623c6eed,16,11,6299.39,4,4,3,443,High Value / Loyal
3b79b223-acf2-4a43-8fa5-7a123d0505ea,118,5,1689.49,2,2,1,221,Low Engagement
3ba570e1-085d-4a8c-89d6-6c8d391a4952,48,12,5228.54,4,4,3,443,High Value / Loyal
3bd7e2e6-f681-4f50-aa5c-2a4ca9cfb90f,20,17,15548.25,4,4,4,444,High Value / Loyal
3bf53309-47c4-4598-a73a-f293fd7e0aa8,74,1,406.68,3,1,1,311,New / Promising
3c13602a-a855-4dbc-88dc-aa34e85b7c22,110,11,15127.44,2,4,4,244,At Risk
3c480611-09c9-42fe-91a9-d3cb3a6f413f,190,3,2130.85,1,1,2,112,Low Engagement
3c66a6b4-34bf-41e2-988b-9b89073be6f2,114,1,961.68,2,1,1,211,Low Engagement
3c83da41-e8c8-4ccc-94dd-ac8cf889deb3,164,8,6779.85,2,3,3,233,At Risk
3c88a8c0-bc9f-41d1-9240-997adf34e906,19,1,398.73,4,1,1,411,New / Promising
3c8dc57f-69f0-42f4-8531-19df2e560328,22,2,782.57,4,1,1,411,New / Promising
3ca039ab-91b8-4b33-9edc-10aa3975958f,32,2,534.22,4,1,1,411,New / Promising
3cc3cdfc-d3ef-4197-b960-7a0d4cf9a658,58,4,746.37,3,2,1,321,New / Promising
3cc7a4d7-af8b-45ba-8b1e-67961588b621,88,2,254.02,3,1,1,311,New / Promising
3ccc1e8d-e46b-4244-bb0d-92b175f8f605,95,10,5264.37,2,3,3,233,At Risk
3cfa57a2-e880-4969-b713-2751ede82494,2,5,5113.46,4,2,3,423,New / Promising
3d15c5a3-ba78-46d4-8beb-3b8cf4b1c43c,12,15,17052.25,4,4,4,444,High Value / Loyal
3d1fcc8a-ff5c-4a7a-95c2-1ffeea7a0e41,212,13,8387.64,1,4,4,144,At Risk
3d29a479-0ae8-4294-8eb5-0dc423b20fca,372,3,1736.37,1,1,1,111,Low Engagement
3d2a8980-557e-42d1-b1ce-207d4ad1e077,186,14,13251.47,1,4,4,144,At Risk
3d2b8eab-07dd-4900-9389-f468deb10694,16,9,9848.11,4,3,4,434,High Value / Loyal
3d30ca90-4186-45e8-a66a-f637f7e38cba,85,3,1981.75,3,1,1,311,New / Promising
3d3b020d-98c0-443c-830f-e1244a4ebc3b,91,18,12721.75,2,4,4,244,At Risk
3d4b7bd9-af5c-49fa-bd9f-7760273ea17d,85,9,3720.23,3,3,2,332,Low Engagement
3d544618-c904-43f9-bd87-9fc27ddc2a81,178,3,445.27,2,1,1,211,Low Engagement
3d608b02-0973-400c-8e67-37d526cddaf6,17,1,463.95,4,1,1,411,New / Promising
3d74ab08-d0c1-4544-9df6-213e99097620,75,8,4391.62,3,3,2,332,Low Engagement
3d799d0f-a474-4d62-b3e4-166a55596509,193,7,6024.76,1,3,3,133,At Risk
3d844092-71ae-4cbe-8251-ef628a44cf3e,12,3,1456.27,4,1,1,411,New / Promising
3d9c7948-fd36-4dff-ac12-8fafc9d134a8,128,2,2871.59,2,1,2,212,Low Engagement
3da64114-3e1d-4757-a1b6-2dd71898afd6,98,9,3443.3,2,3,2,232,At Risk
3db3f7f7-644e-4a1e-b16e-4717f29bd5a3,80,3,638.59,3,1,1,311,New / Promising
3dd1d727-260b-4bf0-a869-031f61f92097,95,11,11593,2,4,4,244,At Risk
3dd87a40-107a-4976-8145-7baf0783595e,8,6,4306.77,4,2,2,422,New / Promising
3dff7906-b40d-4dcc-8cb0-39fa837470ab,86,10,5923.82,3,3,3,333,High Value / Loyal
3e27f228-e376-4c03-89b2-2895f220b763,257,9,8000.96,1,3,3,133,At Risk
3e341451-d8b6-44cb-8fc8-945b06f48c02,13,8,8504.9,4,3,4,434,High Value / Loyal
3e40e43a-431e-4146-851d-399bad1bd02d,274,1,107.65,1,1,1,111,Low Engagement
3e4f923c-547f-4a35-abc3-8f918c1e5f4c,243,7,3297.85,1,3,2,132,At Risk
3e4fc6c7-0024-4219-99de-65f9649c8b90,83,11,12413.79,3,4,4,344,High Value / Loyal
3e6805d9-10f6-44b3-bfbc-fb0481bc3988,71,6,5624.76,3,2,3,323,New / Promising
3e6d4478-9fde-4c6a-b359-048e12c4e576,712,3,2959.34,1,1,2,112,Low Engagement
3e704f9d-46f7-4b86-a849-36324119649b,96,22,66929.13,2,4,4,244,At Risk
3e70a166-9db3-41b8-bc9a-82b69b9811ad,85,2,2659.6,3,1,2,312,New / Promising
3e97841f-1658-4d12-8448-ac34c010efeb,157,4,3232.34,2,2,2,222,Low Engagement
3e9c1129-419f-48c1-8e0f-b53a0e3599df,89,10,6647.32,2,3,3,233,At Risk
3eb2fa6f-4d4f-45d4-85b1-f22d94e8308d,111,1,115.88,2,1,1,211,Low Engagement
3ebc01e8-b527-454b-a64f-f7425b29c780,60,4,1680.51,3,2,1,321,New / Promising
3ebc1d42-5fa6-4dbe-881b-6aff28484c2d,217,2,1048.45,1,1,1,111,Low Engagement
3eda59f9-61b0-42e2-bc2d-f4bda6887ca1,67,10,13047.75,3,3,4,334,High Value / Loyal
3edd92e7-bf44-48f3-88aa-c3911ed9a3b6,124,2,2467.96,2,1,2,212,Low Engagement
3ee1ed13-69b6-4d54-bc4e-55c579a2d34c,66,6,6904.47,3,2,3,323,New / Promising
3eebe61b-bab1-41ac-8dd3-ed28b9c501c3,321,6,3162.47,1,2,2,122,Low Engagement
3f074de4-9dca-45a3-ba4e-9c228bb3fb1e,37,1,714.73,4,1,1,411,New / Promising
3f1472eb-1b5f-462a-8bcf-c57991ebd356,74,5,4979.47,3,2,3,323,New / Promising
3f289462-576d-4fba-9db0-5ea2867f9741,114,5,2904.28,2,2,2,222,Low Engagement
3f2e8993-c0c6-453f-8c76-426e92c7fd52,572,3,2905.44,1,1,2,112,Low Engagement
3f43fa6d-37bc-494c-b211-3f55b0b02e00,474,2,2767.32,1,1,2,112,Low Engagement
3f44d931-c793-4036-8fb8-e9673ee16c99,188,3,3057.03,1,1,2,112,Low Engagement
3f5dee45-5fb4-4624-a1c5-31abf4113238,75,5,3671.52,3,2,2,322,New / Promising
3f64488a-b87b-478b-9c47-322393739659,150,3,1046.02,2,1,1,211,Low Engagement
3f7d0709-45db-468b-95d3-80fd82a29e6f,88,6,3223.35,3,2,2,322,New / Promising
3f81eb08-616e-444a-a7c9-c16f01e1df25,33,1,3171.18,4,1,2,412,New / Promising
3f8c6a06-c190-4942-b48e-61841fdd5172,216,13,12417.91,1,4,4,144,At Risk
3fc19b81-3a5c-4aed-8264-e112c2e0645e,62,4,3032.84,3,2,2,322,New / Promising
3fc2553b-b0eb-4ac9-b121-27c8acec60bf,126,1,414.78,2,1,1,211,Low Engagement
3fd6341c-40d9-4e8c-80cf-a9021bfb8b0f,31,11,6454.82,4,4,3,443,High Value / Loyal
3fd9bfa7-badf-4ab2-8a61-13e416e279aa,90,4,3846.17,2,2,2,222,Low Engagement
3fdbc1ba-5b1c-40dc-98e6-5c588f546f91,106,14,8809.43,2,4,4,244,At Risk
3ff6b628-7938-4304-a0ad-81fe25f7aeec,94,3,2392.3,2,1,2,212,Low Engagement
40106d6b-2d0a-4106-bbb6-06e1970725a9,83,4,5790.46,3,2,3,323,New / Promising
402ceb06-ec8c-4fe2-9d4b-b6946d12e03b,88,1,1209.87,3,1,1,311,New / Promising
403bacd6-bdcf-4d62-802d-a444b4b6680a,111,18,11790.37,2,4,4,244,At Risk
40470d5a-248d-4b7f-a985-f5dacf0fe9b6,160,3,5520.46,2,1,3,213,Low Engagement
40476713-0b8a-4f3f-8b8f-376bf7ae98ea,136,10,7524.6,2,3,3,233,At Risk
4058930b-1ece-43cf-a463-e0ebc063f8e8,122,6,6062.75,2,2,3,223,Low Engagement
406c027c-070f-4611-95f8-70cdbe8c9bf3,63,1,1235.3,3,1,1,311,New / Promising
40705413-1f11-4be2-a557-242b17677342,183,3,2177,1,1,2,112,Low Engagement
407ee47f-c846-4744-9cc0-03d318f83d3e,125,4,1381.9,2,2,1,221,Low Engagement
40806067-8f1e-4375-a69e-93e29d1d78aa,21,10,8515.01,4,3,4,434,High Value / Loyal
4082b5d6-a524-47e0-9a1f-1307d40afe0c,94,5,1964.81,2,2,1,221,Low Engagement
40b7f601-84af-4b94-b489-2e1339df846c,59,18,13353.06,3,4,4,344,High Value / Loyal
40d5f63a-2453-49ad-aaa2-aaf3b2700322,9,5,5989.59,4,2,3,423,New / Promising
40e722dc-2479-4d84-8d53-fdaa87d64382,206,2,282.29,1,1,1,111,Low Engagement
40ebeba7-1292-4e4a-ae64-842672d67f9d,92,7,4923.75,2,3,3,233,At Risk
40f0c73f-35b1-413b-980a-9d41b0e48f55,131,15,8586.03,2,4,4,244,At Risk
40fa86a6-4d94-4cc1-845a-e89e66474fde,110,2,1773.15,2,1,1,211,Low Engagement
410fdcdc-5f68-4b25-93bd-8612417c9d75,198,11,13652.33,1,4,4,144,At Risk
411684e7-3dbc-4575-a09f-d0ebcc2bd297,110,2,888.82,2,1,1,211,Low Engagement
411f0a82-d156-40e7-8a5b-d216b24aebe1,88,4,9831.33,3,2,4,324,New / Promising
412244b6-1fc1-4af3-8deb-2c2cac7a7c8c,66,1,71.71,3,1,1,311,New / Promising
41468c27-6993-4925-97ad-232d68ab0d42,189,4,4439.33,1,2,2,122,Low Engagement
41534119-7ee5-46d6-a6e8-28023f4c63b8,56,9,9930.17,3,3,4,334,High Value / Loyal
41762061-ae54-4975-8d6f-628fdf462b56,60,7,5858.2,3,3,3,333,High Value / Loyal
4189e05a-9878-400e-9dcf-400ebb00842e,24,10,8614.02,4,3,4,434,High Value / Loyal
418a9d70-754a-4575-a260-e872f8be2a2e,472,6,2013.4,1,2,1,121,Low Engagement
418ef55b-48d0-44d3-8513-caeb78616110,13,2,1216.4,4,1,1,411,New / Promising
41a3b6a1-c249-47e8-8e73-928675290d81,16,6,5479.97,4,2,3,423,New / Promising
41b24efb-95f8-42c4-8bea-2a32d6e5297e,55,1,275.32,3,1,1,311,New / Promising
41bce1ff-ce3d-4c4f-bc57-5ed481225cc1,110,3,4678.95,2,1,3,213,Low Engagement
41db5c6f-7229-4d20-bb4c-b3d9f3f5699a,113,10,8864.47,2,3,4,234,At Risk
41ddfe39-4789-45c1-8339-58900d8cd6d5,66,6,7625.1,3,2,3,323,New / Promising
41f6af96-f016-478e-ae87-0205bd64145c,121,9,6450.59,2,3,3,233,At Risk
41fd0138-8515-46bb-8fcf-961d9d6a7c33,63,6,5152.18,3,2,3,323,New / Promising
4202376b-5010-4fe0-b019-ea12606dc6a3,72,9,11360.3,3,3,4,334,High Value / Loyal
420d30bf-5c49-4cd2-94e2-ad97d77ef0b9,59,8,4903.02,3,3,3,333,High Value / Loyal
421a97ca-5a54-46c2-8975-c8dcf80d3328,335,1,87.84,1,1,1,111,Low Engagement
424b2dc3-0912-4e02-8588-b0e132334c56,287,17,13884.29,1,4,4,144,At Risk
424ebf51-8a44-499d-86b7-f99b37cdc3be,73,13,14395.74,3,4,4,344,High Value / Loyal
42619ed7-cc16-4e48-ba7f-bdbfea897080,120,4,1030.38,2,2,1,221,Low Engagement
426ba742-44a6-42a1-90df-913a8ed54e8e,36,9,4351.57,4,3,2,432,Low Engagement
426c4dcd-d40d-4e1f-ac0b-e11708b7f8c3,104,6,6170.23,2,2,3,223,Low Engagement
426e0c42-3382-4ed7-b527-375f073cd0bd,148,20,15492.65,2,4,4,244,At Risk
4276d3c7-a160-46f5-8ce6-935108c2f368,106,3,2382.59,2,1,2,212,Low Engagement
427e13c5-65f8-49ef-b350-aa8717facd3b,174,1,14665.2,2,1,4,214,Low Engagement
42983089-9d2d-42e4-b319-7b7ae4e77f21,63,11,11771.72,3,4,4,344,High Value / Loyal
429e97bc-e64b-41e5-bcee-a0f1c9de87fa,110,9,3864.79,2,3,2,232,At Risk
42a2d4e8-e887-4c43-ac67-f8a559612006,446,5,3034.71,1,2,2,122,Low Engagement
42a9d3b0-f7c5-493e-815a-54d22d6891ae,60,15,12015.65,3,4,4,344,High Value / Loyal
42cea5c5-8445-4696-bf74-8d3286ae09a2,87,4,2172.42,3,2,2,322,New / Promising
42e4d06f-9314-4aa6-9b82-76392e3d1375,338,8,6788.02,1,3,3,133,At Risk
42ea6eb5-e113-413d-9d1a-af0c8b9876fe,19,4,3165.19,4,2,2,422,New / Promising
42ed1278-2c2d-4b22-9442-688a5dd26bae,122,9,5472.94,2,3,3,233,At Risk
42f5c0f3-b5a0-4344-a944-b1629b253771,69,20,12437.3,3,4,4,344,High Value / Loyal
42f77b2d-2f90-45a9-adc7-f65b6e7148c8,37,12,7033,4,4,3,443,High Value / Loyal
4304e6b4-54ec-4dd2-896b-09bcc6b4ba6e,279,4,3437.61,1,2,2,122,Low Engagement
43067e11-0b92-455f-966f-609789b3415d,19,5,5577.8,4,2,3,423,New / Promising
430e1f91-086c-4f63-9034-26f59dc3f512,192,9,6548.96,1,3,3,133,At Risk
43190938-c513-4cae-a380-d8eaae993c03,32,4,5781.59,4,2,3,423,New / Promising
4319837a-5744-40d0-9439-0f4d0cf8d027,76,22,17278.6,3,4,4,344,High Value / Loyal
431e3277-ce40-42e9-bd42-ad2d349e41b6,18,12,13553.85,4,4,4,444,High Value / Loyal
4328903f-cd07-4a54-bc9a-dc1bbd2f2a15,73,10,5558.5,3,3,3,333,High Value / Loyal
4342f7b3-5de2-4601-b16f-6547bb026806,364,3,1613.08,1,1,1,111,Low Engagement
4347ede9-02f3-4896-a27d-59175dd1571c,85,1,378.74,3,1,1,311,New / Promising
43484084-694d-416b-a9ea-32345879bbc1,63,2,1726.78,3,1,1,311,New / Promising
4365af88-4518-4597-a2fd-a123a7b73669,117,4,1668.99,2,2,1,221,Low Engagement
436a04fc-d3a2-464e-babe-97c1afdb86c6,44,9,4125.98,4,3,2,432,Low Engagement
4389c610-25db-4c54-bdcf-1f3dfd62a3ef,168,4,762.24,2,2,1,221,Low Engagement
439018b2-0918-4e15-b860-1dddc8ef4806,78,1,133.62,3,1,1,311,New / Promising
43b922af-9309-4527-bb28-3f198185ed38,171,1,92.58,2,1,1,211,Low Engagement
43cdbd4e-e966-4770-a128-91a9edb4e79d,75,13,11130.66,3,4,4,344,High Value / Loyal
43d172e3-4ee1-475d-8055-7564eae30fba,90,13,10641.28,2,4,4,244,At Risk
43e106e9-be5d-4bcf-ba9b-19da38bafc7f,53,7,4700.35,3,3,3,333,High Value / Loyal
43e7e44d-ac66-41f4-b50f-86c69c85ed6d,160,2,4909.78,2,1,3,213,Low Engagement
43eef669-ebe6-4ea4-825c-707d4364f41b,76,9,3616.09,3,3,2,332,Low Engagement
43f4155a-69e9-4962-bfaf-06bd252863c8,69,14,25539.8,3,4,4,344,High Value / Loyal
43ff448f-36b9-477f-b94c-7b6c42e37d5c,37,2,2406.68,4,1,2,412,New / Promising
44045868-ae2f-4166-ba0f-a9cebd047dd0,179,10,9111.02,2,3,4,234,At Risk
44223892-e36d-48d6-808b-172e45d4c0cd,119,1,993.47,2,1,1,211,Low Engagement
442833c0-a74b-4aab-8e8d-ec6dddbc6124,35,6,9936.25,4,2,4,424,New / Promising
44652f76-88c3-46c0-b5aa-4cc71e29008a,70,3,1974.14,3,1,1,311,New / Promising
4466459f-76c8-433c-814e-6d59cb4131fc,11,4,3820.41,4,2,2,422,New / Promising
4476e1f7-a34b-433a-b12a-494098e284f8,194,3,890.49,1,1,1,111,Low Engagement
448c9197-da62-4a9d-ac6b-e12f8fbfb85c,96,15,11049.61,2,4,4,244,At Risk
44adc54c-cb19-4821-9f13-d271023b4185,93,2,398.34,2,1,1,211,Low Engagement
44b7e08c-74de-441f-aae3-2129fe986f01,90,1,262.61,2,1,1,211,Low Engagement
44b83fad-c7e8-4fc8-809a-78abbd63c8df,474,2,1802.66,1,1,1,111,Low Engagement
44c49dbc-6a2e-4834-aeea-4b98ed5a7eed,160,8,3606.42,2,3,2,232,At Risk
44c5c8c8-d5c9-4087-8c11-a3ef4c87e2d8,43,7,3275.87,4,3,2,432,Low Engagement
44d4efd1-fa3c-485f-aad2-dd0365c208a6,189,4,4000.73,1,2,2,122,Low Engagement
44d68a31-e259-4a6d-876d-0c66f629f124,4,15,15412.97,4,4,4,444,High Value / Loyal
44e57d47-01ea-4b6b-a888-1a85ae95c583,77,4,2531.8,3,2,2,322,New / Promising
44f0da9a-7a4b-4b40-8b16-880140257151,242,11,6719.41,1,4,3,143,At Risk
44f37646-a872-45e7-9e54-e9eb6f976818,58,3,3521.52,3,1,2,312,New / Promising
450be26e-3e02-4557-94e3-e982c2b033fb,18,9,4671.94,4,3,3,433,High Value / Loyal
4513d5d4-3c1f-4163-986e-97739e5178ab,563,2,1547.36,1,1,1,111,Low Engagement
45206d9b-e463-4e57-a74d-b8e06691a799,68,1,104.66,3,1,1,311,New / Promising
4520db4d-7c4c-4bcb-bb33-6680d0df4ec8,34,9,5603.73,4,3,3,433,High Value / Loyal
45286875-6e64-470f-916e-e11f9a903ddf,83,5,5528.41,3,2,3,323,New / Promising
452adbe8-c346-4295-87cb-7f6f3f1a1baa,112,5,6095.22,2,2,3,223,Low Engagement
454d1f29-f99f-4977-a4af-a7f3aa5859e6,83,19,10337.68,3,4,4,344,High Value / Loyal
455c05cc-3c5c-4f02-bd67-d412d9d25394,116,7,4537.99,2,3,2,232,At Risk
456ea747-aba0-45b9-82d6-631445648fb5,110,6,2572.82,2,2,2,222,Low Engagement
45766d75-9c07-40b6-af43-e31792cf38a5,46,2,2022,4,1,1,411,New / Promising
457a0061-7498-433b-86aa-2ec954b70428,59,7,2587.39,3,3,2,332,Low Engagement
457db493-1065-4744-9ffe-592adfcff562,91,8,2922.91,2,3,2,232,At Risk
45a6a2bb-b2e7-4e5f-b4ae-7a8c39867b6a,132,7,38340.15,2,3,4,234,At Risk
45af223c-9e0f-42b7-adf4-49cfba8caece,107,6,6109.26,2,2,3,223,Low Engagement
45c5f036-deef-4a3e-a137-8c4da6064b54,112,8,7256.31,2,3,3,233,At Risk
45d56242-00ab-4ad3-a9b2-fe47093219dd,168,12,6540.68,2,4,3,243,At Risk
45e56f18-9c4a-4a3a-8d08-8ef6d885d762,74,5,2516.97,3,2,2,322,New / Promising
462453eb-3d26-4e56-bf8e-26e9479adaa2,68,6,3039.57,3,2,2,322,New / Promising
46322b53-8812-4bcb-bbc1-b20ce6f024f4,191,3,1230.01,1,1,1,111,Low Engagement
463466b7-b968-4eec-8eae-19b77c76488c,62,10,4903.97,3,3,3,333,High Value / Loyal
4635f993-73c1-40b5-9503-9d52123214b3,3,4,5743.91,4,2,3,423,New / Promising
464c6245-4747-4d9f-869e-facc55c198db,100,3,1015.94,2,1,1,211,Low Engagement
46500270-37db-4999-8820-cc9bfd3f32b5,178,4,2393.67,2,2,2,222,Low Engagement
4655e448-7d73-48c9-bab8-3d4a6f374815,3,5,4387.91,4,2,2,422,New / Promising
465901d4-f996-440e-afbd-8ca9f651bef8,202,8,11099.72,1,3,4,134,At Risk
46763460-143d-404c-9cdc-b56d11cd1560,85,9,6315.82,3,3,3,333,High Value / Loyal
467ffe22-53bf-4ab5-8aac-b7233700d4a3,90,21,12620.35,2,4,4,244,At Risk
46838392-a86e-41ea-8ba0-8d8688cbbd7c,571,1,808.35,1,1,1,111,Low Engagement
46b4b538-f16b-4e55-ab81-9628329ec7ba,354,11,8180.37,1,4,4,144,At Risk
46bd04ed-75e8-46f2-8f2a-7b2e716b4e35,34,1,305.18,4,1,1,411,New / Promising
46bec73e-b783-4583-b05c-af83b6244e83,889,3,833.73,1,1,1,111,Low Engagement
46ce1e23-14e5-4489-8182-2d197aed849b,67,7,4784.13,3,3,3,333,High Value / Loyal
46d4c070-cce6-4c2d-9844-6679ceaf50d8,73,4,3834.64,3,2,2,322,New / Promising
46d522a7-5844-4c3a-8976-cd3d65e26628,122,5,6265.49,2,2,3,223,Low Engagement
46de7e63-4239-4514-9093-4981747012e2,78,13,19096.37,3,4,4,344,High Value / Loyal
46e150e1-aa86-489e-915a-dda7855c13d9,191,6,6852.98,1,2,3,123,Low Engagement
46ef5876-91f0-4814-a954-89003e25876c,70,4,6100.2,3,2,3,323,New / Promising
4706c7d4-1d45-4a94-9e9a-69a97157cce5,97,3,2009,2,1,1,211,Low Engagement
470722bc-a95a-4a5c-9c7f-aaaa61c67c66,244,11,14420.55,1,4,4,144,At Risk
473725d5-2ba2-4ecb-817f-b74d1049367f,250,3,2202.66,1,1,2,112,Low Engagement
473c5915-a289-4ba3-8e4d-9579b1b43b4f,67,7,4227.33,3,3,2,332,Low Engagement
47492b84-48b7-449e-9ae8-d5dacbfce8e1,154,10,24546.18,2,3,4,234,At Risk
475a9f7e-fc23-4b00-9e3e-14c6c782e2dd,1,20,11326.24,4,4,4,444,High Value / Loyal
475fe6d4-438b-4ea6-a380-c923102b5739,91,2,1096.33,2,1,1,211,Low Engagement
477910e5-7871-493d-84f3-96e0686d9625,62,6,1709.63,3,2,1,321,New / Promising
47942020-4509-4eb1-a283-22845ba8121c,17,7,2753.17,4,3,2,432,Low Engagement
4795418a-acf3-44b2-805a-7b8c4545f04b,307,2,6436.72,1,1,3,113,Low Engagement
479842a0-b9e0-4083-81e7-9a8fb9d9bcfb,59,6,2397.08,3,2,2,322,New / Promising
47b9fe35-1380-48a6-bf61-e745d0bb3354,139,13,10802.96,2,4,4,244,At Risk
47dfd422-0e10-4427-923c-357b35fbf382,273,4,5504.77,1,2,3,123,Low Engagement
47e430da-b5f2-45a4-985b-acb67bc70c99,119,8,5942.01,2,3,3,233,At Risk
47ef0ab9-8d27-4e81-8a8b-293868febced,594,1,1035.72,1,1,1,111,Low Engagement
47f56dcd-6e75-41a3-9896-21eb3cba89fb,479,7,2010.64,1,3,1,131,At Risk
48072bb1-4d1d-4473-954b-81982b388e73,89,3,1833.4,2,1,1,211,Low Engagement
4814f6dd-e570-477f-95b3-98644f496351,225,9,2050.68,1,3,2,132,At Risk
4815a85f-93ee-4920-9b2f-234abd2537f1,67,10,7513.7,3,3,3,333,High Value / Loyal
4822c9bd-d6fa-413c-8f65-d5296d00d4c1,4,11,8111.46,4,4,4,444,High Value / Loyal
4827dae4-bb03-42a6-a028-1bc34bf8e5b0,54,2,1011.89,3,1,1,311,New / Promising
482cc91c-1081-41b0-b5b0-b5863f7f36f1,356,7,2544.06,1,3,2,132,At Risk
483977d6-59a3-4d37-acfe-4ae889bad936,96,12,7413.67,2,4,3,243,At Risk
48405c0e-84f6-41d1-bde3-0ad2511dd911,182,18,15632.26,1,4,4,144,At Risk
484782ef-93e6-4ecc-8575-a9fa32c2d659,180,7,2586.94,2,3,2,232,At Risk
48513906-63ed-4229-977b-26aeb0fec64b,161,1,165.6,2,1,1,211,Low Engagement
4854a14b-b223-443e-93d2-945b4ea3035e,38,10,7992.08,4,3,3,433,High Value / Loyal
485df1e2-a74c-405a-9725-e7a6ba3d29f3,195,8,3725.7,1,3,2,132,At Risk
48662c8f-44ad-456c-8feb-47ac31ae308c,139,1,1566.24,2,1,1,211,Low Engagement
486ae1ae-59f7-4b0f-aa91-1104b8eb41a8,34,8,6145.72,4,3,3,433,High Value / Loyal
487a3591-0d83-41be-862a-eeb1544622a9,69,10,27937.85,3,3,4,334,High Value / Loyal
488565e1-2d63-4e5b-83f3-466adaa8aeb9,124,5,4898.19,2,2,3,223,Low Engagement
488b5382-f1f2-4352-97d7-f6e1507ec18e,199,12,97898.81,1,4,4,144,At Risk
48a130ba-cda9-4126-9c09-fdd99eb7fe47,21,7,5002.16,4,3,3,433,High Value / Loyal
48ac7cb4-ccb9-4bf0-9c4a-cff078780c1e,57,11,6868.33,3,4,3,343,High Value / Loyal
48c7ab0f-2dec-4547-8477-e2444ebbf37b,685,6,5094.11,1,2,3,123,Low Engagement
48cf796c-b863-49cc-b3d4-08442372cd5e,35,17,11902.23,4,4,4,444,High Value / Loyal
48d9e33c-814b-4039-af61-1acbd256a7a3,449,12,6211.51,1,4,3,143,At Risk
48de89bb-aba5-485c-a816-faa279d4be5f,110,3,2238.15,2,1,2,212,Low Engagement
48e18dbd-9ac6-47c9-a35d-f29c57f214f8,50,13,8373.35,3,4,4,344,High Value / Loyal
4912f603-52ee-4624-9e4e-09e2af83c536,135,4,2961.62,2,2,2,222,Low Engagement
492d9c3b-1ac8-4e9d-952c-74540e3fadbe,92,13,12089.42,2,4,4,244,At Risk
493a6ff5-2f32-4422-8456-bc508f437440,171,3,2685.36,2,1,2,212,Low Engagement
493e6d34-3066-460e-99e4-6ac16a500c13,70,10,10401.43,3,3,4,334,High Value / Loyal
494cab2d-0f53-4c08-9f05-69f4cf181120,301,9,6126.62,1,3,3,133,At Risk
4958c3f4-a361-467e-abf3-8240fb3b0e61,209,10,116546.58,1,3,4,134,At Risk
4960174a-3ac8-4a98-8466-c731462479e5,122,13,9575.6,2,4,4,244,At Risk
49618fb5-ba4a-4e3f-b1e1-01b36239bd6c,228,7,6183.64,1,3,3,133,At Risk
49765eed-dc51-4b30-b512-699d06a87c18,69,1,912.55,3,1,1,311,New / Promising
497ecab1-894c-4d28-b797-d50dac4cf8b1,51,9,10390.16,3,3,4,334,High Value / Loyal
4987fb14-4788-40af-b808-d51b7c5f83c4,99,7,4470.49,2,3,2,232,At Risk
498e0d46-8130-46e4-b997-cf74a400dcd1,37,9,7235.47,4,3,3,433,High Value / Loyal
4990193e-6429-4479-bf56-8489dcba9deb,17,15,14919.1,4,4,4,444,High Value / Loyal
49922ff3-e0db-433e-9a60-eb1657d3b03d,23,5,4079.82,4,2,2,422,New / Promising
49b0a965-4db2-4189-9abb-fe0976703263,427,4,1469.94,1,2,1,121,Low Engagement
49b39e37-ee45-4dbf-a8cf-25fa86a2e1af,644,1,734.01,1,1,1,111,Low Engagement
49b917bf-7a76-4452-89d2-7b16cc0224c8,15,8,9091.03,4,3,4,434,High Value / Loyal
49bbeaa7-b883-45e7-b950-0e36daff8dde,286,1,153.27,1,1,1,111,Low Engagement
49bc9e53-e6ed-4d7a-99fd-9a0d6c21787e,191,1,355.82,1,1,1,111,Low Engagement
49be3b95-f4d3-4fc2-a562-fef2f9d31426,7,5,4306.4,4,2,2,422,New / Promising
49c84e8f-130a-414c-a957-b6ddce147eb8,76,14,5884.53,3,4,3,343,High Value / Loyal
4a1e278e-b844-4c0a-b20a-523dac758580,68,2,1578.85,3,1,1,311,New / Promising
4a331600-2a0c-47c1-a81e-01eb7ab3271f,28,4,2459.03,4,2,2,422,New / Promising
4a361473-ea59-4a96-9464-f4a1bd21d2b0,243,10,15132.12,1,3,4,134,At Risk
4a4ecccd-2d31-41cb-91bc-c726ddb690c1,453,5,4449.69,1,2,2,122,Low Engagement
4a5919c0-1a7a-440a-b6b0-b7aa0a589e5b,169,1,1137.65,2,1,1,211,Low Engagement
4a6ae571-8382-44f1-92cc-52fc18dbe74c,62,2,1199.46,3,1,1,311,New / Promising
4a6d3662-b373-455f-8d64-2df261535232,62,5,4768.28,3,2,3,323,New / Promising
4a81f4a5-b872-42a2-ae92-1f560de696ad,274,7,7920.09,1,3,3,133,At Risk
4a86b1ad-8c54-45c7-ae54-6ee8a276ab0c,213,15,12280.32,1,4,4,144,At Risk
4a86e5ea-71af-4035-bf35-0a569836f47b,102,5,8979.99,2,2,4,224,Low Engagement
4a8de0e0-09d8-4ba3-82ab-920ab7996b33,76,12,7641.41,3,4,3,343,High Value / Loyal
4a9446f8-fb50-481b-8c04-eba3203101c5,86,10,9159.96,3,3,4,334,High Value / Loyal
4aa4f970-3bda-4704-9a0b-737bb2045dd6,25,12,8726.13,4,4,4,444,High Value / Loyal
4aaf5007-d17e-4a8d-9e9a-cdaadbb79580,124,6,4072.92,2,2,2,222,Low Engagement
4ab753f5-3dd0-4d9c-9048-18066da28786,252,9,5402.77,1,3,3,133,At Risk
4ac913b6-9eb4-4d5a-b1fa-ac0ae2142491,180,8,17756.66,2,3,4,234,At Risk
4accc613-fb41-4dbd-ae53-7c4e93c7a2cc,72,22,11732.26,3,4,4,344,High Value / Loyal
4adddcfd-eaa2-40d2-9c6e-0990f371a674,91,6,3755.22,2,2,2,222,Low Engagement
4aed816b-6b6e-4a20-8279-67f946dd0ee4,254,10,6765.9,1,3,3,133,At Risk
4af66e9d-3d51-4204-a46b-e3050ee2a647,1,10,7928.07,4,3,3,433,High Value / Loyal
4b0280bd-65d5-454c-9a06-51855ae3509d,38,14,6269.02,4,4,3,443,High Value / Loyal
4b14881c-f707-4598-96d7-827b19d3087f,7,2,477.5,4,1,1,411,New / Promising
4b162f5e-786a-4148-83a1-780aaebf69d2,39,3,1529.11,4,1,1,411,New / Promising
4b1a354e-6624-4e16-be4f-8384c820e72a,171,14,7398.29,2,4,3,243,At Risk
4b400c06-67c0-4426-af64-b926da96150a,12,1,294.12,4,1,1,411,New / Promising
4b4367cf-f703-474c-a898-a26ef8dfbd8b,150,8,6491.62,2,3,3,233,At Risk
4b473af3-ce9b-47c4-8c54-df9e6504d779,85,2,1472.34,3,1,1,311,New / Promising
4b75145a-ee04-4f0c-907b-27bc75b6d7ee,58,6,5191.77,3,2,3,323,New / Promising
4b7c9b4f-abd7-41d1-818d-be1cda7314b3,132,21,13585.64,2,4,4,244,At Risk
4ba08613-973d-40b1-b040-f59a9a7a3bf9,155,4,2535.2,2,2,2,222,Low Engagement
4ba844c2-b56d-4403-9588-596cbd4c3784,25,4,2589.65,4,2,2,422,New / Promising
4badee81-6f4d-40b0-806b-f983d533632b,90,10,5299.6,2,3,3,233,At Risk
4bb95868-e220-480a-aa16-79ec6773cf14,59,18,8537.72,3,4,4,344,High Value / Loyal
4bc04a03-b971-4412-8ac3-0b59ef95680d,84,2,2633.08,3,1,2,312,New / Promising
4bcbe69f-d9ca-45a1-b527-2dafadb3c526,186,4,4842.21,1,2,3,123,Low Engagement
4bdd0a30-bf51-4cb4-b5e6-26554272d886,582,2,4057.96,1,1,2,112,Low Engagement
4be3de17-b5d4-476d-885a-19f6d30ea3a7,72,13,11490.22,3,4,4,344,High Value / Loyal
4bef1299-9c11-4621-9779-74f59b28f177,212,2,1416.2,1,1,1,111,Low Engagement
4bf3693e-2dd3-4dcc-a356-8445f17f19e5,134,3,7273.4,2,1,3,213,Low Engagement
4c1151bd-e057-4ad3-ae07-ec79a8da8658,58,3,704.9,3,1,1,311,New / Promising
4c30e132-0704-4459-a509-9eddde934977,70,3,3565.72,3,1,2,312,New / Promising
4c31b1ac-a38c-4579-a71e-b96b60fc3cb9,59,4,11453.78,3,2,4,324,New / Promising
4c385cb8-cc84-4911-aa22-5f6c1ffd3560,56,10,9121.3,3,3,4,334,High Value / Loyal
4c487614-4d80-4896-8b79-bef2e8d855f5,63,10,8990.14,3,3,4,334,High Value / Loyal
4c607ab5-997b-4c78-bdd5-26b275c32669,61,1,687.34,3,1,1,311,New / Promising
4c75ba96-b46b-40d9-8b96-e16a7a655277,201,3,965.46,1,1,1,111,Low Engagement
4c857e18-6fd2-4b98-b8f1-593dfcf40207,36,8,5402.41,4,3,3,433,High Value / Loyal
4c8ac31d-14e7-4821-b728-b90a2b9a29fe,36,15,15561.55,4,4,4,444,High Value / Loyal
4c9aeaa5-7ef3-42e3-8c22-6861931db527,67,1,464.32,3,1,1,311,New / Promising
4ca54899-83ef-47e4-a042-2ea6a126beed,1,14,26496.76,4,4,4,444,High Value / Loyal
4ccb8bb0-5849-4492-b779-a1dc31f64f6d,103,10,12072.74,2,3,4,234,At Risk
4cda8f56-fc94-4dd5-9515-6327984091f1,32,1,604.57,4,1,1,411,New / Promising
4cdd84f0-f5fd-4e7c-98b2-d5e69567817f,525,5,2098.06,1,2,2,122,Low Engagement
4cddf161-6221-4c9b-bb9a-45e7a7793a85,54,5,1045.9,3,2,1,321,New / Promising
4cebc20e-4489-46c9-ad4c-342cafbe24b1,46,15,12092.2,4,4,4,444,High Value / Loyal
4d20744d-2eb1-4faf-8c50-146062a8159e,100,10,8541.13,2,3,4,234,At Risk
4d20e4da-c326-456f-8f6e-9f6bad60496c,57,7,5578.93,3,3,3,333,High Value / Loyal
4d279cbf-3be8-4b04-87be-0a55082ff478,19,8,3043.46,4,3,2,432,Low Engagement
4d29e06f-d910-4c0c-95a9-a1e8d51460c4,18,10,5887.7,4,3,3,433,High Value / Loyal
4d2b1832-23ce-45c5-8bf2-645bc5a87a58,55,9,6622.84,3,3,3,333,High Value / Loyal
4d35b859-7e32-44ea-a3ec-90e22d9caffb,54,3,1207.53,3,1,1,311,New / Promising
4d3d7360-ab0a-4bdb-89d3-a2c7254c6ca8,578,3,792.4,1,1,1,111,Low Engagement
4d3eb4cf-ec9d-4fb2-aff4-8bcd5a77996f,18,5,2340.62,4,2,2,422,New / Promising
4d5dca2e-7c27-40d4-8fcc-a11aa8691bb6,58,9,9583.99,3,3,4,334,High Value / Loyal
4d5f50ea-97f8-4093-b25e-623b6b7748c4,37,6,2827.88,4,2,2,422,New / Promising
4d6cd11b-95e0-40e8-9462-64569987698b,342,2,260.2,1,1,1,111,Low Engagement
4d757ca7-7eff-4db8-a861-f7446cda908a,94,14,15715.18,2,4,4,244,At Risk
4d7ec31a-01b5-435a-8ae7-480767ac8012,467,11,4872.91,1,4,3,143,At Risk
4d8542f0-7633-4e68-b828-81ae179072ad,392,4,4439.95,1,2,2,122,Low Engagement
4d891ea2-1d16-4cea-9876-98080c05c4a5,620,2,1193.95,1,1,1,111,Low Engagement
4d8d3661-c673-4d0d-9ba2-483b035e6f38,65,17,11402.97,3,4,4,344,High Value / Loyal
4db16331-1af2-42aa-a573-7475de597f17,58,15,8531.72,3,4,4,344,High Value / Loyal
4dbb831c-5969-4985-b16f-c3ff5d13fa53,79,12,6772.26,3,4,3,343,High Value / Loyal
4dc138b9-ea9b-4ee1-9805-4d75c34416e4,63,3,956.54,3,1,1,311,New / Promising
4dc60f56-0e6f-4b90-9df6-db7f09de8024,56,14,11635.19,3,4,4,344,High Value / Loyal
4deb2f9b-ffb0-415a-b620-cbd8d467ebd1,96,14,11109.69,2,4,4,244,At Risk
4def30ba-37d0-4284-8c28-6bd29bf4f6ec,19,3,1886.62,4,1,1,411,New / Promising
4df0fef7-baf6-4d8e-808c-0abaee321224,14,2,3230.37,4,1,2,412,New / Promising
4df7dfab-6945-4aa3-b92d-6fa561c1f057,757,4,3411.49,1,2,2,122,Low Engagement
4e14b4df-95e0-4c03-965f-cb5e50dbe1ad,19,11,9863.71,4,4,4,444,High Value / Loyal
4e2e3688-ddfb-4d86-b275-63ed6a0f95dc,186,12,11266.12,1,4,4,144,At Risk
4e2f9031-3700-4fc3-bb4b-2f01d50fceef,22,17,16586.73,4,4,4,444,High Value / Loyal
4e355e61-962c-47d0-be39-928d311884e7,27,1,449.07,4,1,1,411,New / Promising
4e3d7088-34ca-4c4c-954b-62ab22ff6b8c,33,1,735.24,4,1,1,411,New / Promising
4e490ca0-4cfc-4448-b45b-c8f40e48ff42,114,3,1949.24,2,1,1,211,Low Engagement
4e4a3b78-56eb-462f-b68d-ce34d04db17a,15,2,1081.98,4,1,1,411,New / Promising
4e4c60aa-e9e0-43ac-8019-e6a15a1a9297,70,13,11157.35,3,4,4,344,High Value / Loyal
4e6095f6-c8a5-43ee-ae05-d008d6ace026,11,7,8613.51,4,3,4,434,High Value / Loyal
4e8f3c31-89c5-48b0-a72b-3bb0e3fdada1,134,5,3513.34,2,2,2,222,Low Engagement
4e98a8cd-e751-4ca1-8602-2258270b0761,139,2,549.86,2,1,1,211,Low Engagement
4eb019fd-9d05-4867-a7e8-42704ecc2ce7,581,2,1938.02,1,1,1,111,Low Engagement
4ebb409c-95d2-4a24-8b3f-a623a322dd5f,82,8,4584.38,3,3,3,333,High Value / Loyal
4ee5d856-5b47-461c-9356-104dc45ff2d9,42,12,7866.3,4,4,3,443,High Value / Loyal
4eec04e3-d9ff-4adb-b63a-fd69aee8024f,41,8,8008.02,4,3,4,434,High Value / Loyal
4ef33bc6-c148-4d06-9c79-7b5665d27432,149,1,568.5,2,1,1,211,Low Engagement
4f09a4ab-9f1c-4a4c-8bd8-96b2a9cbbbd1,18,5,2463.76,4,2,2,422,New / Promising
4f1744ae-cc29-4442-a209-b1895d08c1a2,221,11,5720.9,1,4,3,143,At Risk
4f17578d-c67e-4ca2-aa80-6a27f5ec2411,63,8,5260.52,3,3,3,333,High Value / Loyal
4f18963e-b454-49b4-93c6-c4eee5948858,529,1,216.85,1,1,1,111,Low Engagement
4f4615a3-0894-4b3c-80b7-e6563b31c2c1,195,12,10641.17,1,4,4,144,At Risk
4f496809-47e0-4a6b-a589-7201954efde0,63,6,6590.69,3,2,3,323,New / Promising
4f576e3d-c5d3-47fb-864c-3fd043f29a58,134,5,7257.13,2,2,3,223,Low Engagement
4f6af0c4-436c-4eb0-9ec2-e0a6ead4f992,70,4,4228.27,3,2,2,322,New / Promising
4f7a2289-5ed1-4800-ac2e-473705b84721,440,3,1882.66,1,1,1,111,Low Engagement
4f8130a3-7573-4b12-a4a9-5c2f5f948875,28,1,25.92,4,1,1,411,New / Promising
4f815bd2-02ef-4329-b267-d03c3d5369d4,58,7,3245.61,3,3,2,332,Low Engagement
4f90d47a-fae2-4775-8dbb-308733d74f63,30,12,5819.36,4,4,3,443,High Value / Loyal
4fbbecb5-61f6-4cd9-925d-94343b0e60be,143,13,11682.3,2,4,4,244,At Risk
4fc74226-e37c-4f2e-a692-9b0e0dada2c7,49,5,4638.14,4,2,3,423,New / Promising
4fca43c6-3424-4107-8d00-8b02b9a2fecc,742,2,934.7,1,1,1,111,Low Engagement
4fcda9af-0443-4584-9df3-119668ee3cd9,157,3,1822.64,2,1,1,211,Low Engagement
4fcfae21-081e-4fa9-8c28-55fbc4a93099,110,4,10053.37,2,2,4,224,Low Engagement
4ff32ebf-e219-453b-88b7-ab1ba691963b,163,5,1125.23,2,2,1,221,Low Engagement
50062a09-0845-4926-9fee-dab659e4f7e9,64,13,13723.31,3,4,4,344,High Value / Loyal
502780d0-2cc6-47f6-ba73-7763a8047367,98,9,4611.11,2,3,3,233,At Risk
50290e72-0e09-45e8-a132-d67d1bbede13,71,4,961.12,3,2,1,321,New / Promising
504344c2-cc55-40b0-804f-bb0c326eced3,19,14,16279.92,4,4,4,444,High Value / Loyal
505178c4-b072-4f80-8e92-2e42fc1dcb3b,203,2,219.39,1,1,1,111,Low Engagement
505e0a92-ff20-4514-af33-f43433cbdf2e,137,11,12454.07,2,4,4,244,At Risk
506993f9-b885-48bd-addf-e38aa53990b9,395,2,261.98,1,1,1,111,Low Engagement
50845a2a-b3e2-4bec-9c92-4fcff9127c5f,254,4,4262.23,1,2,2,122,Low Engagement
508b8a56-4b6e-4a40-b0f7-f740ca794917,0,1,504.6,4,1,1,411,New / Promising
5090be16-22fe-4a54-8d84-4d738cd7488a,6,1,1092.43,4,1,1,411,New / Promising
50b76a4b-d248-4d66-92af-da4159239d78,57,14,9363.81,3,4,4,344,High Value / Loyal
50bc3857-e0e2-4483-a1cb-649261784930,86,1,1591.79,3,1,1,311,New / Promising
50c0d623-a18e-4cac-b654-c6557bf90af4,4,2,1167.55,4,1,1,411,New / Promising
50c6e50f-7f77-4c91-88f6-89b6658693c8,45,7,4544.42,4,3,2,432,Low Engagement
50d771a5-8877-4315-bccd-1fde2f889c38,87,15,10600.57,3,4,4,344,High Value / Loyal
50e1f290-cb1d-4257-816c-9922639e04c9,15,3,2738.04,4,1,2,412,New / Promising
50e9b9da-5126-4fdd-a524-936539a21f1d,30,3,2928.91,4,1,2,412,New / Promising
50ea954b-9720-4db6-91ef-50f3d789304f,428,8,10175.3,1,3,4,134,At Risk
50fb2b5e-9560-4679-afe9-6416962a3352,194,5,3698.18,1,2,2,122,Low Engagement
50fd608c-09e0-44b3-a673-7e613e5cf803,8,6,2691.92,4,2,2,422,New / Promising
51422c67-5339-469f-a0c6-f3d628cb0b82,160,5,12811.13,2,2,4,224,Low Engagement
51a7aae4-1cda-4634-a1af-94b1f40d635a,60,5,2743.91,3,2,2,322,New / Promising
51b2f095-1d38-4886-abed-c3273f1edaac,267,10,10352.53,1,3,4,134,At Risk
51d64cd0-acbf-4d8f-ad46-6725a02dd152,83,7,6047.87,3,3,3,333,High Value / Loyal
51dcb4dd-dee4-4c58-b226-b8e96aab71ed,360,4,1376.47,1,2,1,121,Low Engagement
51e52785-d124-4d02-82a6-0f728bf905d0,53,6,4663.49,3,2,3,323,New / Promising
51e7043c-c528-4181-99de-62f5f3b3c2ad,25,15,17309.53,4,4,4,444,High Value / Loyal
51ea80cb-8620-4cdf-be0c-a92f16b40bfa,114,10,13379.67,2,3,4,234,At Risk
51f2b945-a907-41d1-8b65-507f6345a8bb,710,5,1768.8,1,2,1,121,Low Engagement
521087ea-468a-4c19-b5fd-df10d673503b,68,10,7258.02,3,3,3,333,High Value / Loyal
5217ca15-9ea8-4850-9740-6aca4fa17ae0,19,15,14041.53,4,4,4,444,High Value / Loyal
5233d1c2-83fa-4fc6-ab3c-7570432573f0,122,5,4260.78,2,2,2,222,Low Engagement
523bd9cf-44fc-458d-912c-83a7f678f1a7,46,3,2906.76,4,1,2,412,New / Promising
52483f4a-8369-42a7-9b6d-e440514576ec,34,4,1537.09,4,2,1,421,New / Promising
5249b6bd-15bc-4fd5-a43b-6eb4c80f67c2,449,15,7317.2,1,4,3,143,At Risk
524b5abd-65ec-4502-8804-fddccc11721a,17,9,6790.44,4,3,3,433,High Value / Loyal
524fc4c3-955c-4126-955f-1a077d4f520a,82,13,10892.12,3,4,4,344,High Value / Loyal
526def1d-8308-4150-9089-62b39a039bf9,200,3,471.54,1,1,1,111,Low Engagement
52808765-9bda-491b-9570-107b0d76ed13,220,7,2023.59,1,3,1,131,At Risk
528badae-7700-4bbd-b573-df539fb1dba2,185,5,3830.72,1,2,2,122,Low Engagement
529bcc8d-0530-4c27-8a5d-6b948e0934fe,815,4,1019.69,1,2,1,121,Low Engagement
529f1406-c7a7-47d4-b5d3-eaa28ed699b8,448,9,7652.76,1,3,3,133,At Risk
52ad5a51-4f2a-4bd5-bfbb-9bcca1892a68,93,5,4530.26,2,2,2,222,Low Engagement
52bedd8c-5342-4f67-8b12-a92574e659d2,101,4,2346.07,2,2,2,222,Low Engagement
52c686b3-de3a-4247-88c1-e1c6703124a2,326,8,7466.15,1,3,3,133,At Risk
52cdfba9-3def-4b9e-ab9d-d6f80ba86dfe,187,1,482.54,1,1,1,111,Low Engagement
52f92ec2-b7f3-45a1-a98f-f0343fae4055,180,11,5239.77,2,4,3,243,At Risk
53028554-1256-42c4-89ac-20eada75c706,7,8,7195.87,4,3,3,433,High Value / Loyal
53045790-5201-4900-9c47-2e79af3e92a2,10,12,9152.73,4,4,4,444,High Value / Loyal
53182df4-1874-45e5-bbb2-3b397df2e5d0,32,12,7123.62,4,4,3,443,High Value / Loyal
53280aa9-0dff-43b3-a17f-bff161f97110,40,7,7387.79,4,3,3,433,High Value / Loyal
532d8d46-2b82-44f2-84db-15e36f0abcbb,51,2,1320.45,3,1,1,311,New / Promising
5344bc1e-fc0a-4c44-857b-5bf19b56cf95,60,3,2335.09,3,1,2,312,New / Promising
5355c1de-b8a7-4d32-970c-cc7555317bf1,79,3,1860.81,3,1,1,311,New / Promising
53598d8c-3a01-47bb-abee-38f64a4e8d6d,88,5,2766.44,3,2,2,322,New / Promising
535a5b74-0713-42ed-a31a-704d11e8e07c,80,5,1730.98,3,2,1,321,New / Promising
5375a540-8789-4bab-a8dc-18b41dce7536,71,9,3146.6,3,3,2,332,Low Engagement
537e3354-2a60-488d-96fc-d09476192132,0,14,12289.85,4,4,4,444,High Value / Loyal
538687d3-a3d8-4e69-8b28-75c5ca35bb0d,436,4,3389.84,1,2,2,122,Low Engagement
538a19bf-28ae-4b47-8de1-c94e1395fa7f,308,14,23911.72,1,4,4,144,At Risk
53aa9791-2faa-432e-9a46-36f12b6d9111,9,3,823.28,4,1,1,411,New / Promising
53ab419d-51b8-43ff-bfff-16ed20f1ba17,106,1,206.24,2,1,1,211,Low Engagement
53c97098-db27-4817-9f31-cd597d0eec93,108,14,14400.15,2,4,4,244,At Risk
5406d3c0-fe99-468b-9758-4021abef96fb,230,3,1444.57,1,1,1,111,Low Engagement
5407c15c-a68c-4660-bf87-99ba9ab66fbb,399,5,1272.6,1,2,1,121,Low Engagement
540b00e6-055d-4e90-a6e7-9de0b2fcc88e,829,1,1100.34,1,1,1,111,Low Engagement
540e1bc2-3da2-45a1-aaed-6fd534479849,103,1,676.39,2,1,1,211,Low Engagement
54114873-53c4-4daf-9c70-1e2039f9bf97,27,5,3559.71,4,2,2,422,New / Promising
542020ab-e778-4e3a-af35-92c137acd52d,105,4,2968.96,2,2,2,222,Low Engagement
5423fb39-4ca4-4727-95fc-85576947c355,63,8,4114.15,3,3,2,332,Low Engagement
5426d8f8-b358-4ad0-9408-1e6e7c4cc8ad,14,1,119.34,4,1,1,411,New / Promising
544b2478-6e77-42bf-afa6-5b0800c0f552,110,6,6395.69,2,2,3,223,Low Engagement
545748db-1caf-44b3-a45e-3daa6f22bc84,380,6,4443.16,1,2,2,122,Low Engagement
5472e06b-e20a-4efc-bf64-ebfa6af1b309,56,7,4450.23,3,3,2,332,Low Engagement
547bcf83-eadb-4193-915a-aca53b81bb1d,106,9,8413.98,2,3,4,234,At Risk
548da502-5524-4ed0-b830-8cd13054b7d1,2,1,534.78,4,1,1,411,New / Promising
5490202e-08fd-4608-b767-2cbabebfff53,71,3,1309.39,3,1,1,311,New / Promising
54b34b95-7b8d-4b70-a8cc-4ba962d001cc,67,10,7569.9,3,3,3,333,High Value / Loyal
54e325e2-8499-44ee-a257-5d60d1f9863a,63,6,9978.04,3,2,4,324,New / Promising
550007a1-771f-40ec-b0c7-4b4b8473aa89,173,7,4238.25,2,3,2,232,At Risk
5502e40f-4c4d-48a2-9659-c8473b4c6184,9,10,7494.57,4,3,3,433,High Value / Loyal
550e18f6-0091-412e-8784-b61e5d92ccbc,548,3,1192.92,1,1,1,111,Low Engagement
550e98d8-b2c9-4682-adf0-9e098ecd70c9,45,13,28316.79,4,4,4,444,High Value / Loyal
55183ab7-a6ab-43d5-b5c8-3d5edd75ef03,252,4,4560.9,1,2,3,123,Low Engagement
5529aa28-68e7-46ef-81c6-b111789e659e,64,10,11470.53,3,3,4,334,High Value / Loyal
5529b0d0-63ed-4e82-a339-e0fbfb42b14e,220,4,3652.16,1,2,2,122,Low Engagement
552f2761-46aa-44ba-989d-7c063cf32501,18,15,12580.76,4,4,4,444,High Value / Loyal
55384d80-cb52-4eeb-b093-544d18e3fc5e,5,15,5919.22,4,4,3,443,High Value / Loyal
55459fff-368d-46df-be43-ca79ceb73069,102,11,8627.51,2,4,4,244,At Risk
5545f49c-a1da-4981-a89b-a51c3dd8a9b5,170,8,2190.18,2,3,2,232,At Risk
55464763-9c87-481b-8a35-f616c4fbd72d,53,4,3305.72,3,2,2,322,New / Promising
554e8e97-d79a-4151-b18e-24a3fa596940,3,6,4526.73,4,2,2,422,New / Promising
555a74d0-463f-45d6-80d6-92ae28c4fbf3,427,3,3160.58,1,1,2,112,Low Engagement
558144b2-d625-43dc-9f9e-433af292448b,26,12,14620.55,4,4,4,444,High Value / Loyal
55873c9a-43b9-463a-bf0a-66dc957a0b07,179,5,3396.93,2,2,2,222,Low Engagement
55950ced-71df-4efb-8496-fe09ce2f830e,96,1,103.74,2,1,1,211,Low Engagement
55b06859-2979-45fa-8098-5e880ff5fccd,63,10,7022.45,3,3,3,333,High Value / Loyal
55b26e41-adc7-4809-b8eb-a7992eaa2dcb,234,7,3038.88,1,3,2,132,At Risk
55b3b5df-6cef-451d-9bc3-be9c956fa952,2,7,9392.22,4,3,4,434,High Value / Loyal
55c12fe0-721d-4c9d-8684-cbc54ba3762b,20,7,5938.86,4,3,3,433,High Value / Loyal
55c5c37f-cb2b-4352-83fc-f7659efa93ac,36,15,14217.43,4,4,4,444,High Value / Loyal
55d5b43a-d394-4ca3-ab3d-935146b33d6c,128,7,4037.44,2,3,2,232,At Risk
55eb8ea7-f5d7-4a2e-b40c-8fd61ba4ee6b,57,2,1696.71,3,1,1,311,New / Promising
55f3b527-4d5a-47dc-8132-52ed3bf2cd19,148,11,11129.11,2,4,4,244,At Risk
55f55461-b3bc-48cb-866c-74f4eb91ea50,8,2,1456.41,4,1,1,411,New / Promising
55f9e91b-35ef-4728-a9b8-f7a198037f15,60,4,1962.92,3,2,1,321,New / Promising
5604e624-f2b4-4017-9b6c-cea1c7f3fde6,211,15,8604,1,4,4,144,At Risk
560899a2-89bb-491a-9b83-e572623f8044,159,1,1587.43,2,1,1,211,Low Engagement
56127b98-17c1-4078-abd0-0e492bf405a3,44,7,9406.58,4,3,4,434,High Value / Loyal
562da990-f28c-4524-ae32-6d1ce562b07a,19,7,2521.53,4,3,2,432,Low Engagement
56328c14-1c0c-4706-8591-8d2e87e739a5,153,4,1746.09,2,2,1,221,Low Engagement
56333894-8f05-41e8-963a-e8de07e697b6,239,2,3224.63,1,1,2,112,Low Engagement
5634f1e2-8892-41b4-87f0-2533a269bf74,147,12,13219.65,2,4,4,244,At Risk
5636181c-43cb-4965-b439-3b11eb211372,116,3,1236.16,2,1,1,211,Low Engagement
563d2159-225a-48ca-a1ce-7d4d9c143af8,43,8,11253.48,4,3,4,434,High Value / Loyal
565a34c8-7360-40d3-b48a-533769182bb1,78,2,1380.44,3,1,1,311,New / Promising
567d8603-f201-425e-98b2-1f78684ae5d6,24,2,2332.83,4,1,2,412,New / Promising
568cdfed-b845-4cd9-9369-6211e9b3856b,108,4,1750.73,2,2,1,221,Low Engagement
569dee0e-cf23-45e7-88a7-806eb2207d70,78,12,9430.59,3,4,4,344,High Value / Loyal
56a78316-af05-45a0-b97e-a3adfd32e687,61,6,6911.19,3,2,3,323,New / Promising
56a8605b-22c8-44d1-a5ea-5ce90a20a700,75,14,13065.2,3,4,4,344,High Value / Loyal
56e0d0e0-b654-4526-a0a1-fd41e6fed5d8,161,1,767.79,2,1,1,211,Low Engagement
57150dbf-8103-428d-80da-1ce663226fec,59,13,7123.75,3,4,3,343,High Value / Loyal
572de72d-07aa-4f6f-8b24-853c1f84ec40,8,10,9376.17,4,3,4,434,High Value / Loyal
5734955b-cba2-4fdb-b147-9cd2b3a217e8,309,12,8204.21,1,4,4,144,At Risk
57471a7e-5850-4c99-9f7f-430829dbce07,57,15,12802.27,3,4,4,344,High Value / Loyal
5749293c-4d61-4f0f-8bbd-4922059319f1,64,7,8007.46,3,3,4,334,High Value / Loyal
57497f6d-d29a-45f1-aac9-9763b6750f0b,54,4,2672.72,3,2,2,322,New / Promising
57602890-6dc5-4d4c-ba3c-1692a86f3a7a,110,8,12399.41,2,3,4,234,At Risk
57608c70-d5ec-4ac3-85b6-05268374d209,81,16,7702.45,3,4,3,343,High Value / Loyal
577e9db4-e9f1-4748-8c6e-50495dfe58dc,47,2,1331.39,4,1,1,411,New / Promising
5783d72d-2e03-428c-9c36-930aaca4e02f,220,5,3431.23,1,2,2,122,Low Engagement
57b83ecf-acac-4775-8983-2015ccdb8f64,226,11,7944.12,1,4,3,143,At Risk
57d6c7f4-736c-4d56-9f31-9fc4706fc336,7,2,1936.82,4,1,1,411,New / Promising
57e8914d-8861-4a64-9589-d6fb474bbb46,431,2,1918.87,1,1,1,111,Low Engagement
5818d391-a41c-413c-9089-71281e233a9d,234,4,4948.8,1,2,3,123,Low Engagement
581a3677-3758-4094-86df-ab34742a1c3a,243,2,1177.19,1,1,1,111,Low Engagement
581eafe1-e6b8-4cbf-af26-3a7f24b4a107,42,2,412.75,4,1,1,411,New / Promising
582b086b-19ae-4b3a-b527-6510e3cd8ec2,509,1,457.25,1,1,1,111,Low Engagement
583a8d67-c0d1-45a5-8c20-f207246d6422,367,7,8119.78,1,3,4,134,At Risk
583b6ffa-1849-486a-8773-69b748f3e1f8,0,1,60.63,4,1,1,411,New / Promising
5843781e-39ca-40a9-8a62-b4a59ae25759,62,20,18263.77,3,4,4,344,High Value / Loyal
58476c34-74dc-4740-962f-4353991628f6,227,7,3876.32,1,3,2,132,At Risk
585288d7-af55-437a-81fb-494ba51bf8f1,374,2,1672.67,1,1,1,111,Low Engagement
585b56fd-d332-496b-9e19-62f3028327a7,128,13,12782.3,2,4,4,244,At Risk
588ecb34-cc64-450e-9299-e387391ae43d,192,8,4359.59,1,3,2,132,At Risk
58af3946-ac46-4976-933c-b3ec04c1c0cd,1004,3,710.81,1,1,1,111,Low Engagement
58beac37-4dfd-4510-8967-1d760d35160e,53,5,1655.66,3,2,1,321,New / Promising
58d53e74-5987-4b9b-8843-033185d96fe8,318,6,3303.62,1,2,2,122,Low Engagement
58d7d758-05d6-47da-b76b-8e44d6256b1e,701,1,79.12,1,1,1,111,Low Engagement
58dc6c84-161e-4517-9d18-3d0ef94d55d0,296,5,4071.31,1,2,2,122,Low Engagement
58e3a667-9b3f-4da0-baea-ec65a19347e3,0,12,5334.4,4,4,3,443,High Value / Loyal
5900a2a7-acd6-496d-8959-6b52b0389960,1,16,15888.46,4,4,4,444,High Value / Loyal
59097cd8-c831-4fb8-ac41-4e09a277adcb,206,4,3251.89,1,2,2,122,Low Engagement
59110bca-7ae1-41fd-803e-370cb34aa780,223,4,1714.82,1,2,1,121,Low Engagement
59271ff7-66a1-4b19-a529-f41dc625352d,40,2,2370.74,4,1,2,412,New / Promising
5933e653-f589-420d-b52a-c63c1cba33f5,56,8,7443.93,3,3,3,333,High Value / Loyal
594042d4-f142-4253-ac20-ebfc8df77cff,268,2,1163.24,1,1,1,111,Low Engagement
596612f5-cc57-4a03-a6f9-ad509afdb271,156,4,995.06,2,2,1,221,Low Engagement
59665945-efc5-4968-9a8d-9fbb01630df4,135,3,5203.3,2,1,3,213,Low Engagement
5970e599-ac8c-40eb-bdaa-5d16237b8f94,335,3,3582.72,1,1,2,112,Low Engagement
59739337-4ee1-4b70-8382-85839474424b,157,1,91.85,2,1,1,211,Low Engagement
59a643c0-a2a4-4805-8850-e37151aa00bf,104,1,240.04,2,1,1,211,Low Engagement
59a6633d-e50d-4dd9-b11b-cf9a0ae386be,134,7,4980.39,2,3,3,233,At Risk
59b283b8-2c8d-480e-aefd-9f9a4b3a86c1,36,3,1880.39,4,1,1,411,New / Promising
59c31b99-daf3-4011-9f40-6072d9a50151,1,5,4141.86,4,2,2,422,New / Promising
59db590d-9a6c-48fb-81b7-6b2a282f5358,17,5,4644.73,4,2,3,423,New / Promising
59e8194c-f529-4496-9ba4-3075657b320b,344,9,2614.32,1,3,2,132,At Risk
5a07b735-982d-44af-92f7-8f8760009954,18,15,10040.39,4,4,4,444,High Value / Loyal
5a09ab25-9207-4e9f-a640-f89fd94944ac,25,4,4585.85,4,2,3,423,New / Promising
5a234f85-f475-4212-af34-a94929554c7e,148,1,229.9,2,1,1,211,Low Engagement
5a30ba9d-e1f9-4454-9472-638215cb8f0e,152,14,7570.94,2,4,3,243,At Risk
5a40c4d9-e099-41d3-8151-72c2a360759c,89,16,8197.24,2,4,4,244,At Risk
5a44864a-67da-4712-88bc-45f1f8ddc739,57,14,8711.37,3,4,4,344,High Value / Loyal
5a64a58e-853b-47b6-b647-f1664dc1331b,43,3,4619.2,4,1,3,413,New / Promising
5a64ad66-1a24-46f1-9d63-5b2519f21df5,16,7,2355.12,4,3,2,432,Low Engagement
5a657e6a-09b3-42e6-a17e-aeacbd4719c4,109,3,1630.98,2,1,1,211,Low Engagement
5a83ec13-88d8-46cd-a059-fee09cceabbe,158,9,8403.85,2,3,4,234,At Risk
5ab4af79-3ce1-4e76-bfc2-f0e22317e439,14,5,2025.12,4,2,1,421,New / Promising
5ab992c6-1caa-4b94-9169-2119280c0590,607,6,5764.69,1,2,3,123,Low Engagement
5aba7ceb-a010-4a81-83a4-5d4891487e1c,86,11,10744.95,3,4,4,344,High Value / Loyal
5ac4ab81-03ce-444a-bf91-ae37c4fbec28,433,7,7320.62,1,3,3,133,At Risk
5adc6cba-891d-43c3-9513-2e09975c44e2,59,17,11097.22,3,4,4,344,High Value / Loyal
5ade51c9-c12d-436e-bd1f-f681a85f7cb9,62,2,1905.66,3,1,1,311,New / Promising
5ae32bd6-d9ea-4ef8-9d06-dd86d7d49c5d,168,1,4979.54,2,1,3,213,Low Engagement
5af32255-3ba4-4aff-a73d-ebe460aa24ba,447,15,14169.36,1,4,4,144,At Risk
5afa4a3c-c14b-4e95-846b-8c29c7257772,95,13,22493.49,2,4,4,244,At Risk
5b2a9e8c-84a6-48e8-a7dd-54019c1cbfb8,66,6,4864.87,3,2,3,323,New / Promising
5b4908d5-b6a2-45f9-b014-84100ac2832b,83,7,3437.61,3,3,2,332,Low Engagement
5b4a1fcb-b8ff-4223-9fda-90bf5dad5763,97,2,2312.28,2,1,2,212,Low Engagement
5b731042-f7ca-44ce-b350-f6c30abb6668,7,8,106084.93,4,3,4,434,High Value / Loyal
5b747538-c3c3-4713-93fa-188bfb85b4c2,103,11,9455.18,2,4,4,244,At Risk
5b8d04cc-0f17-4701-9998-e7abc465dbc9,73,7,6272,3,3,3,333,High Value / Loyal
5b9458e9-3233-4230-8493-3036d67f0ca6,201,2,1621.53,1,1,1,111,Low Engagement
5b995f05-fa4e-4f78-a285-3118321b5ffa,406,9,6917.49,1,3,3,133,At Risk
5b9a7257-aa34-4548-8812-24676bd0a169,83,5,2283.63,3,2,2,322,New / Promising
5bc56101-6710-4c39-9a5f-7d4008ea8dfe,150,5,11098.95,2,2,4,224,Low Engagement
5bd45b60-407b-49a5-9864-418e085626c9,65,11,8593.06,3,4,4,344,High Value / Loyal
5bdf5ff3-b35d-4b12-8ac1-ec7bef721955,30,14,9127.71,4,4,4,444,High Value / Loyal
5c02f586-6b64-4202-b9a9-708b287d0a2c,236,5,32741.48,1,2,4,124,Low Engagement
5c0546d8-63b9-4f17-bfcf-6b2e8cbb8cc0,119,10,6192.78,2,3,3,233,At Risk
5c0fcf0a-19c3-48f4-8dbe-e18e7d7567d7,89,18,9817.02,2,4,4,244,At Risk
5c12f7a4-6cca-4b98-9358-bb1dc9a09fa6,69,10,8012.38,3,3,4,334,High Value / Loyal
5c172934-85a2-4ee0-8739-4dcd52d4d13b,8,3,1877.13,4,1,1,411,New / Promising
5c28c67c-bf0c-41ec-ae3b-f2ee3b94c4a3,231,3,1657.2,1,1,1,111,Low Engagement
5c345984-2361-4545-96a7-edd67390f250,90,1,613.33,2,1,1,211,Low Engagement
5c59bc96-9475-4106-9ee4-9f6ca52da092,78,12,11114.1,3,4,4,344,High Value / Loyal
5c62f83c-4e3d-48bb-b71d-2fec968b3d6a,474,7,4676.56,1,3,3,133,At Risk
5c66cfe5-e1c6-477a-a7aa-13e237871e5d,76,3,1486.09,3,1,1,311,New / Promising
5c6cf4d0-1635-48a9-ac0b-3c0769f7f7dd,65,3,1955.64,3,1,1,311,New / Promising
5c7900b1-20db-433e-a944-29e2f8a3bec2,35,9,1809.6,4,3,1,431,Low Engagement
5ca706a8-fdaa-4203-a1cd-8d5855f715e9,94,5,5479.76,2,2,3,223,Low Engagement
5cc9abc8-c646-4020-b0fc-905f84219f73,4,2,1126.37,4,1,1,411,New / Promising
5cdb2a5d-fd23-409b-a704-2d4d4cfab06f,171,3,1206.78,2,1,1,211,Low Engagement
5cdeffeb-925d-4d3b-abfd-e85d19c205b2,206,9,4959.76,1,3,3,133,At Risk
5cf36237-129c-4d62-9bb1-0479f7cb43c7,107,14,10531.77,2,4,4,244,At Risk
5d25db89-bae8-4873-9a99-9c44fd32425a,44,4,2866.24,4,2,2,422,New / Promising
5d47a88e-6229-402f-a920-0fb7194c722b,75,8,9223.85,3,3,4,334,High Value / Loyal
5d4ef035-42b4-4345-bcde-fc6a9100bfe0,496,3,4860.76,1,1,3,113,Low Engagement
5d6d8ae9-1087-487b-9dd9-089a525e18cc,16,1,619.12,4,1,1,411,New / Promising
5d783d6a-4775-453e-9f33-689f7d21598a,95,5,1458.57,2,2,1,221,Low Engagement
5d82fbe8-a167-42d8-b4b4-f29d1c323cc2,154,1,2436.08,2,1,2,212,Low Engagement
5d84a513-1199-4178-9fc7-6274403d9099,26,1,181.86,4,1,1,411,New / Promising
5d969c02-26ac-4a97-9204-a9a683dc631e,85,6,11569.34,3,2,4,324,New / Promising
5d9b858b-7896-49f5-8175-555f5d7d5ecd,145,21,17302.58,2,4,4,244,At Risk
5dbf8457-80b8-4901-ae0e-45a9bbed3b4f,89,1,581.25,2,1,1,211,Low Engagement
5dc3a591-eea8-4ccb-9a8b-6a8dd91b3971,75,11,7533.3,3,4,3,343,High Value / Loyal
5dcf0033-0652-42c8-9175-467f9d328d93,127,2,756.76,2,1,1,211,Low Engagement
5ddfea1a-1003-4037-b98e-bdfb26409b93,137,5,3514.07,2,2,2,222,Low Engagement
5df33581-6b7e-429d-841b-013a4874c93d,78,11,14646.92,3,4,4,344,High Value / Loyal
5dfec38b-e990-4fc5-bbd0-7716b2f93e1f,175,3,1764.56,2,1,1,211,Low Engagement
5e0f1107-4e39-4fff-a60c-31868ee82803,98,8,6533.63,2,3,3,233,At Risk
5e141da2-9366-4376-8f3a-cfb4cbddd2f2,53,8,6992.95,3,3,3,333,High Value / Loyal
5e34e5dc-cc68-480b-880d-b8ae93063f1f,18,7,3189.68,4,3,2,432,Low Engagement
5e35445a-4a9f-4bde-8e82-3a78eb065fdf,80,10,5575.73,3,3,3,333,High Value / Loyal
5e4aaf11-21fd-4847-94eb-00d778eb4cf5,33,3,1523.78,4,1,1,411,New / Promising
5e4bc321-5795-4a23-ba52-87fa17ffe92f,3,6,12347.92,4,2,4,424,New / Promising
5e503f43-f979-4dc0-a8ac-858af863095e,348,6,4179.63,1,2,2,122,Low Engagement
5e7156af-05f2-4177-a0a1-19e5b9e82e2f,229,8,10257.12,1,3,4,134,At Risk
5e821676-f8c0-4e54-8026-a8ead90beb4e,239,2,7484.43,1,1,3,113,Low Engagement
5e9a7bc2-4a9b-4ad1-934b-5593023a71cb,1,9,8047.85,4,3,4,434,High Value / Loyal
5e9b5565-d08a-4f1b-8522-41f02c535772,27,7,4444.66,4,3,2,432,Low Engagement
5ea245e7-0ea7-4af2-a67c-7d512e97ea9b,63,6,4656.88,3,2,3,323,New / Promising
5eb4914c-f675-451e-85fd-cab9f25e31b3,197,6,5283.61,1,2,3,123,Low Engagement
5eb6573b-2131-47fe-a101-444bfebe0cb0,64,6,1943.04,3,2,1,321,New / Promising
5eccdfc1-c507-427e-9901-812858c0219d,144,3,4447.8,2,1,2,212,Low Engagement
5ece3542-29db-4b1b-beac-5d2b59f14084,439,1,91.39,1,1,1,111,Low Engagement
5ef0530c-df3c-4c88-8c3f-f3ed6e2e4898,243,13,7730.05,1,4,3,143,At Risk
5ef1b440-9c70-4cc3-b391-1ee1da07aa7d,262,6,3810.12,1,2,2,122,Low Engagement
5efafc4b-ca70-4820-88bd-16a07358c800,512,1,2171.4,1,1,2,112,Low Engagement
5f0703c7-7a00-4780-99a0-7a863fd6030d,201,7,2776.75,1,3,2,132,At Risk
5f12b723-ae4b-4473-a445-e293bab134f3,82,11,11442.59,3,4,4,344,High Value / Loyal
5f311776-6244-4865-bc12-02844eb7ac64,363,11,6368.63,1,4,3,143,At Risk
5f3342f2-5199-439a-ad93-2b9caa8d8673,67,1,1228.59,3,1,1,311,New / Promising
5f561de2-6643-4b25-a1ca-03e05d10c3b6,88,2,2431.81,3,1,2,312,New / Promising
5f6701b9-ff0a-488d-be24-ab799b100274,107,2,525.53,2,1,1,211,Low Engagement
5f6dc3c4-c030-4d8b-8a26-39c545ab96a0,43,4,5309.5,4,2,3,423,New / Promising
5f802c74-e654-424f-a6cf-7aa47e31f0e3,18,7,2932.93,4,3,2,432,Low Engagement
5f80e08f-f89d-4843-ae0c-1914b21ccf85,321,14,7110.91,1,4,3,143,At Risk
5f92eead-8dd3-4b7f-a64f-1c5325616853,3,12,7683.22,4,4,3,443,High Value / Loyal
5f9fc3e5-697d-420b-8c2b-33042fa0c938,136,5,1599.59,2,2,1,221,Low Engagement
5fbc425d-c117-48a5-acd0-9efbff596460,162,3,1703.37,2,1,1,211,Low Engagement
5fc23283-a814-4ff5-a213-2e900c1b87c8,142,4,3202.74,2,2,2,222,Low Engagement
5fc67873-b37e-43be-a80d-ca5fadfc3a7a,23,4,6462.78,4,2,3,423,New / Promising
5fd550a7-f860-4302-a1fa-9e7ec928e3b0,233,10,6283.29,1,3,3,133,At Risk
5ff3b719-34ea-4f22-ab48-c4ffdc0ac4e6,75,12,16130.37,3,4,4,344,High Value / Loyal
5ff8c0d0-2c22-4d6b-b68c-de641863973c,340,2,2303.77,1,1,2,112,Low Engagement
6006219c-dd6c-43fd-bf24-a4ecb59541e9,430,4,5270.82,1,2,3,123,Low Engagement
600f2495-1ea8-47bd-a0e8-1af7ddfd5763,87,12,9931.02,3,4,4,344,High Value / Loyal
6013e748-2005-4769-bf23-352696485222,178,2,1244.78,2,1,1,211,Low Engagement
6015ffd2-d5d3-4346-ac11-b44893fc1c25,94,7,3633.84,2,3,2,232,At Risk
60191fc4-d3f5-4e83-8b96-ba0e7dca376b,15,9,9378.83,4,3,4,434,High Value / Loyal
602392b3-8fc5-4208-a9e4-2cab2d14e67f,61,11,20094.55,3,4,4,344,High Value / Loyal
60251faa-0c44-4217-8d09-6e0fcc80c70a,1086,1,567.58,1,1,1,111,Low Engagement
604917b0-1b18-4f5b-bee6-7be7654dbb31,241,6,3917.36,1,2,2,122,Low Engagement
604b16f8-be70-4694-840c-02a1404fbb89,94,8,2812.86,2,3,2,232,At Risk
604beb80-2ae7-4568-8933-9d7fca19aaab,98,1,325.35,2,1,1,211,Low Engagement
60518507-b60a-4ded-8568-82d223cc1754,247,3,2973.75,1,1,2,112,Low Engagement
6052ff68-93dc-49c7-bdde-1c67a3ae7a86,80,7,5615.06,3,3,3,333,High Value / Loyal
607ee2ef-7b35-4edb-a900-59187e114c81,450,1,23.72,1,1,1,111,Low Engagement
609fb4ca-1800-49cd-8d69-6cdbda125ca3,70,1,220.86,3,1,1,311,New / Promising
60a0218a-a6d1-465c-875e-2c0402e18ec1,78,9,11096.11,3,3,4,334,High Value / Loyal
60aadf43-11f2-4006-8021-9595168281be,21,5,4506.09,4,2,2,422,New / Promising
60c35265-cfda-46d8-b802-cf851fe97f95,104,8,4117.71,2,3,2,232,At Risk
60d2da08-d355-4e7e-b20b-cb71fb5adbc0,27,7,4354.41,4,3,2,432,Low Engagement
60d63644-9151-4ac5-8503-16505d0b3229,138,10,6225.72,2,3,3,233,At Risk
60edb9f7-2799-41e6-9acc-1d34a38ced37,200,4,3265,1,2,2,122,Low Engagement
60f43738-5fe4-438f-95be-b51d65f51039,20,7,5634.87,4,3,3,433,High Value / Loyal
60f77980-9b46-402d-b961-29d05b48914f,238,11,5532.69,1,4,3,143,At Risk
61033737-9a32-4b69-bb64-71af098d5cb9,86,10,7289.77,3,3,3,333,High Value / Loyal
610369fd-5472-4365-a158-ca57fe6ba4e2,163,5,1902.16,2,2,1,221,Low Engagement
61215311-b9ba-494d-8a5d-5c72bb665763,101,9,5233.41,2,3,3,233,At Risk
61221364-f762-4909-ad69-9e35b34583d3,128,3,2773.78,2,1,2,212,Low Engagement
61283e74-6119-495c-9986-edbac1f1c887,432,7,3400.18,1,3,2,132,At Risk
612f55ea-a7f5-4366-83a6-a90e6f7d51f9,747,3,4218.73,1,1,2,112,Low Engagement
6141c7fb-331f-4fbf-b7cc-3c71351f15a6,86,3,1014.85,3,1,1,311,New / Promising
6151caec-815e-451e-a054-3d103f30203d,123,6,4089.9,2,2,2,222,Low Engagement
616dbb11-9e70-4716-a33e-7c81d00ce9cc,18,9,6453.36,4,3,3,433,High Value / Loyal
61772a29-aee1-4299-98c9-84cc90b3a4e5,86,1,2257.96,3,1,2,312,New / Promising
61a0cc3c-7c99-465c-8b0d-7ba6f7353006,186,3,3059.66,1,1,2,112,Low Engagement
61b68126-53af-41fd-ba2e-9f8039691f43,51,17,10294.48,3,4,4,344,High Value / Loyal
61cc9e2a-f7b0-4ce8-817d-2d49c5b79ec4,93,6,3146.2,2,2,2,222,Low Engagement
61db81ee-34fc-49dd-86c9-f39880844c3b,54,13,8077.94,3,4,4,344,High Value / Loyal
62062ce6-89ed-4dd3-892d-ec00a59ec195,64,6,9194.26,3,2,4,324,New / Promising
6206ff91-cb0d-4bba-ae93-94f687e5ba89,70,2,427.31,3,1,1,311,New / Promising
62087c9e-16f7-4786-bf9b-811ac0d0c590,417,9,7229.54,1,3,3,133,At Risk
620d1e28-d5e7-414d-ba43-43cb55cdfa97,20,4,1126.65,4,2,1,421,New / Promising
62268ffe-5471-4c8f-b2d9-cf7eb11ffb2b,10,3,5074.19,4,1,3,413,New / Promising
62477cab-c9db-4095-afba-d947f8c6f693,276,8,13351.82,1,3,4,134,At Risk
625730a1-6dc8-466b-8de3-61be013dbdbf,33,2,1883.7,4,1,1,411,New / Promising
62581186-5f68-4fd2-aca2-b2bdeaaffa9f,33,10,18906.39,4,3,4,434,High Value / Loyal
62ab496d-f69a-48af-b44c-08ac79b6f68d,184,6,7140.85,1,2,3,123,Low Engagement
62bcd40a-a908-4998-a926-941a121d3940,232,23,16939.92,1,4,4,144,At Risk
62ce1c83-ca34-4c67-b5fe-0177bb70ce20,90,6,5606.44,2,2,3,223,Low Engagement
62d013a5-fab1-447c-937b-26e5a17c250a,49,2,275.09,4,1,1,411,New / Promising
62e10489-1885-4899-8a79-88341b9e1d9e,10,13,11946.46,4,4,4,444,High Value / Loyal
62ffd411-7288-4e79-afba-96dd41648522,130,12,13718.83,2,4,4,244,At Risk
63069450-fbe2-4600-aa8a-6f08182be265,117,4,3793.95,2,2,2,222,Low Engagement
630b14e7-c631-4abd-8eb6-8239feb253d5,25,6,7153.3,4,2,3,423,New / Promising
630fcb5a-c6eb-42ec-bc6f-de49b81e371d,346,15,14697.98,1,4,4,144,At Risk
631819f9-f7f6-4d81-bdf9-dc02cc07fab2,150,3,1001.49,2,1,1,211,Low Engagement
631bd425-c0e5-4672-8bce-7a8e170ca32b,87,5,1577.87,3,2,1,321,New / Promising
631d4e17-8564-4d04-ad38-95596df2da8d,230,4,5905.4,1,2,3,123,Low Engagement
632a103e-cfec-42ca-a552-b43adae61488,16,7,7035.12,4,3,3,433,High Value / Loyal
634bef82-7071-4408-b905-ffd3914b034a,65,14,9258.15,3,4,4,344,High Value / Loyal
6366012a-4b20-4201-821d-0553c7c83c0c,454,11,9451.13,1,4,4,144,At Risk
6375eac5-d12a-459c-9cf2-339b3425220a,189,3,631.17,1,1,1,111,Low Engagement
637afc6d-2f80-453c-8a53-fef0929d12b9,31,3,2001.32,4,1,1,411,New / Promising
63935137-51a3-4529-8a2d-7eacd18cd144,264,8,16877.85,1,3,4,134,At Risk
63959102-2540-4bbd-9257-d9d130b07470,84,7,6010.63,3,3,3,333,High Value / Loyal
6396594e-10b5-456f-a111-dbedd32b2a06,118,2,3505.07,2,1,2,212,Low Engagement
639eea75-7627-4f18-8c12-59dee0824d41,81,21,12114.75,3,4,4,344,High Value / Loyal
63a7a8ea-0ad8-441a-b77d-16b40fb83191,12,11,7438.94,4,4,3,443,High Value / Loyal
63aded84-43ff-4854-aa24-aa3feeb4bd80,75,9,7784.94,3,3,3,333,High Value / Loyal
63e0f99b-e2bb-4c78-a059-ef0661df940b,95,13,14403.1,2,4,4,244,At Risk
63e64d74-05bb-4bfd-a51d-20bc9fcb1150,75,4,3314.45,3,2,2,322,New / Promising
63f90dc9-aacb-4242-ac0d-f36cc41b4c0f,122,9,5544.78,2,3,3,233,At Risk
64009b00-121e-4522-9933-cb63f22cf93e,180,7,7256.42,2,3,3,233,At Risk
640d4cbf-e26a-40f2-b721-3d0ac292442d,351,6,2438.38,1,2,2,122,Low Engagement
641a3318-fd89-477e-bbbb-e11fdd0ac3a8,24,8,6229.16,4,3,3,433,High Value / Loyal
64235bd1-2aff-4e80-8ea7-022e0d139d49,73,15,7110.15,3,4,3,343,High Value / Loyal
643bebc3-46b4-4512-b4c4-404abe5fff04,4,13,9089.23,4,4,4,444,High Value / Loyal
643cb1ca-225a-420b-a099-f7358a30ce1d,193,13,8063.07,1,4,4,144,At Risk
643f0668-85ec-4665-95e0-1e1808153bab,14,19,17770.93,4,4,4,444,High Value / Loyal
644a3dfa-95bc-4f88-bac7-2bea4583efdb,157,4,4603.29,2,2,3,223,Low Engagement
645ec9cd-bb2d-4bf6-b95a-759244987aaf,220,3,1758.72,1,1,1,111,Low Engagement
645f571e-345f-448a-b020-8182e222edf0,54,6,5192.83,3,2,3,323,New / Promising
64652270-e041-4602-8a1c-a5db6dafe877,43,15,8466.23,4,4,4,444,High Value / Loyal
647d270e-92f8-4f71-86d4-23b069d01492,73,9,7775.18,3,3,3,333,High Value / Loyal
6486e747-c98d-4458-bd7c-70a584ca54c7,117,2,357.88,2,1,1,211,Low Engagement
648ca6bd-00a9-4377-b995-13b62dc02e88,9,10,9017.42,4,3,4,434,High Value / Loyal
649030b7-378b-454e-9e6e-8de0586deb12,348,6,5315.65,1,2,3,123,Low Engagement
64a1191e-3cda-4a87-aa4e-1c0178b993e8,28,2,1710.9,4,1,1,411,New / Promising
64ad274b-5d73-4676-a186-b35fa8825332,68,5,3696.95,3,2,2,322,New / Promising
64afc1c8-2eaa-4465-9221-182bdefaa0c8,46,14,11217.88,4,4,4,444,High Value / Loyal
64dee6a6-599f-497e-96d1-0925026ec4d0,204,10,7010.93,1,3,3,133,At Risk
64f8db1a-16d4-4fcd-be04-01a5523792e7,5,5,3738.11,4,2,2,422,New / Promising
6504b393-40ca-450c-a878-78b3221ab159,72,2,890.62,3,1,1,311,New / Promising
651b1eb7-9ae8-4338-8606-545d7824bb35,63,9,6063.65,3,3,3,333,High Value / Loyal
653af9cc-29dc-44a3-872c-ea65b7fb3692,142,3,1527.88,2,1,1,211,Low Engagement
65405ce2-b54f-4309-aa3e-18a96afb9179,390,8,5970.85,1,3,3,133,At Risk
65542302-386f-4456-bbd3-0cc24bf146b6,13,4,3123.48,4,2,2,422,New / Promising
6563c431-0512-4fe9-97dc-5169089353d8,96,2,683.63,2,1,1,211,Low Engagement
656c36c1-cb4a-41fc-8a47-bf3167ea6b3e,74,6,8905.73,3,2,4,324,New / Promising
657f432f-6056-411e-a07a-9bccff25e997,179,6,5239.36,2,2,3,223,Low Engagement
6580d424-3dd1-445d-bb07-5c2f0156d658,9,11,4761.38,4,4,3,443,High Value / Loyal
65a51764-603a-44e0-aac0-4102519ccbfa,127,2,918.5,2,1,1,211,Low Engagement
65ae90f3-eb75-437a-b154-97574f09139a,95,14,16529.18,2,4,4,244,At Risk
65b169a7-75d5-46b4-89a6-da307a7a7d85,62,13,8197.86,3,4,4,344,High Value / Loyal
65baa7c2-16f7-42b4-b7e4-048d652abf86,162,7,10542.65,2,3,4,234,At Risk
65c35a45-fdd3-4c20-917b-bf3cf12d5edf,108,5,3612.47,2,2,2,222,Low Engagement
65c8de62-3af5-4969-8ea7-4914b619db43,83,3,2131.93,3,1,2,312,New / Promising
65cb4502-7182-42d8-9a51-00d5d2ea078a,71,12,9162.65,3,4,4,344,High Value / Loyal
65ce2f41-4abb-456f-a6fe-8e14038562a6,82,8,8414.77,3,3,4,334,High Value / Loyal
65ce7b4a-4ee0-4f08-be79-e9e5d8cf796b,107,11,13948.72,2,4,4,244,At Risk
65d976b5-7ebf-480d-811f-75eed7e51c9f,281,3,2486.51,1,1,2,112,Low Engagement
65e85427-0834-4a46-b188-296a8980bd00,99,12,7901.08,2,4,3,243,At Risk
65ef3d0c-894e-447d-b59f-025307cabe1b,47,5,2708.56,4,2,2,422,New / Promising
661014f9-d6ce-4731-8e46-51674f142a82,36,3,2553.41,4,1,2,412,New / Promising
661c4cfc-de3b-46b3-94d1-a7cb5a76389d,59,5,5994.54,3,2,3,323,New / Promising
6638d90a-5b78-4c9b-9fcb-befdfdaf8d02,174,5,7650.59,2,2,3,223,Low Engagement
6639b4f4-e5c7-4ebd-9288-ffc603e2a36e,61,5,5891.81,3,2,3,323,New / Promising
6652d12b-28c7-4505-b87a-68c04cefc7eb,33,10,10739.87,4,3,4,434,High Value / Loyal
66615c8c-8433-4969-95ac-548554f3412b,85,5,7020.71,3,2,3,323,New / Promising
667a9209-4175-4430-bcd4-5d2f04ff2cf6,35,5,7093.5,4,2,3,423,New / Promising
668a0d50-377d-4317-8be8-2a29995fcd64,112,3,9226.38,2,1,4,214,Low Engagement
6693efec-aacd-450e-b626-be3b20df0f78,67,11,6426.77,3,4,3,343,High Value / Loyal
669e54c7-2006-408b-ad67-0676a023f06a,74,4,29498.24,3,2,4,324,New / Promising
66b82e11-63f7-4e12-8753-b179ec1ca745,97,1,358.37,2,1,1,211,Low Engagement
66e2d02f-b8fe-48c5-bccc-63f6a8eb0b52,392,12,10726.45,1,4,4,144,At Risk
66f89534-5a4d-4eae-9bcf-90192491701a,65,11,7859.91,3,4,3,343,High Value / Loyal
671421a5-1be0-45a6-b85e-7801f5bdec56,1,4,901.43,4,2,1,421,New / Promising
671fd570-3897-41c9-99ac-7a1174e9ecf4,83,5,3446.63,3,2,2,322,New / Promising
6721f3d1-0177-4d61-81db-1c1b8944869f,34,8,4093.42,4,3,2,432,Low Engagement
6746c2a0-4fa8-4eb5-9ffd-6f4d2efa459a,319,1,302.75,1,1,1,111,Low Engagement
674ffd38-6f9a-47b5-a4b4-411db07e92d1,91,9,5772.31,2,3,3,233,At Risk
6750d641-647f-4121-b1d5-0a24b63475bc,54,7,5639.83,3,3,3,333,High Value / Loyal
677e6aa0-2a6f-4ffd-bf22-1da80e173edf,25,3,1017.09,4,1,1,411,New / Promising
677e794f-4e12-4aef-870a-e86f7c628c4d,113,3,3259.23,2,1,2,212,Low Engagement
67c78346-f4d9-43bd-a359-63da5a4ac26f,326,12,21759.75,1,4,4,144,At Risk
67ee4b20-7d25-4b86-94fc-21dbd0508009,278,4,2820.53,1,2,2,122,Low Engagement
680b24f1-6146-4e21-a256-c4d2494ab910,118,4,1953.95,2,2,1,221,Low Engagement
6821531c-17e1-4876-babf-f96dfb292bb5,98,3,4281.15,2,1,2,212,Low Engagement
68237767-7656-4cbd-ad51-a7bb0b6de066,21,7,6086.78,4,3,3,433,High Value / Loyal
683a1cb5-eca9-4e3f-9037-560ce68c165d,6,10,3775.28,4,3,2,432,Low Engagement
683d2472-7584-4134-a85b-be3a17ecdc99,52,9,3976.29,3,3,2,332,Low Engagement
6849b045-ecdb-4967-9b4f-635a98378a25,84,18,22066.58,3,4,4,344,High Value / Loyal
684ee357-c3fd-4b4b-ab19-cc561a06c132,179,3,3613.12,2,1,2,212,Low Engagement
6852f4dd-a4ed-4fa9-9ae7-d3d023a18a8e,11,15,15558.22,4,4,4,444,High Value / Loyal
686a5d44-7e71-41bd-8385-901f16a75576,115,4,2515.74,2,2,2,222,Low Engagement
68986922-b9f9-4854-8bca-93d4ea7c8345,61,3,5014.77,3,1,3,313,New / Promising
689d83bb-a36e-4feb-8122-5bd73cad9eae,80,1,1004.14,3,1,1,311,New / Promising
68a42a2a-b569-44a7-bda7-4d2c1978d257,95,8,5576.13,2,3,3,233,At Risk
68b6acc0-e9a0-480a-bb6a-7258cfa9de9c,139,2,882.68,2,1,1,211,Low Engagement
68bd82fa-1abb-4f11-a5b5-24d5d2326830,86,7,3421.14,3,3,2,332,Low Engagement
68bec407-275f-4b5b-9a82-13d02f54626a,162,9,8925.78,2,3,4,234,At Risk
68c14858-96a2-4a10-a0d4-abb433ce59cb,24,10,13631.87,4,3,4,434,High Value / Loyal
68c32af6-0089-45a3-94c6-93d4cf1bbe44,21,7,4460.98,4,3,2,432,Low Engagement
68c7da2d-80a8-4a43-9797-f36a32e95eb8,295,1,3857.36,1,1,2,112,Low Engagement
68cb0869-da5e-4471-8c33-a1cf13926a2a,72,11,27340.51,3,4,4,344,High Value / Loyal
68e7bf8b-61ee-4ee9-8e70-f1e23ac4924d,20,11,8550.6,4,4,4,444,High Value / Loyal
68feca3f-f386-42e4-9975-a731f4e21314,72,5,4807.87,3,2,3,323,New / Promising
690574fa-b73f-46fc-8d5d-bed883a7acdb,102,8,7899.97,2,3,3,233,At Risk
69079ce8-9203-48dc-8ec9-9311ddadde11,54,4,644.96,3,2,1,321,New / Promising
690ac839-d75c-40c4-9222-64b4a18245b0,182,2,1637.24,1,1,1,111,Low Engagement
690af5da-562a-4507-af26-5b8438fef7c3,267,2,2705.24,1,1,2,112,Low Engagement
69212059-8ff9-4392-84cc-59ed835c5796,450,13,9638.74,1,4,4,144,At Risk
69290ba6-7446-40d1-a817-202b2cda1302,155,12,9187.06,2,4,4,244,At Risk
69355f0e-6f30-4eff-a866-0409a0a6f964,49,6,3708.65,4,2,2,422,New / Promising
6939918d-3869-4f4a-ac3d-465d21b028ba,117,6,5721.57,2,2,3,223,Low Engagement
693d8b2b-5337-4f4c-91ae-59889f5582fe,0,16,7968.6,4,4,3,443,High Value / Loyal
6945ddc8-9666-417c-892f-b925bc2c6dd3,27,14,16989.1,4,4,4,444,High Value / Loyal
694e3e7f-8924-495d-98ba-312cba6ebd30,72,14,12656.09,3,4,4,344,High Value / Loyal
6959df38-5ae7-47ea-9863-55e1ca6bb187,24,7,5810.24,4,3,3,433,High Value / Loyal
695fec65-dd43-42dd-865e-f1cbacd04f36,277,9,4205.64,1,3,2,132,At Risk
696ba25f-76ac-41f6-90e9-580b021f5c0d,93,13,10523.1,2,4,4,244,At Risk
6971d37e-fd14-42e8-a5c5-9f5a5bab08b8,175,3,6138.97,2,1,3,213,Low Engagement
697971b2-b889-4cee-97c4-e9208443bb0e,45,5,4730.68,4,2,3,423,New / Promising
697c9c44-db3a-47e9-a3d8-512ff9832e63,28,5,3528.4,4,2,2,422,New / Promising
697d5833-3650-45ef-91fe-8011a6c458c9,1,5,7780.45,4,2,3,423,New / Promising
697e152e-5384-4f2b-8ad7-549205045de1,124,15,24833.08,2,4,4,244,At Risk
699858ed-d9ea-4fdf-84cd-4301ac91934e,117,10,5528.08,2,3,3,233,At Risk
69a1dc28-ceaf-4288-a8a3-ad24b382dd56,18,10,7236.88,4,3,3,433,High Value / Loyal
69b29efa-20d6-401b-9280-462b50753d60,97,11,4903.8,2,4,3,243,At Risk
69cd2d37-76a9-4547-b26f-3bdd6e58dbee,112,7,2751.24,2,3,2,232,At Risk
6a070afb-a07c-44e0-a8c1-19ece8b85e3a,132,9,6733.76,2,3,3,233,At Risk
6a17bb86-f876-415b-af4d-1793e02bc17a,30,19,13659.48,4,4,4,444,High Value / Loyal
6a20d8c3-87bb-4c17-974a-3fcd9be22aed,62,7,4635.94,3,3,3,333,High Value / Loyal
6a287023-b2a8-4df8-b385-d6f394efd479,42,9,6616.5,4,3,3,433,High Value / Loyal
6a2bf7f1-6288-470e-a75b-26f1e3cf99e5,32,1,267.02,4,1,1,411,New / Promising
6a481090-2db6-4879-8241-3f2afd53c370,70,6,1398.7,3,2,1,321,New / Promising
6a4c2db6-2330-4a38-820a-8193eb9379a9,10,7,5282.68,4,3,3,433,High Value / Loyal
6a614510-e126-4855-8e78-d36d160c6ec9,8,5,2830.47,4,2,2,422,New / Promising
6a6355e6-3300-4158-a235-347dd95c32bd,23,11,7490.74,4,4,3,443,High Value / Loyal
6a6b0b3a-bee8-42e2-a5c1-5b9d3b0542b9,282,9,4056.03,1,3,2,132,At Risk
6a764063-4fb3-4d18-bd19-b3beab12b6ae,36,11,9379.4,4,4,4,444,High Value / Loyal
6a88caf8-5b28-4c4a-b5e9-47acaeab4a54,224,20,17818.21,1,4,4,144,At Risk
6aa915cf-e7f0-4504-a092-0ca42e713040,120,2,901.92,2,1,1,211,Low Engagement
6ab66cc7-123d-422b-8727-dc8aae0a3379,986,6,6391.95,1,2,3,123,Low Engagement
6abe846d-f3e5-475a-9d75-82bb028196da,146,1,722.92,2,1,1,211,Low Engagement
6ac87162-9513-4d04-b718-f8b72cc749a7,4,1,1032.68,4,1,1,411,New / Promising
6acd106a-dfb6-4a3e-8dcb-da7e4d533ece,167,6,2564.96,2,2,2,222,Low Engagement
6ace1ca7-b0b5-4bf0-86fa-45aa4150ebc5,82,2,1522.99,3,1,1,311,New / Promising
6acf348b-c6bf-4f55-91f2-82cb9a0a4878,109,1,166.22,2,1,1,211,Low Engagement
6ae1925b-69c0-40d7-8c1f-77ef03185d59,470,2,394,1,1,1,111,Low Engagement
6ae2463c-cf5d-487f-922f-1b1dc8344888,452,9,7167.1,1,3,3,133,At Risk
6b028949-2f68-410e-8000-9006b4544cbb,102,3,3573.88,2,1,2,212,Low Engagement
6b1999ce-cfbf-4161-acf9-96274447832d,18,1,637.39,4,1,1,411,New / Promising
6b21e2f1-6fbf-45a7-9792-982b1c87186b,91,18,15209.63,2,4,4,244,At Risk
6b24a79b-c85f-4cc6-9449-8156c7de3934,49,13,12441.76,4,4,4,444,High Value / Loyal
6b28d77f-8c95-49de-bbab-b2282cb4a68c,46,11,8584.47,4,4,4,444,High Value / Loyal
6b30efec-26e5-4c40-8e93-6ff7e780f452,14,3,3559.43,4,1,2,412,New / Promising
6b3580fd-cd8c-4736-8311-7c65d97c763b,155,2,445.05,2,1,1,211,Low Engagement
6b38bc1e-89e2-48f3-9706-93e59e78ed12,113,12,36080.75,2,4,4,244,At Risk
6b4a136d-d1f3-41cc-ad9c-c5ec2d824812,189,13,23625.13,1,4,4,144,At Risk
6b50629b-562d-47c4-a6b6-a0ce3574ed45,312,3,2471.69,1,1,2,112,Low Engagement
6b58a147-ae3f-4761-86ce-5a082fb2700d,81,5,7463.8,3,2,3,323,New / Promising
6b5a93a6-17c0-4eb1-90f9-4e80f39dd377,136,1,89.86,2,1,1,211,Low Engagement
6b5e830b-8b82-4525-ae00-bc07ca208a58,105,4,5662.53,2,2,3,223,Low Engagement
6b691781-7b44-448f-90b9-0240b29de65c,37,6,2241.01,4,2,2,422,New / Promising
6b766f7c-b6f8-4736-a15f-e45380dae0cf,127,8,3762.62,2,3,2,232,At Risk
6b7b7d5d-2217-4484-a48e-9102728071d5,63,20,12764.13,3,4,4,344,High Value / Loyal
6b7cad10-c522-4eae-aa9c-5ff882421b4a,83,4,5282.13,3,2,3,323,New / Promising
6b7d1e5a-b291-4dd9-aa65-2554c660e12a,79,7,2792.2,3,3,2,332,Low Engagement
6b98c512-100d-4e9c-a38b-46302a938215,462,8,8218.01,1,3,4,134,At Risk
6b9a3aa3-f4b7-41c3-8e7a-fc1c9afa164d,2,7,4847.08,4,3,3,433,High Value / Loyal
6bafc505-8fe0-47f9-b23c-421bbe041dad,14,2,1001.25,4,1,1,411,New / Promising
6bd0a0f6-73e4-4856-a937-27b11bbfae49,187,8,4357.1,1,3,2,132,At Risk
6bd359e2-c1fa-471a-9d6f-4a969a786648,73,6,1844.83,3,2,1,321,New / Promising
6bd694e9-fdbf-4e95-a307-4158dff3df68,175,6,2832.59,2,2,2,222,Low Engagement
6be056b8-4500-4f60-b329-8e872b418007,65,11,10698.61,3,4,4,344,High Value / Loyal
6bede2f5-d393-4481-9548-cc910dc2fbff,332,6,5668.79,1,2,3,123,Low Engagement
6bee5844-5e57-46ea-9059-7e2b32c38815,270,3,8655.15,1,1,4,114,Low Engagement
6c0b0784-416d-41c3-a85b-92194771a573,45,7,7363.92,4,3,3,433,High Value / Loyal
6c1990c5-f7ef-4928-801f-8b88e1ead4ab,54,14,16607.19,3,4,4,344,High Value / Loyal
6c2f515b-8093-42ef-96e5-091e9f53b3d6,37,2,1508.08,4,1,1,411,New / Promising
6c2f837d-c878-4d01-b082-ba7d9feeb1af,114,11,12299.66,2,4,4,244,At Risk
6c3a027a-aaef-4578-bdd2-40846c2e9535,133,5,5998.32,2,2,3,223,Low Engagement
6c41ce9f-23c8-4ddf-95e6-8417a9eb9936,42,1,3626.64,4,1,2,412,New / Promising
6c4a3866-0ac0-43be-9591-ed73f48f82c3,219,13,8347.4,1,4,4,144,At Risk
6c55855f-e857-4d74-ba80-4ed50f97193f,193,9,6743.36,1,3,3,133,At Risk
6c83ccf5-5300-40ba-b16a-01769c630910,92,11,12796.18,2,4,4,244,At Risk
6caf915d-090e-45c2-aee6-9b11fdbb7f50,149,10,6355.23,2,3,3,233,At Risk
6cb586eb-fd37-49a5-807f-d5a6aa4b9e5f,217,8,6161.63,1,3,3,133,At Risk
6cc5a694-2593-4d03-ac96-07a34dda5905,362,3,3672.82,1,1,2,112,Low Engagement
6cdca625-08c4-4e59-b304-d3ddc43c20d0,891,1,129.15,1,1,1,111,Low Engagement
6cde47f6-265c-49c1-9eaf-83c7cc96e5f6,65,6,6881.29,3,2,3,323,New / Promising
6ce4542a-53a3-4b5b-972e-43a16a5dcd8e,167,2,2284.6,2,1,2,212,Low Engagement
6ce96b75-ff08-4c3b-be12-454ab61a2477,199,4,1047.79,1,2,1,121,Low Engagement
6cf4dfdb-3058-4f59-af0f-cef176208487,186,5,4823.19,1,2,3,123,Low Engagement
6d0f4baf-18d6-42de-ada5-5a3905742fea,53,16,18875.5,3,4,4,344,High Value / Loyal
6d120a17-0b68-4a3c-94ca-6b40fd33af19,96,9,3760.38,2,3,2,232,At Risk
6d24f355-acaf-4ac1-925e-a70e71327de9,83,10,6651.27,3,3,3,333,High Value / Loyal
6d265d2d-f136-40c0-89f4-956c6972243a,68,1,452.76,3,1,1,311,New / Promising
6d3136ae-8019-48c1-96c0-70a1b4d78b25,15,4,411.25,4,2,1,421,New / Promising
6d5fb25d-7049-49bb-9c50-06cb66aa614d,13,2,1079.46,4,1,1,411,New / Promising
6d615f09-f13f-4e6b-97c0-11bf90c9e00f,52,6,3789.66,3,2,2,322,New / Promising
6d6931c8-abef-4bac-ad0a-78e896eff3dc,83,7,3249.51,3,3,2,332,Low Engagement
6d69e504-b31b-4e2d-8943-cc4948a9e27d,66,6,4586.31,3,2,3,323,New / Promising
6d95415d-c38e-469f-994b-4bb7f0159361,120,7,4797.37,2,3,3,233,At Risk
6d9ab258-9dd4-45c8-aa03-ec4178cf4c67,9,15,65770.99,4,4,4,444,High Value / Loyal
6dd442db-0574-4a2e-9558-6a4df03ca526,103,13,8320.32,2,4,4,244,At Risk
6e08bf91-6b74-437b-aec9-c5198c9d776e,101,8,7285.51,2,3,3,233,At Risk
6e09d129-afab-448c-ae87-4830c3e6295c,9,11,5425.4,4,4,3,443,High Value / Loyal
6e234670-2953-49be-a664-e1d9bc5eccd6,9,10,7914.54,4,3,3,433,High Value / Loyal
6e2da724-77ea-40b9-9718-2a61fd95700f,61,9,6046.85,3,3,3,333,High Value / Loyal
6e3211a5-c8eb-4f70-b6b4-58f7bbe4dccb,135,7,5251.21,2,3,3,233,At Risk
6e5866ed-0456-4a14-a2c1-212c5d13c6a1,182,8,6894.9,1,3,3,133,At Risk
6e61ebaf-0d49-4b7b-abed-7a70f289bdd3,101,4,5075.42,2,2,3,223,Low Engagement
6e6908f1-2462-43d0-abb4-93999539964a,62,6,6212.83,3,2,3,323,New / Promising
6e744119-e7cf-4e5c-ac7d-de99d4741535,28,1,199.2,4,1,1,411,New / Promising
6e79c5b0-d083-4991-92f6-5fd2c1fd42d1,493,8,8942.37,1,3,4,134,At Risk
6e7aba58-d737-4ba4-936d-a6ca001c32a5,827,3,3224.81,1,1,2,112,Low Engagement
6e7cc908-08a5-4991-bdfa-9f188a707077,72,10,7544.17,3,3,3,333,High Value / Loyal
6e7d8eae-ffa5-4df9-b4cc-1ffc8d3b7a82,98,14,14144.83,2,4,4,244,At Risk
6e8940dc-e544-4a26-abda-2c5665d161e3,36,2,9535.13,4,1,4,414,New / Promising
6e9735e2-7125-4dbc-98bb-4a939720798f,227,5,1691.71,1,2,1,121,Low Engagement
6ea244c9-76dd-4a32-b3a1-72702cbb3733,433,2,1221.05,1,1,1,111,Low Engagement
6edb41e2-07c2-4710-99ad-e5842fcafdab,97,1,30.75,2,1,1,211,Low Engagement
6ee23d8d-21b4-4d0a-acad-eacd25fca760,107,3,689.12,2,1,1,211,Low Engagement
6eec7877-a2a0-4f8d-b589-c0b7d89f9ea9,59,8,5080.43,3,3,3,333,High Value / Loyal
6ef5b70e-ab5a-4751-a9d4-5454d09e9a21,44,5,1735.86,4,2,1,421,New / Promising
6f13fd1d-c8e9-4792-bb73-b12021a20d99,97,1,181.64,2,1,1,211,Low Engagement
6f1fe999-ce23-45f6-a8b3-df169f9c5b7b,74,7,4477.75,3,3,2,332,Low Engagement
6f23c88e-2554-4e24-818d-7a3f27713b51,286,4,3222.84,1,2,2,122,Low Engagement
6f23ee43-15a3-4ed6-82f5-be465558f293,420,6,2228.28,1,2,2,122,Low Engagement
6f304a7d-72a1-4a62-897f-11d430d60d2d,58,18,18889.21,3,4,4,344,High Value / Loyal
6f32e491-31ae-43f7-bb64-60d74caaaa00,141,2,3024.8,2,1,2,212,Low Engagement
6f34ae70-0101-4fc0-84a0-822ceac0baf0,299,3,1704.4,1,1,1,111,Low Engagement
6f37ebc9-065d-4102-a667-8a94839c8f15,448,4,2192.68,1,2,2,122,Low Engagement
6f3a6855-faec-471d-9890-bade0d170d27,37,7,4855.57,4,3,3,433,High Value / Loyal
6f3ba630-f76e-4b2a-ac63-7e5b520690e0,151,4,2828.47,2,2,2,222,Low Engagement
6f3d97b6-8780-4497-80fb-5d36f9f94660,302,6,5582.43,1,2,3,123,Low Engagement
6f570618-1a45-428c-a3d7-c046f339f80d,147,11,7323.92,2,4,3,243,At Risk
6f78d3c3-e55c-444d-b00c-63c50a53f6b7,203,12,11992.84,1,4,4,144,At Risk
6f848dbb-558f-40bd-b9d8-d4c7af5941de,9,5,6731.18,4,2,3,423,New / Promising
6f930f14-cb5d-484f-b38b-81151793a2bc,177,4,623.83,2,2,1,221,Low Engagement
6f9c91b2-0e96-40d9-a542-7abe5fa14926,426,6,4709.71,1,2,3,123,Low Engagement
6f9cd25b-df62-4938-aa39-1db5262bf59c,50,25,20575.24,3,4,4,344,High Value / Loyal
6f9d8aa4-c333-4182-94ea-6c1303818fd5,78,8,5169.04,3,3,3,333,High Value / Loyal
6fab063c-fc3e-4d62-afcf-81e258db795c,71,8,7242.25,3,3,3,333,High Value / Loyal
6fd5b798-9beb-4465-b78e-1519b374f2e4,464,2,1666.76,1,1,1,111,Low Engagement
6fd79559-ae2d-444f-980f-4d96d90f2e92,161,6,4338.21,2,2,2,222,Low Engagement
6ff35179-351a-45c1-9b0c-8beb8ddc0967,26,3,2023.65,4,1,1,411,New / Promising
6ff3c496-8f6c-42df-be65-f5b161477978,77,4,4526.87,3,2,2,322,New / Promising
7012cc98-c2b0-412d-a198-4ad1a4807e42,507,1,577.3,1,1,1,111,Low Engagement
70198173-d3bd-471c-8425-4b9d7a0d1e1e,27,11,5663.34,4,4,3,443,High Value / Loyal
701c1c5a-434a-4f63-a3cb-0c0ec669827c,95,20,13085.97,2,4,4,244,At Risk
701e3bb4-819c-488d-beb0-2d8b56fb927f,99,12,10852.05,2,4,4,244,At Risk
7020bba9-75c0-4209-af04-7a139cea9610,21,1,1139.82,4,1,1,411,New / Promising
702d1670-32a1-4a34-9f19-3801a4784643,54,6,8145.68,3,2,4,324,New / Promising
703126e3-997c-43c5-8303-baa9471ee40a,93,5,2084.47,2,2,2,222,Low Engagement
7078bb8e-29da-4e15-8ac7-86ef2df808c7,7,9,12178.61,4,3,4,434,High Value / Loyal
7089d74b-41e9-4858-a5c0-618a3c0e1051,351,4,4370.36,1,2,2,122,Low Engagement
70b7fe13-8b3d-4016-a3ec-39fb1f3af0e9,3,18,11414.69,4,4,4,444,High Value / Loyal
70beb325-e2a8-43a4-9c28-94d40ecb75d8,90,14,4367.03,2,4,2,242,At Risk
70bf0a7d-1d82-4d92-996e-ff7feef3dcd3,111,3,1319.93,2,1,1,211,Low Engagement
70e505f7-c48f-4cbc-9198-81990224d5b4,55,12,12222.22,3,4,4,344,High Value / Loyal
70e5c117-adba-4264-a0ee-568d6bbf58e2,91,1,3009.22,2,1,2,212,Low Engagement
70f0d57e-57cf-43f7-9e6f-c2f5cf7034e1,113,14,11917.62,2,4,4,244,At Risk
70fea994-b359-4692-bf32-31c7c8ce512c,49,10,9958.67,4,3,4,434,High Value / Loyal
70ff8e24-6279-4c96-91b4-7e2bbd5927e5,139,11,11340.39,2,4,4,244,At Risk
7100d664-88fb-4832-9a58-b3d775151379,812,3,430.85,1,1,1,111,Low Engagement
7107c480-b50b-4ec0-ac9e-d734db314ce9,4,5,6366.15,4,2,3,423,New / Promising
71105be7-e53b-487f-8d5c-dc2510b611f0,61,2,1723.12,3,1,1,311,New / Promising
71118996-c7dc-4376-88c0-5a9978a43fca,189,16,13223.76,1,4,4,144,At Risk
71174212-3f2d-4f5b-96de-252458804b78,38,1,676.84,4,1,1,411,New / Promising
712b6719-1469-453a-997a-bf0a6ac83393,135,6,4155.52,2,2,2,222,Low Engagement
71340d28-23f0-41de-a4e7-2ae6abfe0f92,25,1,163.96,4,1,1,411,New / Promising
71490a81-35d9-4ea0-bac5-dbe9ffdda4b7,160,15,12781.02,2,4,4,244,At Risk
7149d5f3-ab00-4907-9f69-b5ae6a77243c,176,8,4198.4,2,3,2,232,At Risk
714d88b5-6d6b-4616-b38e-084ad9cba094,58,4,1756.06,3,2,1,321,New / Promising
714e919d-ca3d-438e-ba7e-fba870fd76fa,111,1,818.59,2,1,1,211,Low Engagement
714f8218-7320-43cd-97ea-870aacee7ae8,58,13,16795.77,3,4,4,344,High Value / Loyal
715a33b1-a571-4cea-a1ce-162eb50a6361,1,26,21769.43,4,4,4,444,High Value / Loyal
715e0b21-1925-480f-9a80-9d1366e56520,227,9,5557.52,1,3,3,133,At Risk
715fbb01-e89c-41f3-b020-385ffafb65fe,58,4,3442.91,3,2,2,322,New / Promising
715fdeb8-18c2-44c2-937f-2b284d03f20e,103,6,4432.6,2,2,2,222,Low Engagement
7162d6db-9e60-426e-9572-c2940ef8ef9b,175,6,2902.34,2,2,2,222,Low Engagement
7162e4b8-c6cb-4509-9f7b-f9a23e996b50,55,10,9208.17,3,3,4,334,High Value / Loyal
718edf42-0970-4b19-8e28-596c3b970a37,34,7,8112.74,4,3,4,434,High Value / Loyal
719e9089-79b6-41ce-813a-282b157d9e13,601,1,468.98,1,1,1,111,Low Engagement
719f2f6d-e77d-414f-8cbc-a2a5fba61dd8,84,12,9202.24,3,4,4,344,High Value / Loyal
71a09480-6347-4fce-b0c3-78b60f78c742,325,6,3725.99,1,2,2,122,Low Engagement
71a6949a-be55-48a7-9db9-c4abe3eb6b0a,109,2,1011.65,2,1,1,211,Low Engagement
71afb3f2-90c2-42ce-9405-dbb7c949a19c,150,2,2164.73,2,1,2,212,Low Engagement
71bc9762-92ca-47bf-bdd6-fe1ef12ebc5b,44,5,1426.14,4,2,1,421,New / Promising
71cbf56c-8a70-40f0-970a-dc0867d2a581,207,15,12722.13,1,4,4,144,At Risk
71d90f19-4550-48ac-91ec-373b4378236f,92,4,4969.85,2,2,3,223,Low Engagement
71ebfcb8-2e3c-45b0-87de-2afde4214c66,102,7,4720.1,2,3,3,233,At Risk
7203bf33-5cef-47db-8449-3984dcf33463,86,3,775.04,3,1,1,311,New / Promising
721658b5-fa64-4387-9275-50fedd251505,376,2,590.06,1,1,1,111,Low Engagement
723e7dd9-698c-4f31-bdac-0fc18edac487,132,10,14238.93,2,3,4,234,At Risk
725051fd-e6ee-4392-a51e-12ff68c73d61,51,5,4737.93,3,2,3,323,New / Promising
72540a79-9d53-4402-af1a-a23f3584ebd7,454,7,2623.4,1,3,2,132,At Risk
72549804-eee4-4a6d-b3a4-c04061550de7,64,8,10123.69,3,3,4,334,High Value / Loyal
726e0e99-5092-4f40-8a96-12737af8c397,196,15,9648.15,1,4,4,144,At Risk
727839b2-f084-4e94-94d8-ae59cc8e4b84,193,10,6554.44,1,3,3,133,At Risk
728672a2-379d-4a05-9f41-d3f29f9dbd56,69,8,4726.2,3,3,3,333,High Value / Loyal
728909a5-0c13-445d-8a9e-854a825d0a18,70,12,13118.01,3,4,4,344,High Value / Loyal
72933546-d2a1-43a9-adbc-a9f9fe35c7d1,387,18,19016.67,1,4,4,144,At Risk
72b95382-57b6-4d2f-9702-4b85f2d06597,63,11,8081.44,3,4,4,344,High Value / Loyal
72ba5625-e612-42d4-8c72-433e2a73a851,81,5,3212.74,3,2,2,322,New / Promising
72bd2f07-7420-41f9-ad71-ea5f19e0510a,123,3,3157.62,2,1,2,212,Low Engagement
72e56601-7be3-4b6a-a39f-7743d96a937d,63,12,12232.02,3,4,4,344,High Value / Loyal
72e63576-1b9a-4a5d-b8d9-0557f82e3f4b,101,10,7276.49,2,3,3,233,At Risk
72ee6caf-35ff-4a11-87c1-3d0d75de4f5b,350,5,3580.96,1,2,2,122,Low Engagement
72fb4144-d02c-46c6-b9db-4adb43ff8647,198,1,159.41,1,1,1,111,Low Engagement
7305f113-e714-4293-ae1b-900d1d78c978,129,13,11317.95,2,4,4,244,At Risk
7307599a-43cd-4644-9caa-bd59960da3cb,50,9,5382.24,3,3,3,333,High Value / Loyal
7330f661-f44a-4e75-8246-0fe0dfca04a4,300,10,4255.05,1,3,2,132,At Risk
7335aec1-1e18-4e6f-98ba-13f2a1085647,41,15,13316.48,4,4,4,444,High Value / Loyal
73446b1e-244c-4488-89fa-3e88d92102b0,256,4,11495.88,1,2,4,124,Low Engagement
734d51a9-a1b3-4123-873c-301c71d6513f,129,18,13131.12,2,4,4,244,At Risk
73535597-b91c-4b8a-b33c-24720e0a12db,54,9,3736.64,3,3,2,332,Low Engagement
73565075-d5b7-459c-a012-5eff984e15c3,60,1,432,3,1,1,311,New / Promising
735790aa-2b11-45e1-85bb-7371e5ad8723,180,14,7943.67,2,4,3,243,At Risk
736ccb39-22e5-4b93-9cf6-784a983c3e96,65,1,5633.84,3,1,3,313,New / Promising
7383a712-220e-4044-900a-eae98a5c7a0f,137,10,11512.6,2,3,4,234,At Risk
738b0636-5b4b-4fd0-a6aa-68b6eac43a01,56,1,346.76,3,1,1,311,New / Promising
73a2f12d-a139-44c6-8504-ac23b148112a,86,4,1544.73,3,2,1,321,New / Promising
73ad728b-48e2-4dab-9996-76d7f5e8faad,170,3,1877.34,2,1,1,211,Low Engagement
73d84c8e-5bea-4d92-b9ce-82f117951fa6,3,7,3041.44,4,3,2,432,Low Engagement
73f40eea-e985-4500-b9a9-6d2e77e2d4af,130,5,13379.1,2,2,4,224,Low Engagement
740b3000-0ab1-45a3-a1c7-f2771e742ddb,142,2,5399.12,2,1,3,213,Low Engagement
7410ca98-8529-4229-b7b5-ed85c91e31cb,182,12,9024.13,1,4,4,144,At Risk
741e23a3-f8d6-4ddb-ad11-64b60e8f232a,13,12,10419.1,4,4,4,444,High Value / Loyal
74421cf1-1f8a-4344-a3e0-2a817c57f223,60,12,4997.31,3,4,3,343,High Value / Loyal
74548b02-dee4-4156-a4e2-90d64b0b4c09,18,9,6283.1,4,3,3,433,High Value / Loyal
7465092f-c97b-451c-afa0-0746ae69873d,182,7,5555.48,1,3,3,133,At Risk
7468a170-d9c6-4d00-be0a-6f8ef899ad3a,180,4,5305.51,2,2,3,223,Low Engagement
74723f3b-e48d-4e35-8ba2-a43e6f26e681,65,7,3694.95,3,3,2,332,Low Engagement
7475b654-38a3-4c0c-baec-a8791a4f5e40,32,5,4062.92,4,2,2,422,New / Promising
7475d3d0-0029-4bd2-a68a-fac09ab88d06,0,7,4271.4,4,3,2,432,Low Engagement
748ac781-7f51-4451-88c2-e7f52d14bfae,40,4,4859.81,4,2,3,423,New / Promising
74a2aa38-cb35-42f6-8be8-dbea03d54e3a,16,8,10408.42,4,3,4,434,High Value / Loyal
74bf84c2-39aa-40ae-91fa-6c4af13406bb,61,3,1248.18,3,1,1,311,New / Promising
74c5446d-e3dc-4312-a504-d4e32ffe253a,192,14,7441.13,1,4,3,143,At Risk
74c661d4-5e4d-4bb7-9fcf-439939e5b87e,91,12,19809.85,2,4,4,244,At Risk
74c68723-8cb3-4e67-821f-34d921dc9e78,67,5,1336.16,3,2,1,321,New / Promising
74cfb1b6-1792-402c-9afb-1c4fdc8b5a9f,285,6,6425.82,1,2,3,123,Low Engagement
74d307c7-0e36-4e5f-8850-c3a980ae87ce,193,8,4038.6,1,3,2,132,At Risk
74eed8e5-4122-4230-be8e-e42f0caf743a,9,6,4282.6,4,2,2,422,New / Promising
74f3652c-6022-42c7-826c-48ec1c0a3bca,66,18,12223.34,3,4,4,344,High Value / Loyal
74fd7f1a-5084-4e3f-9ee6-87a55b550d10,37,14,11931.8,4,4,4,444,High Value / Loyal
750d5dcb-0d6d-45a4-91ff-f0d9e521ad63,59,4,2838.48,3,2,2,322,New / Promising
751a70e9-eded-4bb2-bb7d-c17336277a6c,115,11,6959.46,2,4,3,243,At Risk
752194da-4390-4645-8d50-7c14be22c8b4,80,5,5005.78,3,2,3,323,New / Promising
7524613d-cc0b-40c7-ac31-cae1fa3c4ec2,89,3,1196.69,2,1,1,211,Low Engagement
752e40fb-9bb0-4484-aa6a-e0b9937ae682,139,7,4532.38,2,3,2,232,At Risk
7537ac63-0f06-40ef-8ba0-5938ed123112,74,11,6315.3,3,4,3,343,High Value / Loyal
755d7290-c4f6-4b3e-b0ec-ff04b036d156,103,6,5262.12,2,2,3,223,Low Engagement
75637c12-ea43-4a87-be99-53ac6acd22d8,368,6,4937.12,1,2,3,123,Low Engagement
7580b7a2-d880-4d0f-8da7-73b24898bcf4,0,11,16377.05,4,4,4,444,High Value / Loyal
7599c005-0091-4464-9c69-ee416f26c805,182,4,6145.79,1,2,3,123,Low Engagement
759baa12-213c-4936-8cda-b95c8c8420e7,88,11,10105.77,3,4,4,344,High Value / Loyal
75aaaa35-0107-41b3-8661-35eb067102c1,71,8,11230.21,3,3,4,334,High Value / Loyal
75b06ec5-d6a5-4a69-8cbc-9aceb52f5d95,164,11,10521.93,2,4,4,244,At Risk
75b87b5f-3b63-4d60-802b-e928293d7fe0,60,4,3233,3,2,2,322,New / Promising
75d977f1-3a89-497a-a810-eb8ae33c4859,559,1,112.35,1,1,1,111,Low Engagement
75e13860-6ff8-4563-912c-f78d83d1c1ba,68,13,10628.09,3,4,4,344,High Value / Loyal
75e843d4-06c9-462a-9795-f1466e21667f,382,4,3550.47,1,2,2,122,Low Engagement
75ec3438-4a3b-484d-82b1-944061eeda92,24,4,5001.87,4,2,3,423,New / Promising
75ed82f0-6f54-4231-8d06-cd46bface56b,37,6,6553.84,4,2,3,423,New / Promising
75ef8d38-d295-491f-9b95-0613cbf29dfa,860,5,6050.91,1,2,3,123,Low Engagement
75ff6efb-f8e3-4722-aed6-6ce804b0c5b3,8,3,2890.12,4,1,2,412,New / Promising
760eba10-8441-41b3-a59c-d839b997b5b1,113,13,8967.17,2,4,4,244,At Risk
762eb24e-0465-42af-a056-bf12d3d4b1e7,88,4,4341.1,3,2,2,322,New / Promising
76319e76-02d5-4040-96e9-abe7f6434e2d,73,11,11669.3,3,4,4,344,High Value / Loyal
763270c1-b64d-4eb9-8056-0a592527b573,423,7,2753.82,1,3,2,132,At Risk
763562c0-e28a-4859-ac64-c94e94d04bc8,13,9,13740.08,4,3,4,434,High Value / Loyal
76495eb7-4e2a-4ec6-86ec-59303184a329,60,1,866.12,3,1,1,311,New / Promising
76638dbf-bc8c-44d7-aff6-e44c85869471,31,2,520.88,4,1,1,411,New / Promising
766e5911-549d-431a-99f4-fb97e73fcdb0,381,19,19233.53,1,4,4,144,At Risk
767092ff-1837-44ca-85e3-ed511d9a2b51,195,3,6457.52,1,1,3,113,Low Engagement
76718d9d-d048-41a9-9be2-08b608d4184f,254,11,7642.2,1,4,3,143,At Risk
76815c9b-c705-48ef-8ddf-1762f51e0365,13,2,1129.82,4,1,1,411,New / Promising
7688ad6c-e9a7-49fb-9760-8dd3c75140c3,373,5,5232.85,1,2,3,123,Low Engagement
769b287e-f5a1-4bf9-b998-c297385e5b24,254,6,1334.6,1,2,1,121,Low Engagement
76acc028-41aa-4883-9462-c359c550a6ca,173,7,3631.04,2,3,2,232,At Risk
76b4e732-ccdf-4d73-baab-6c5a3d03b1f4,148,3,764.29,2,1,1,211,Low Engagement
76b88b13-f796-47da-a415-3932c9e97cf0,32,7,4517.06,4,3,2,432,Low Engagement
76ba58aa-5e83-43f7-ad73-99051f9ee512,155,8,6925.92,2,3,3,233,At Risk
76c56a13-318b-418d-982f-28fe3126d2d0,13,8,5625.94,4,3,3,433,High Value / Loyal
76d4b9ca-245a-4bd2-9135-7a0a90587b46,101,10,6673.91,2,3,3,233,At Risk
76d6199c-9d63-4770-b391-0681bd65252f,110,8,5634.03,2,3,3,233,At Risk
76d9deab-048f-464e-94e8-fca9f1c1fb3e,162,2,1353.81,2,1,1,211,Low Engagement
76fd890c-be4c-44ab-9ada-b6f5b03faacf,73,4,3351.34,3,2,2,322,New / Promising
770573a0-f472-4bd0-8e41-49be2b6bf897,35,6,6634.98,4,2,3,423,New / Promising
77178601-cf5e-4cff-b158-e2637dea9ab6,286,1,668.5,1,1,1,111,Low Engagement
7719a178-05f2-42dd-9b81-f800c3afb00d,99,12,14791.28,2,4,4,244,At Risk
77227d43-31f5-4434-acf3-f02df29b0920,589,2,183.98,1,1,1,111,Low Engagement
772549bd-fcf9-4935-8f39-a85f620f296a,22,3,3167.78,4,1,2,412,New / Promising
7734900b-ac61-4d54-b0fc-e44239ebfe1c,196,4,3828.72,1,2,2,122,Low Engagement
7735efcc-3963-41c3-88b7-16dc879cb9a4,61,3,428.23,3,1,1,311,New / Promising
7735ffa2-6572-487a-b13d-192d552b6664,203,7,6476.44,1,3,3,133,At Risk
773f2a0e-3492-44e9-b149-4e7bb5d407b7,74,10,12430.32,3,3,4,334,High Value / Loyal
7747daa1-10e3-41da-94e1-b0585a4a3596,7,20,21026.33,4,4,4,444,High Value / Loyal
775e1bad-6b2b-4174-82c7-dc67a0ce32f6,79,10,11156.8,3,3,4,334,High Value / Loyal
7768b564-60a2-4164-bc82-a7db3da787d1,8,1,120.77,4,1,1,411,New / Promising
77852d33-2904-4dc1-aa9c-6087382c0e8e,172,5,4235.95,2,2,2,222,Low Engagement
77852edf-a4f8-464c-92c6-202a036d34aa,291,5,3157.85,1,2,2,122,Low Engagement
778c5cb4-79f3-413d-91f7-d90b9ab93d12,930,5,5205.66,1,2,3,123,Low Engagement
77a07097-7061-4e2e-a721-e4444ae2c235,60,11,7161.82,3,4,3,343,High Value / Loyal
77a1e574-1eb3-4450-b996-cf871a05e958,182,7,5936.94,1,3,3,133,At Risk
77b3da96-3d2a-457b-9960-e02612cfdea1,36,4,2100.39,4,2,2,422,New / Promising
77d51e71-3f64-4c48-9498-dc2e191f1565,21,17,21685.29,4,4,4,444,High Value / Loyal
77da6294-6c03-4404-b176-3e146e8c30b6,73,10,13334.78,3,3,4,334,High Value / Loyal
77df43a2-0830-48c8-aa95-beaf3a933fa0,435,2,2520.22,1,1,2,112,Low Engagement
77ea2384-a68d-46e4-bf9b-d7dd0cc43ffc,585,9,9334.37,1,3,4,134,At Risk
77eb9888-441a-48c7-9ee6-d9e2b221d8bb,0,1,296.98,4,1,1,411,New / Promising
77f7e9d6-b170-4a25-b8df-701b080edc81,221,1,339.55,1,1,1,111,Low Engagement
780361db-342f-4df7-88fb-45b8535a24d1,3,6,4319.91,4,2,2,422,New / Promising
7840b2da-9074-41a8-92bf-3ce72da6acc6,21,3,930.67,4,1,1,411,New / Promising
78468fc5-51b6-4d28-a8c9-324fb59a3a12,290,4,6864.09,1,2,3,123,Low Engagement
784aaf94-95b9-4ee0-a97c-d034c0f9d1da,4,1,222.85,4,1,1,411,New / Promising
784e7393-cb2c-4243-9d21-34e1b9a49a0f,229,5,5402.17,1,2,3,123,Low Engagement
7854f374-7aa7-4db0-aca4-ef636af38d8a,96,3,545.22,2,1,1,211,Low Engagement
78632bd7-53cc-4ea1-84d5-30bba4d8379a,77,15,18199,3,4,4,344,High Value / Loyal
787a625b-a4d5-411c-9464-90dec712eafe,115,15,12377.86,2,4,4,244,At Risk
787c5abc-ca1a-4ec8-a128-9eb4da98a66d,388,16,12265.87,1,4,4,144,At Risk
787d1130-e3ce-4b70-af72-a523ad683a70,34,8,5243.22,4,3,3,433,High Value / Loyal
789a6696-d1a0-4a2b-a27b-de1c6e9ec000,124,7,15157.63,2,3,4,234,At Risk
78e1d172-5df3-4c8c-b7b0-715e2e130a31,60,11,6385.5,3,4,3,343,High Value / Loyal
78ed9f12-a360-425d-b316-69ca33f217d0,136,6,4272.4,2,2,2,222,Low Engagement
79165e73-b9fe-4bed-a824-e9097a646f73,95,5,4913.48,2,2,3,223,Low Engagement
79177170-a532-4925-9860-078e6ec7ff5b,69,13,10247.97,3,4,4,344,High Value / Loyal
792ec366-8549-4bf5-8421-1603c0d3a301,69,11,4536.99,3,4,2,342,Low Engagement
79399aa9-63f7-43e3-8435-d0d3de3a86da,72,1,605.48,3,1,1,311,New / Promising
793d94e1-d47c-479d-8076-25dc46a94a08,158,12,11625.72,2,4,4,244,At Risk
7945c042-8272-4cf6-b8dd-f4ca9facfb25,260,1,1417.86,1,1,1,111,Low Engagement
794830d5-81f1-48d7-b923-31bc6c6a6945,232,10,14186.78,1,3,4,134,At Risk
795ee70e-16d6-4bce-8f86-234b35d2f7d6,86,6,2568.54,3,2,2,322,New / Promising
7963efd9-047f-46ae-980d-c28cd8c9e1ae,206,5,812.04,1,2,1,121,Low Engagement
796d48b5-5516-4f30-8f2f-2e97de03b335,93,8,12662.25,2,3,4,234,At Risk
79761a99-7b52-4de7-9714-43c32b9f5e00,180,4,2809.22,2,2,2,222,Low Engagement
799325d2-97b9-43b2-97a4-feaa0be6011f,71,8,9397.32,3,3,4,334,High Value / Loyal
799a0015-e9ee-4fc8-a17a-7296b0b8054b,198,1,183.32,1,1,1,111,Low Engagement
79b20620-57f3-49c3-a27c-6c4793c65826,166,1,1031.74,2,1,1,211,Low Engagement
79c37093-c8a6-47c5-ad0f-b8f3d621f3b8,398,1,252.38,1,1,1,111,Low Engagement
79d4975a-8e62-4a50-8064-bda4fbf562bd,80,2,1716.77,3,1,1,311,New / Promising
79da5947-8875-4356-a2b2-6734985b15cc,223,7,5549.98,1,3,3,133,At Risk
79fdd023-327f-49f0-a588-48530cb5675c,6,4,607.72,4,2,1,421,New / Promising
7a05ba9c-3afe-42cf-bfc6-0e95f1e50bcf,165,4,10883.21,2,2,4,224,Low Engagement
7a0c7da1-530d-4564-8efa-055b91fe3ad7,64,4,2063.11,3,2,2,322,New / Promising
7a1227a5-64d6-4e01-b98f-e8591ce61e7a,151,4,1549.42,2,2,1,221,Low Engagement
7a43048f-aa67-4de7-9e20-bd652dbfabbd,335,3,2236.28,1,1,2,112,Low Engagement
7a46c833-4d81-430d-a7ef-ac8ce9b73286,35,5,2590.61,4,2,2,422,New / Promising
7a4c23b3-29aa-4b2a-8bf3-6b2fe57367dc,147,9,6624.24,2,3,3,233,At Risk
7a5c5db4-60e5-4871-b76e-f5908d859cbe,75,6,4906.44,3,2,3,323,New / Promising
7a68b5b8-832a-4531-a77d-0c7700a11ba3,346,12,10838.87,1,4,4,144,At Risk
7a6ce8a6-ca00-42eb-9a48-96b73ff03d42,212,8,3115.7,1,3,2,132,At Risk
7a6d583f-8857-4d9d-8368-2d9390bacd10,204,7,6040.24,1,3,3,133,At Risk
7a74a9fb-35a1-4cc1-a06a-9e3114367c9b,46,13,10435.14,4,4,4,444,High Value / Loyal
7a87ae4b-21dd-43af-ae68-c65c8fd42a8c,39,12,8134.06,4,4,4,444,High Value / Loyal
7ab98d6a-773f-4c38-80af-ef1f50396fd2,50,6,3097.23,3,2,2,322,New / Promising
7ae7984c-a4a9-40dc-aedf-1107ed4d7264,75,1,999.04,3,1,1,311,New / Promising
7af821d6-e33c-4e86-9001-4d648b11ddca,116,18,15319.51,2,4,4,244,At Risk
7b189680-0496-4384-bd94-8152cea9a0cd,113,11,7175.98,2,4,3,243,At Risk
7b1b9980-9d65-40fc-8ad6-6afaae4699e4,35,11,6081.04,4,4,3,443,High Value / Loyal
7b2687b5-b974-4db8-a307-c1732d16b20a,217,8,4021.68,1,3,2,132,At Risk
7b369b23-33bf-47ac-952d-719f931878fa,69,3,2497.06,3,1,2,312,New / Promising
7b41565e-134f-4a34-aad8-4d2cd46d80ae,39,6,3739.06,4,2,2,422,New / Promising
7b51b6cd-23e9-4328-a446-fbd207d57dc4,58,4,1560.14,3,2,1,321,New / Promising
7b543ed9-52ee-451d-88a2-8e19a376d1e6,58,1,38.46,3,1,1,311,New / Promising
7b660d5c-d5a2-4831-aa3d-9e85f91c7c14,91,13,7553.2,2,4,3,243,At Risk
7b8c71ae-033f-472c-a56f-1b11d72618de,275,3,4760.3,1,1,3,113,Low Engagement
7bb3c011-d6dc-4ac9-a414-e6c3546ca534,35,10,5562.33,4,3,3,433,High Value / Loyal
7bd0ba57-2b99-4a0d-8e97-b27c7bfef1cf,108,2,1165.56,2,1,1,211,Low Engagement
7bdd64fb-e589-462b-9924-b2442fc196d5,66,15,9519.26,3,4,4,344,High Value / Loyal
7c15eaeb-bffd-4f97-b4da-19601d48aaaf,139,8,9333.56,2,3,4,234,At Risk
7c1a4c87-174d-44dd-b13b-61010f927944,98,2,986.16,2,1,1,211,Low Engagement
7c228cf2-ab54-49f4-96f2-605adc577773,207,7,8491.65,1,3,4,134,At Risk
7c3570c1-7836-48a1-9ed4-bbd211e89682,24,1,55.19,4,1,1,411,New / Promising
7c385944-59b3-4947-b9b9-e2c919579f72,172,5,5612.22,2,2,3,223,Low Engagement
7c3cfe8a-8287-43d4-a116-811333b413b4,60,13,6400.08,3,4,3,343,High Value / Loyal
7c49c420-b051-453a-8072-451c9699f735,447,3,6042.88,1,1,3,113,Low Engagement
7c525a4e-140d-4e28-ab3c-3b547ca6efdc,59,10,8990.32,3,3,4,334,High Value / Loyal
7c66381f-c96d-44c4-9987-677b42abe77c,232,7,6353.18,1,3,3,133,At Risk
7c6f9d72-9689-42e5-b081-f7af88dc60f1,21,16,7947.15,4,4,3,443,High Value / Loyal
7c819b0f-c394-4968-8fc0-36a7addb34a0,128,1,859.7,2,1,1,211,Low Engagement
7c854dd5-7650-4bae-b68f-f9b13c3873bc,21,16,6693.28,4,4,3,443,High Value / Loyal
7c8ab82f-70cc-418f-963f-1bf32632e25f,27,2,891.33,4,1,1,411,New / Promising
7c8bf865-638d-45a9-923d-cd99a814a3ed,712,1,105.45,1,1,1,111,Low Engagement
7c99b6c8-88af-4940-9c8d-c10d252c8793,19,7,5268.11,4,3,3,433,High Value / Loyal
7ca0086f-afa5-4254-9b72-ebc7d3d2b683,9,7,3321.65,4,3,2,432,Low Engagement
7ca7c9ed-fc56-4b65-ab3e-a9cf08c464e5,12,7,7511.57,4,3,3,433,High Value / Loyal
7cae6229-eb29-4699-9bdd-e829d44bd85a,32,7,4995.36,4,3,3,433,High Value / Loyal
7cd303ef-3550-408a-85dc-0e8627366e48,56,12,3980.74,3,4,2,342,Low Engagement
7ce7fe60-cabf-49fe-adca-80365d785469,135,3,1609.34,2,1,1,211,Low Engagement
7cefe84f-bb6e-476a-beda-08ba857ae7a7,110,13,8873.74,2,4,4,244,At Risk
7cfeca41-a3f3-448c-9626-ff2f7ddf395e,353,3,2352.76,1,1,2,112,Low Engagement
7d119a86-1681-43fc-8735-a9a2b9cbc2f8,78,1,1292.44,3,1,1,311,New / Promising
7d16cc25-e518-458e-aa90-162d3ef0868b,11,7,3644.13,4,3,2,432,Low Engagement
7d1891e0-32ac-4d13-bb52-e025889b703d,82,2,832.85,3,1,1,311,New / Promising
7d216e24-a8fd-4bfa-ba37-e935c6509ca7,76,17,8859.31,3,4,4,344,High Value / Loyal
7d35139c-e35c-4d3f-8d53-b8380882acab,293,4,4143.09,1,2,2,122,Low Engagement
7d4c60c3-6886-4e63-ac0d-ea8ca64842c5,100,4,5881.21,2,2,3,223,Low Engagement
7d4c7653-b1b1-4a97-9c15-b7731983310b,6,16,13792.94,4,4,4,444,High Value / Loyal
7d4e27f7-b890-419e-9b7d-1a6b029052d5,411,5,6482.88,1,2,3,123,Low Engagement
7d6ec7ce-dc29-492e-a496-cf4a4aa944ed,218,4,2791.76,1,2,2,122,Low Engagement
7d7b48a9-29ac-4d03-aabb-50617bb6812c,3,4,2547.35,4,2,2,422,New / Promising
7d7b70dc-17f0-49e2-a794-8b7e9c97fe37,8,9,6994.44,4,3,3,433,High Value / Loyal
7d7bb5d6-1059-4d5e-b568-2f606a41e9a2,35,4,2265.73,4,2,2,422,New / Promising
7d8ca7f9-53b5-4873-ab94-b3dbc1daf4a3,38,10,6298.74,4,3,3,433,High Value / Loyal
7d8d77aa-fdc7-4ebf-a3c5-49dfd22c8a5c,173,9,7124.62,2,3,3,233,At Risk
7d9d6b7a-c2f9-4781-9d99-8eef7b924af1,536,4,4179.64,1,2,2,122,Low Engagement
7da9ac1f-def6-4245-ad6f-335f57b135f2,130,3,1941.33,2,1,1,211,Low Engagement
7dac09c9-e097-482a-9fb3-7bcf20c5dbaa,101,9,7787.01,2,3,3,233,At Risk
7dd092bc-5318-453f-babf-efffb1c76757,420,1,829.86,1,1,1,111,Low Engagement
7ddab3bd-a49b-4122-9356-5bafa60fc685,136,2,487.81,2,1,1,211,Low Engagement
7de0a84e-25d6-4332-b2fd-3ad963c9c3c7,119,14,14953.56,2,4,4,244,At Risk
7de5b055-9346-4f70-95fb-cd7f0ec654ef,115,14,9903.91,2,4,4,244,At Risk
7de5fd1a-0108-49cb-9bcf-bb3740b84106,11,9,3803.09,4,3,2,432,Low Engagement
7df6c576-3eb7-4c7a-b55d-aeac7f011b8a,195,4,4487.68,1,2,2,122,Low Engagement
7dfebc1a-9414-42c4-97b2-ec4ff22705f2,228,7,7162.4,1,3,3,133,At Risk
7e021862-0eb8-49c2-8849-5c1512de15b0,0,7,4054.85,4,3,2,432,Low Engagement
7e0a6d07-3544-41c2-b3f9-ce92e333af3a,94,6,1983.64,2,2,1,221,Low Engagement
7e17094d-0235-47b0-928f-111836ac6aea,93,6,6544.82,2,2,3,223,Low Engagement
7e43dece-6864-40eb-ae54-0345dc71cb98,292,2,786.64,1,1,1,111,Low Engagement
7e45e009-4173-4b97-af54-f0ba16a008ee,23,9,8744.26,4,3,4,434,High Value / Loyal
7e56628e-bdf3-44c4-8019-634ef8e7e061,29,9,6574.15,4,3,3,433,High Value / Loyal
7e59d099-57b8-4b6b-a2af-2fa9f179e68c,180,4,949.52,2,2,1,221,Low Engagement
7e5d39f5-b2d6-48d8-9a17-dcafa0044687,36,4,5132.57,4,2,3,423,New / Promising
7e5de0e6-1359-4edd-8a1c-59ac35107e1c,420,5,2356.24,1,2,2,122,Low Engagement
7e636f4e-1ac6-4ea9-b32e-869c6121b10a,210,4,24721.11,1,2,4,124,Low Engagement
7e6a4133-c3db-45f4-9b94-fbf170713247,118,2,2123.02,2,1,2,212,Low Engagement
7ea07c70-5df5-4b29-8e6c-1a2379721ce6,88,16,11727.74,3,4,4,344,High Value / Loyal
7eaa14cf-8399-4c15-90f2-4082dcfcc7d0,219,3,2327.16,1,1,2,112,Low Engagement
7eae1853-b414-457c-bf4e-b1729174d401,21,9,6981.42,4,3,3,433,High Value / Loyal
7eb9b69d-f598-4ef3-ae46-22f25f7e5d86,139,3,2277.26,2,1,2,212,Low Engagement
7ebb1608-642e-4fa9-b638-4056146044f9,354,10,9107.75,1,3,4,134,At Risk
7edebe03-7a84-4193-9859-55afe5da817a,113,1,310.69,2,1,1,211,Low Engagement
7eec5b02-ed1d-4963-a632-8662c8c05bc6,92,3,2109.9,2,1,2,212,Low Engagement
7ef4501f-3253-40fd-9f43-d1ce685f8543,73,2,1212.03,3,1,1,311,New / Promising
7ef7bdc5-ee36-4a38-9f1d-969caa6eb1ed,29,7,3818.17,4,3,2,432,Low Engagement
7efb4b9f-7782-4322-8fd1-55abd9c9f2ce,330,14,7629.12,1,4,3,143,At Risk
7efe3462-fcd3-4717-851e-02357c68ad39,61,8,7587.53,3,3,3,333,High Value / Loyal
7f036163-ede0-4e78-a80f-2e90cd04e78b,15,2,2028.84,4,1,1,411,New / Promising
7f0e9c75-d13e-493f-a087-504384a4427a,1,3,5854.78,4,1,3,413,New / Promising
7f4cb5f0-1f30-48cd-9846-cc5349a416fd,64,2,542.09,3,1,1,311,New / Promising
7f505810-0867-46f2-a9f3-666357dc1d5d,57,10,8629.23,3,3,4,334,High Value / Loyal
7f59642b-a7ad-429c-9520-80c7fdcba29c,0,8,16520.99,4,3,4,434,High Value / Loyal
7f606ddb-fc38-4ad7-821d-92126dbfdd6c,75,2,1059.35,3,1,1,311,New / Promising
7f61dca9-c588-425f-bf63-0276f8575172,169,7,3874.35,2,3,2,232,At Risk
7fa1ab07-a3f0-4fff-862e-ef2385cf5cc0,83,6,3729.01,3,2,2,322,New / Promising
7fad430a-b4f1-41a3-9629-106c09a77a58,225,18,18024.44,1,4,4,144,At Risk
7fbc9bef-ac07-417a-a67d-5ac9e8a8224f,306,13,8045.02,1,4,4,144,At Risk
7fcd3f66-dc50-4724-8d2e-c3e43f61c74b,101,15,13741.99,2,4,4,244,At Risk
7fd0ba72-ff3a-4c7f-8e1f-ed14d86f4bc9,175,6,3363.93,2,2,2,222,Low Engagement
7fea20c8-d7ab-48b1-9936-9a1a96e76bf9,0,2,2421.55,4,1,2,412,New / Promising
7ff5d17f-74ab-4838-96fd-a177003506fe,53,1,207.6,3,1,1,311,New / Promising
80045892-932c-4291-b0c4-ce851be0973b,17,9,7971.91,4,3,3,433,High Value / Loyal
8011786a-0e5f-40af-a700-4e49b67f3a75,98,6,6640.61,2,2,3,223,Low Engagement
8012f39a-b1b8-4483-ae18-63a3847b629e,8,4,5001.98,4,2,3,423,New / Promising
80241176-c9c9-4a84-aa3c-440dd25234ad,69,2,716.23,3,1,1,311,New / Promising
802c5926-8299-4877-8352-ad0193f7ec0b,30,5,3044.88,4,2,2,422,New / Promising
804f533e-9053-47a4-8689-8392e49fca91,108,17,12169.78,2,4,4,244,At Risk
80695c72-7768-4270-84f1-32f614842727,52,10,7038.69,3,3,3,333,High Value / Loyal
8069d7c5-d6dd-41d6-94bc-2ad569ecca24,166,18,19224.84,2,4,4,244,At Risk
80701375-abc2-460c-8a9f-c81b930a9e32,184,11,8959.18,1,4,4,144,At Risk
80733a83-fe00-4afd-bb0e-4d3d4a971ae6,136,3,4670.37,2,1,3,213,Low Engagement
808fef69-43d3-4fd0-ae6b-e5d7574d13bd,62,3,3140.43,3,1,2,312,New / Promising
8092762d-6497-4340-8fde-664522e5a2fa,26,4,1279.05,4,2,1,421,New / Promising
809ba67c-9a46-4baf-835b-c8efd96f0032,26,8,5032.52,4,3,3,433,High Value / Loyal
80bef751-c940-4ac4-8684-583269749a32,224,2,642.44,1,1,1,111,Low Engagement
80d6279c-854a-4009-bbb6-ba80c2bc9cb0,96,7,11175.5,2,3,4,234,At Risk
80de7f23-a7e6-4344-836c-2bf7779e32a4,46,6,3768.45,4,2,2,422,New / Promising
80e1373b-23c0-4033-adb0-009f796cfc93,48,7,8133.64,4,3,4,434,High Value / Loyal
80e319ef-0852-478b-8a48-b96598d09361,110,2,503.42,2,1,1,211,Low Engagement
80f03c6b-8e94-45cd-b54b-0afaa172e1f8,121,7,5779.23,2,3,3,233,At Risk
80f5a58c-bb4b-4e95-ac87-d2c7f5f60fde,2,2,1819.04,4,1,1,411,New / Promising
80fb240e-2633-4f4f-972c-735333b7652d,103,6,3661.36,2,2,2,222,Low Engagement
810c6318-0185-47e1-b6b9-62592eeb88d4,229,9,8603.05,1,3,4,134,At Risk
81131bcc-d5a8-4e43-ab08-156bfcffa0ad,59,6,10535.88,3,2,4,324,New / Promising
8118b5df-246b-4da3-a645-04f47d24f067,230,10,5994.63,1,3,3,133,At Risk
81337e45-66e1-4ae3-8a27-beb2ea38b31b,105,10,9707.68,2,3,4,234,At Risk
813f38e1-e1ce-4497-83ea-b3b7f9a0c3bf,195,6,6127.75,1,2,3,123,Low Engagement
813f7e23-090d-4c9e-ad87-b449f175baa7,71,1,2333.24,3,1,2,312,New / Promising
815aac28-e9eb-42bc-85cc-b94a3ffbf416,179,1,117.57,2,1,1,211,Low Engagement
817452c6-c816-4655-8959-af1856fe327d,43,4,1338.42,4,2,1,421,New / Promising
818589c1-032b-40dd-af4b-721adba19c50,63,12,8162.67,3,4,4,344,High Value / Loyal
8189a117-aeff-4c21-b016-ad5810f26a6b,15,17,13257.68,4,4,4,444,High Value / Loyal
819c4631-233f-4c17-b9b2-c4febd17a9f3,38,3,2484.17,4,1,2,412,New / Promising
81a16a12-e844-4185-8a7d-b7168bf867aa,129,12,9316.63,2,4,4,244,At Risk
81ab5859-c133-4ef4-9f0b-3ad69da426cc,73,12,9618.19,3,4,4,344,High Value / Loyal
81adb8ac-3785-4202-9583-300d51ee6d00,41,6,1637.49,4,2,1,421,New / Promising
81b29f5b-a070-45a0-89db-c32753f02eed,77,18,8681.58,3,4,4,344,High Value / Loyal
81c077d0-2fe8-4926-80c5-f40c718ac6cd,551,4,6707.46,1,2,3,123,Low Engagement
81dd3cac-a54a-4414-82a2-1b8a6b359153,99,1,945.85,2,1,1,211,Low Engagement
81efc54e-219d-4239-bf70-ee71c2b801a9,69,5,69105.93,3,2,4,324,New / Promising
82050cec-4744-4ae1-82c3-42492a91180c,82,9,9219.7,3,3,4,334,High Value / Loyal
820e8417-878e-48c0-899f-88550d8d23cf,91,2,1381.59,2,1,1,211,Low Engagement
820f8429-56f0-4868-9024-7787067836e9,17,16,12175.55,4,4,4,444,High Value / Loyal
8214036d-0e2e-4497-a399-7661aa10fd3f,299,2,561.09,1,1,1,111,Low Engagement
82197d8e-1c05-465c-8b48-5da1de960342,74,3,1047.69,3,1,1,311,New / Promising
821dd78b-0243-49d7-9195-9eae79be0298,588,3,1354.87,1,1,1,111,Low Engagement
822164e3-70f7-40ff-99e6-d0d1c6dc5e62,102,17,13776.82,2,4,4,244,At Risk
8260b1f4-6c31-401d-8f6b-6fbbb52dd5dc,31,4,2552.96,4,2,2,422,New / Promising
82696c27-c7e5-42a3-97d9-1b6b3b03b425,104,5,6682.75,2,2,3,223,Low Engagement
826dcff8-2267-48a3-90fd-11184beac40a,395,1,950.91,1,1,1,111,Low Engagement
827048ff-c371-4e89-873e-d0b0977491f3,191,2,5360.23,1,1,3,113,Low Engagement
828eb707-5a46-48df-bbcf-8d0f8dc2db29,1,9,3523.41,4,3,2,432,Low Engagement
82a0fe9b-dc7a-4419-bd03-15c57037790b,304,9,13714.95,1,3,4,134,At Risk
82bd695f-5ca4-4951-b865-faf2ee5fce96,86,10,8064.73,3,3,4,334,High Value / Loyal
82c77e2e-9966-4a90-ac36-334b4612a47a,161,3,2824.67,2,1,2,212,Low Engagement
82ea596b-3cf4-46bb-9cf8-f5ba0538b175,657,2,1061.37,1,1,1,111,Low Engagement
82fb1aae-c5e4-4544-996f-5c10369bbe0c,30,11,8833.66,4,4,4,444,High Value / Loyal
82ffd869-ec5a-4cf2-9cdf-8734ad34710c,6,17,13336.55,4,4,4,444,High Value / Loyal
83004d13-d6ed-438e-b3d6-93dfa9c9328e,48,6,4845.93,4,2,3,423,New / Promising
8301523e-c4a9-40ce-b2fe-fcbed7ee47f5,85,2,677.1,3,1,1,311,New / Promising
83028bf5-4705-479d-9b0f-aee869ddc83d,80,12,10170.63,3,4,4,344,High Value / Loyal
83111753-327d-46ef-830d-e49f03e40901,71,7,5409.6,3,3,3,333,High Value / Loyal
83181857-8247-4f8d-89d9-d95de9b7a3b0,75,4,3020.46,3,2,2,322,New / Promising
8323deab-3b8e-4490-a4c8-42d0f6729c14,602,1,1298.82,1,1,1,111,Low Engagement
8333d268-2a88-44a4-b045-1ddd6c2d998a,486,9,4035.18,1,3,2,132,At Risk
8353fe88-ddc0-4a61-957c-bd0f82983496,62,10,9707.18,3,3,4,334,High Value / Loyal
8369776e-e79e-4fc7-a0e5-1015c9a6b8ce,111,12,6406.79,2,4,3,243,At Risk
836cd838-68cb-4684-819a-b53c8ff40706,97,3,979.35,2,1,1,211,Low Engagement
83786a86-db78-44ad-a9d1-bb381eeb4196,48,17,12805.82,4,4,4,444,High Value / Loyal
83863e3c-2050-4159-b0d5-e5cf95ca19ab,58,5,5761.55,3,2,3,323,New / Promising
838aa59a-3e49-4bf0-9fdb-52c98b892d8e,213,5,3134.9,1,2,2,122,Low Engagement
838f7397-00ec-4e99-a637-76175d975416,63,11,13639.34,3,4,4,344,High Value / Loyal
8393a790-b910-46b3-9801-4ce9581edc2d,26,8,8252.08,4,3,4,434,High Value / Loyal
83956b87-6e81-4c82-bf6f-19409e9aefd4,102,6,3836.52,2,2,2,222,Low Engagement
83acf393-ddcb-470a-8fd4-e12cc8ce93c7,97,1,779.06,2,1,1,211,Low Engagement
83ad70cd-117d-4978-aa1b-db28376efbcd,70,3,1985.95,3,1,1,311,New / Promising
83c0ad90-d5b4-4ce6-9beb-0a39140aec34,72,12,10292.42,3,4,4,344,High Value / Loyal
83c0b7a2-1144-4fea-acfa-b836c245726c,35,9,8136.07,4,3,4,434,High Value / Loyal
83c5f65f-488e-4148-9c2d-1c984b3ca3f9,207,15,20013.31,1,4,4,144,At Risk
83d0c8b0-17c4-40c7-817b-ed3af113ec47,87,10,5765.93,3,3,3,333,High Value / Loyal
83d7a64e-470e-48a8-8053-426affd96f6f,98,11,20874.32,2,4,4,244,At Risk
83e22dad-ab7c-4e0d-b26a-76aa30163719,68,9,6278.18,3,3,3,333,High Value / Loyal
83f27498-c0ad-4b2b-ae7c-228733a50fbc,1039,4,10963.54,1,2,4,124,Low Engagement
84046826-9f7b-4806-849a-36c98c2dc8d3,90,5,5752.72,2,2,3,223,Low Engagement
840d3bc2-d2c8-4a3e-8e1c-f98f3aaa2784,21,8,8109.72,4,3,4,434,High Value / Loyal
84209b6c-49a7-4cfb-b5ca-3597523075ba,121,3,1369.71,2,1,1,211,Low Engagement
84383f62-b3d4-43ce-a9ef-384270640e2c,87,11,7081.01,3,4,3,343,High Value / Loyal
843d5b4a-ae95-4581-9491-0951093d8773,33,9,11637.47,4,3,4,434,High Value / Loyal
844fbd4d-55d8-4982-a8c0-1ba030a9375a,106,6,2537.49,2,2,2,222,Low Engagement
846b3da1-950a-4c2b-ba33-14eb0ae28146,22,4,1333.48,4,2,1,421,New / Promising
8481149d-02b5-4fc7-afd3-bdeaaf698b0f,86,10,17000.49,3,3,4,334,High Value / Loyal
848888a2-c829-43d5-8f17-5770cc47304a,124,1,1538.37,2,1,1,211,Low Engagement
8490574e-b7de-4a50-9a13-2d557843f1b0,69,10,5505,3,3,3,333,High Value / Loyal
84924c10-920d-4750-ad63-d03c40800f1d,95,13,9796.65,2,4,4,244,At Risk
849334b9-71e5-4c1a-baa2-4e0afc2a06fc,30,2,1672.43,4,1,1,411,New / Promising
8495d18d-5159-4f02-8de6-f515940ef34f,105,12,9259.65,2,4,4,244,At Risk
84966fe1-8fd7-4a4a-abf3-54f9574307d6,919,2,1793.82,1,1,1,111,Low Engagement
849a8653-f869-4056-abac-3ec07aa5b48f,444,4,1695.67,1,2,1,121,Low Engagement
84a41b86-b748-4c2d-a9ac-223463d2e14b,8,9,7978.18,4,3,3,433,High Value / Loyal
84a900f1-2adf-4dcb-897a-e0bf77e7a2f7,11,6,6958.91,4,2,3,423,New / Promising
84abc5ce-870b-4980-9f2d-1584e4061f87,92,5,3463.22,2,2,2,222,Low Engagement
84bc0e25-57cb-42e3-9799-637ca95c4b24,349,3,3049.12,1,1,2,112,Low Engagement
84c1dc4b-e74a-4eba-b307-db93e00f26d9,304,2,702.8,1,1,1,111,Low Engagement
84fb2512-abe8-4c66-9a29-0d81605ee468,106,3,1410.19,2,1,1,211,Low Engagement
850ab209-4101-4593-8aa3-145f860a97f4,47,1,760.63,4,1,1,411,New / Promising
850ca8cb-4091-4e32-8182-140703f651db,407,6,1899.21,1,2,1,121,Low Engagement
850d590c-c458-47f6-8247-83f7c2938593,154,12,9090.69,2,4,4,244,At Risk
851cfa49-9fcf-4128-bd7d-229b38836e8e,194,1,620.76,1,1,1,111,Low Engagement
8520e470-5a92-42c1-9528-7fca8107fd87,70,8,3508.8,3,3,2,332,Low Engagement
852626b9-0205-4513-bb37-c624d0ec47cf,898,2,594.1,1,1,1,111,Low Engagement
852a87bb-4884-4fce-a134-f025a1acfe3f,12,13,9208.71,4,4,4,444,High Value / Loyal
8530649a-f08f-4301-ab73-48266b4fbf04,3,6,2503.61,4,2,2,422,New / Promising
8536acb9-e847-45d8-9da7-dbc4fbaf5e28,10,16,18774.18,4,4,4,444,High Value / Loyal
85557366-4ca8-4bcf-80c3-ff3cbbcd702d,64,19,13847.9,3,4,4,344,High Value / Loyal
855ab280-3bb0-4da7-87ab-d230ac71c419,567,2,328.79,1,1,1,111,Low Engagement
8585dea6-a061-4fd3-b32d-a9c5d89d7c93,81,3,1029.7,3,1,1,311,New / Promising
8595dcfa-2bfc-46f4-a15a-042af85b78cd,172,8,7266.55,2,3,3,233,At Risk
85afd9a7-5d50-415e-a7b8-162614927827,23,2,3959.8,4,1,2,412,New / Promising
85b773f0-954a-49f5-a2f1-e9d7634d7b47,97,10,6230.97,2,3,3,233,At Risk
85c350d2-78b2-4e8b-ac3d-22548bb1d7b5,13,12,4952.96,4,4,3,443,High Value / Loyal
85cfca6c-dc16-4c95-8cdd-6047b6a74c35,109,3,1990.51,2,1,1,211,Low Engagement
85df296f-0153-4768-bfeb-4e372d8dc173,38,1,1757.48,4,1,1,411,New / Promising
85e6112e-a5fc-4546-afb1-21615ac57d91,29,14,9311.97,4,4,4,444,High Value / Loyal
8602ac95-e2ff-414c-b001-45e8d82b9ff1,42,3,1961.26,4,1,1,411,New / Promising
86060624-a2e1-474b-b3b0-1258e97dd8bd,111,9,6258.4,2,3,3,233,At Risk
860d779c-e49a-418b-818e-cdab1e173fa4,53,8,7162.9,3,3,3,333,High Value / Loyal
861c66ad-3aec-4dac-9ffb-cf19c89067c6,101,4,4251.44,2,2,2,222,Low Engagement
861f2c1d-adb2-498e-909a-f7f8057b497a,10,20,18064.54,4,4,4,444,High Value / Loyal
8636abbb-4dd4-4dd4-8d0a-04dbd150abb1,160,7,3187.21,2,3,2,232,At Risk
86383bbc-ec8b-48d1-994f-bf64d20bffe9,60,7,5071.47,3,3,3,333,High Value / Loyal
863c69c4-245b-4497-a4a6-62ec3724e31e,318,5,4243.45,1,2,2,122,Low Engagement
864e2c9c-7788-4cbd-b822-4ae91aa53d42,4,13,7972.92,4,4,3,443,High Value / Loyal
86584179-8d4f-4066-926f-3c3cf69afddb,46,6,3242.76,4,2,2,422,New / Promising
86619de4-a199-4d0f-8114-081629e265fc,84,6,6307.42,3,2,3,323,New / Promising
8665e216-16c0-44ce-9908-ad0c6c6286d8,99,7,5533.32,2,3,3,233,At Risk
8669e1e7-db66-4575-a349-a020e441766f,438,5,3805.31,1,2,2,122,Low Engagement
867129aa-6c66-4f66-86ae-4240d1b4ce20,55,18,16337.74,3,4,4,344,High Value / Loyal
867b37fa-2337-419f-a8f4-b3231eb98785,69,3,9400.75,3,1,4,314,New / Promising
86900d81-1ebd-48fa-91aa-fd8ac4dcbf1f,138,2,530.64,2,1,1,211,Low Engagement
8699bf81-7752-40ad-a8fd-a921bc2d7bd1,31,1,460.89,4,1,1,411,New / Promising
869a1228-12b0-4d47-8593-ec317f44e512,73,8,3655.75,3,3,2,332,Low Engagement
86b7fdb7-6df0-4833-b6bd-a34374125888,287,9,5756.3,1,3,3,133,At Risk
86b83c71-8f7f-4e39-b671-81fb0aae6586,384,9,3994.9,1,3,2,132,At Risk
86b8e09f-6d15-4f0b-8218-b3f4b63b56ab,108,1,231.6,2,1,1,211,Low Engagement
86c9ae17-11e7-4292-9d51-19b842e2d0be,260,1,480.06,1,1,1,111,Low Engagement
86d371c6-6dc6-4524-ae5f-b57a0f080c91,274,3,2557.52,1,1,2,112,Low Engagement
86e7f0c5-afce-4715-bfc3-1126cf765ba9,211,2,1613.24,1,1,1,111,Low Engagement
86e9fca7-c04a-413b-a9ad-214d89a0a968,43,5,7341.39,4,2,3,423,New / Promising
86ec0fd6-2d3b-4345-97f4-8e033293e23d,92,7,6237.44,2,3,3,233,At Risk
86ef44ef-f4a7-4ab6-9ec2-34934ea4e366,6,5,4360.42,4,2,2,422,New / Promising
872bd207-23ce-4009-93c6-cc22f73b2879,73,7,12856.86,3,3,4,334,High Value / Loyal
8754b621-e885-40df-8cf1-545678fd20b1,94,11,15819.66,2,4,4,244,At Risk
8757bdce-d8a2-4e8e-a669-d18f88e7b809,3,13,15133.44,4,4,4,444,High Value / Loyal
8763cf5d-5cd9-4e31-96af-6633bbaeb706,160,4,2611.99,2,2,2,222,Low Engagement
876b584c-ee29-4f7d-b69e-f827ea38514e,86,12,7949.74,3,4,3,343,High Value / Loyal
876bc039-bbb7-4875-86b0-dbea517706c1,36,1,200.1,4,1,1,411,New / Promising
8776d016-3af0-4bf7-a838-ee2183f73b33,109,9,8676.12,2,3,4,234,At Risk
877e268d-fca8-4478-806a-4086722f6446,46,12,8001.84,4,4,3,443,High Value / Loyal
877ed65c-3501-4d65-ad5c-e8b3d5e02431,97,7,3620.69,2,3,2,232,At Risk
878a29f1-6e8d-4c49-9a94-3a178a7b82f6,1,7,4184.25,4,3,2,432,Low Engagement
878d7b23-e674-4250-9454-02cd22e91ad7,111,7,7038.7,2,3,3,233,At Risk
87936b09-2b25-4205-9254-c1c6e08c0063,122,5,5849.97,2,2,3,223,Low Engagement
87a6809d-ad3c-43eb-b412-f7e31ee3a165,67,5,3786.99,3,2,2,322,New / Promising
87ac0fbf-d74d-41bb-b28d-080501b46d5e,355,7,2868.11,1,3,2,132,At Risk
87d04e00-e831-4ccc-bd36-df7564979e7a,102,7,13271.61,2,3,4,234,At Risk
87e25b45-9de2-48f2-a17a-0ab432b50fdc,78,7,7874.56,3,3,3,333,High Value / Loyal
87f424f1-989a-41c2-951f-2e78989874ee,144,15,7262.67,2,4,3,243,At Risk
880409bd-f05e-4f40-9534-5e43f6d80563,72,8,2828.17,3,3,2,332,Low Engagement
880508c0-37f1-4301-93d2-d2afc62ce4ed,91,9,8317.37,2,3,4,234,At Risk
8806399f-1c9b-47f7-b8ca-fac5468438ff,35,15,9560.96,4,4,4,444,High Value / Loyal
881c84e9-36e8-40b5-b972-73c2a9f5905a,66,3,1349.91,3,1,1,311,New / Promising
881e9d1a-7cad-4dde-b071-f2431a23df26,89,7,4334.54,2,3,2,232,At Risk
881f8857-e618-4ecf-8c78-960941bdd40e,74,4,1266.58,3,2,1,321,New / Promising
88342ba6-536d-443b-9cbb-42309c2a1d64,224,5,2820.08,1,2,2,122,Low Engagement
8835541f-4317-41d4-b7d2-b68952fcd4e5,768,3,5174.32,1,1,3,113,Low Engagement
88582197-1c54-4155-b5ed-4d9a0e8a787d,58,7,7150.17,3,3,3,333,High Value / Loyal
88651d84-e1f9-4b72-8d14-382faf57a73b,260,1,761.5,1,1,1,111,Low Engagement
886ba54f-25a1-46d7-b74e-34fa6f15b2d1,56,2,1852.26,3,1,1,311,New / Promising
887a1912-01ae-404e-9fe8-aeb57ae94bf4,356,4,1005.8,1,2,1,121,Low Engagement
88826d13-4a44-4427-85e3-21839c66a180,98,7,5049.76,2,3,3,233,At Risk
88af5169-3cb9-4391-a7f7-0fe10c554cff,337,17,20972.34,1,4,4,144,At Risk
88c3c83e-4125-4bac-8fcc-ec511590a549,20,12,7884.93,4,4,3,443,High Value / Loyal
88c9ac6d-a251-4b01-84fb-93ad93f119d0,64,10,4579.11,3,3,3,333,High Value / Loyal
88f5d918-9a2e-4318-a877-a34ed4becd32,157,10,8015.65,2,3,4,234,At Risk
88f81be5-7968-49f1-8bd6-9350f5b74d9f,62,9,46004.02,3,3,4,334,High Value / Loyal
88fa82c4-9e87-461f-a13a-695940e25a89,374,4,1881.45,1,2,1,121,Low Engagement
89037bc9-389d-484e-b6b4-9f627833f2df,97,20,12520.69,2,4,4,244,At Risk
89149df0-c0a3-438f-8919-659e553d894f,539,6,7715.73,1,2,3,123,Low Engagement
892380b8-4954-41c8-9ee4-dc08d37bc462,82,8,5999.65,3,3,3,333,High Value / Loyal
8936b5a2-699d-4958-9edf-869e365ae8da,40,9,5776.74,4,3,3,433,High Value / Loyal
895188dd-880f-44a1-a2e9-bce9554be2d0,38,6,4108.57,4,2,2,422,New / Promising
89556564-b5f3-4d6b-b871-fadc54eeede3,200,7,7616.67,1,3,3,133,At Risk
896597fc-f4ae-4cc1-b6dd-b5a8d3387e1e,55,3,4888.2,3,1,3,313,New / Promising
89785c82-c124-4f47-93a7-9fd151d3830a,44,3,1442.52,4,1,1,411,New / Promising
899dc2d6-548c-401a-b89c-78156bbd7bb0,20,15,11098.14,4,4,4,444,High Value / Loyal
89ad99ba-adbb-4cc8-806c-0417e003d842,228,3,1416.55,1,1,1,111,Low Engagement
89ba500a-5071-4437-8edc-e0b3e3fa2ae6,8,10,6771.76,4,3,3,433,High Value / Loyal
89bf0e2c-8fd7-4fb0-93b5-a6def1cc4057,60,4,23351.75,3,2,4,324,New / Promising
89cd8c29-adfb-470e-978a-70212c2e8017,43,2,2407.28,4,1,2,412,New / Promising
89dd3792-eedc-4a31-9799-364ebb293e20,2,2,338.51,4,1,1,411,New / Promising
89fba4c0-68b7-4e37-bd5d-cfb50a56d3ce,58,19,23761.72,3,4,4,344,High Value / Loyal
8a04d217-345e-4ff0-9899-a8c9bd981fce,202,5,2180.28,1,2,2,122,Low Engagement
8a06cb4b-0cd4-439e-b82f-c6ca7cbebbc2,52,7,5684.69,3,3,3,333,High Value / Loyal
8a185511-3dc2-469e-a3c7-d7e0d54b6aaa,197,3,3601.97,1,1,2,112,Low Engagement
8a1f0de0-0fd3-43b8-aad4-9739db959b39,34,9,4646.44,4,3,3,433,High Value / Loyal
8a4517f6-ee90-4e60-9475-491b17d51251,97,7,7584.06,2,3,3,233,At Risk
8a456d79-006f-4a64-b801-47061fafe167,645,3,768.78,1,1,1,111,Low Engagement
8a4ddb5c-bcb6-485c-b386-fd7a7145cabf,115,3,6930.01,2,1,3,213,Low Engagement
8a5ac078-bf04-4631-be39-b687132a7a73,15,12,11032.83,4,4,4,444,High Value / Loyal
8a5d9494-3e87-432a-a53d-cd3140f741d0,113,3,3757.83,2,1,2,212,Low Engagement
8a6e7fe1-f86c-4d13-b7e3-925c4cff95eb,77,12,7339.27,3,4,3,343,High Value / Loyal
8a895cb2-7f17-4334-88e6-f3e22af16227,3,1,703.77,4,1,1,411,New / Promising
8a94baee-7219-4b80-95ba-222e8aa41555,77,14,14310.96,3,4,4,344,High Value / Loyal
8aa7150b-7e4d-456e-b340-441f465c8528,219,2,93.24,1,1,1,111,Low Engagement
8aab0fe4-4b1f-4033-8d95-72ef1f4a096c,321,2,1032.12,1,1,1,111,Low Engagement
8aaf46fc-44e8-40a7-9773-2b17cca44464,124,2,1948.75,2,1,1,211,Low Engagement
8ab65ab8-6ee7-48b8-9d9d-31b31765a8f0,289,2,2593.16,1,1,2,112,Low Engagement
8ab75c8e-a1ca-49aa-bd4e-005b39e82b1d,313,7,9666.64,1,3,4,134,At Risk
8abbe588-3999-4f54-bc87-a6e35411218c,154,12,7896.39,2,4,3,243,At Risk
8ac5b7a5-3616-4c9c-98e7-7990f791fd41,65,6,3749.38,3,2,2,322,New / Promising
8ac9bddc-d86f-4e20-935c-13d44313ad88,90,8,9344.62,2,3,4,234,At Risk
8aed6228-843e-458b-ad37-f9ff1179617d,60,19,17155.54,3,4,4,344,High Value / Loyal
8b1cac74-c4a7-48dc-b02f-3dfd35c96fea,234,6,6139.65,1,2,3,123,Low Engagement
8b2293c4-39a2-45a8-85d8-0f68fe29e837,245,2,486.62,1,1,1,111,Low Engagement
8b370ee2-b908-4944-9bb3-f35e3414fe23,60,6,3627.45,3,2,2,322,New / Promising
8b423a9e-4765-42c5-852d-ad4ea7245463,91,11,10807.45,2,4,4,244,At Risk
8b43235f-439e-45c1-ae42-0b948685d581,56,9,3611.42,3,3,2,332,Low Engagement
8b5bc414-8470-4b81-9dd4-7a4cec822e75,199,12,8663.28,1,4,4,144,At Risk
8b65adda-0915-4a79-8310-fed8e627305a,62,6,6282.6,3,2,3,323,New / Promising
8b99cfc1-60be-4fe5-9ef7-1c073cb56828,77,4,1726.25,3,2,1,321,New / Promising
8bb40d76-2443-4294-920a-7586ef52a262,26,3,2391.55,4,1,2,412,New / Promising
8bd3b325-5d02-4c07-99de-2887d53cb571,116,26,24039.48,2,4,4,244,At Risk
8bf33cb6-3ee4-418c-9bd4-dec063ce30b4,1,6,3417.15,4,2,2,422,New / Promising
8bf98f9e-e2e5-42a8-b762-784194948c48,783,5,5195.51,1,2,3,123,Low Engagement
8bfce122-1b68-4692-8e3c-06e0b5ec7bef,256,2,708.28,1,1,1,111,Low Engagement
8bfe8a26-b47e-41ec-b4e3-ea4bd65a9b24,8,16,10599.86,4,4,4,444,High Value / Loyal
8c00d2e8-93dc-4dcf-899f-fb8e4995e1e6,331,8,5523.49,1,3,3,133,At Risk
8c01a130-a429-4b96-b3b6-757d1576fbd7,73,8,4748.43,3,3,3,333,High Value / Loyal
8c04437d-8d55-4ea6-9063-79af8e9e3259,25,9,3951.17,4,3,2,432,Low Engagement
8c04bb9e-1fd5-4824-86be-20367ea7c529,27,8,21734.57,4,3,4,434,High Value / Loyal
8c33dc6b-bd52-4ef5-be05-6178e1b8b861,201,8,7094.4,1,3,3,133,At Risk
8c4753bf-8c6a-4040-8d58-12472006cc9e,10,17,11788.71,4,4,4,444,High Value / Loyal
8c4ebadd-2e31-4a58-9b05-dfafa1a76748,56,5,5262.33,3,2,3,323,New / Promising
8c4ecaa2-9cfd-47c2-b573-60b29fae0452,77,16,16367.26,3,4,4,344,High Value / Loyal
8c515c3f-57fd-4c42-b6fc-d6ced8b08550,85,2,1248.14,3,1,1,311,New / Promising
8c67d4c9-a44f-477b-b4b7-c0e6d96b3673,306,3,3253.78,1,1,2,112,Low Engagement
8c7ac4e6-c8c9-4122-b575-c7df85ece152,104,7,11085.93,2,3,4,234,At Risk
8c82cd8f-3d64-4171-87b6-336816891a5f,92,7,8368.17,2,3,4,234,At Risk
8c8b6d42-31b3-47d0-9b2e-6f69322b437a,12,1,1492.7,4,1,1,411,New / Promising
8ca05e6f-cc3c-4aa7-80b0-50412db73cb1,354,5,4159.88,1,2,2,122,Low Engagement
8cd39a68-7d3d-4fac-8d62-21be3a959354,101,9,4226.22,2,3,2,232,At Risk
8cdbb0f8-2626-43cf-811b-84720f40acff,432,13,12227.21,1,4,4,144,At Risk
8ce72d11-d6cc-4263-b5c0-25bba8da542d,222,4,653.33,1,2,1,121,Low Engagement
8ce7f797-45bc-4052-9127-871519261f35,66,20,16998.48,3,4,4,344,High Value / Loyal
8cf0a709-7d4d-43de-b51c-f64c8578addc,93,4,2351.18,2,2,2,222,Low Engagement
8d3abac3-a4e5-4b78-9ca2-9d09e9e809da,230,7,5017.73,1,3,3,133,At Risk
8d4eb03e-7b88-4a16-be13-6cd4801779a7,143,12,7205.17,2,4,3,243,At Risk
8d5991c9-b954-4675-a440-dfc1c443cea0,6,9,5791.2,4,3,3,433,High Value / Loyal
8d5cb2a1-30f9-4bfc-91c4-fb993353d19f,82,6,5011.95,3,2,3,323,New / Promising
8d5ce095-e703-4437-a785-ec75a0a54c76,128,2,1727.93,2,1,1,211,Low Engagement
8d5e0481-91d5-4129-9d23-3207054d9dba,135,8,7000.72,2,3,3,233,At Risk
8d626c2b-4ae9-4fcb-af93-bec57c438bfd,79,3,1300.7,3,1,1,311,New / Promising
8d6e26b3-3be5-4e83-85bd-532ebc2a5e5b,373,2,1236.74,1,1,1,111,Low Engagement
8d75bc18-788f-4c7c-83d0-d367247881e8,105,1,1155.08,2,1,1,211,Low Engagement
8d7ebcda-a491-41d2-9f6f-65f7e83309d0,57,13,7947.15,3,4,3,343,High Value / Loyal
8d8e6a6d-4092-4a8a-ad71-c024a1092061,91,7,10365.5,2,3,4,234,At Risk
8d96a8a8-6af7-4e4e-871f-83521d2be313,94,1,807.22,2,1,1,211,Low Engagement
8d9a4d0e-55e4-4e5f-893c-0ba8294fceae,40,8,2281.43,4,3,2,432,Low Engagement
8d9ba574-9b0e-486c-806d-09694b769774,800,3,4031.52,1,1,2,112,Low Engagement
8deb1918-7ce1-45a1-85b1-1f245cafd591,2,5,9375.52,4,2,4,424,New / Promising
8e5b8357-d8f7-45a5-a5c8-ffa5c8848062,97,8,8391.47,2,3,4,234,At Risk
8e7d9067-74ec-45bd-8ec3-ee9eb1d458ac,82,5,7549.85,3,2,3,323,New / Promising
8e865312-4036-49b9-9946-6bee898d4c0b,0,9,8838.42,4,3,4,434,High Value / Loyal
8ea18761-b9b3-47b5-b907-942665ba2b41,197,4,2789.93,1,2,2,122,Low Engagement
8ee44ec3-d741-4959-8d16-e1a26e15a16a,9,1,1942.66,4,1,1,411,New / Promising
8eef21d6-47d4-4926-a059-8dd5e26793ba,605,4,2693.82,1,2,2,122,Low Engagement
8f094d89-4d99-4346-8acc-09619fcb0295,69,1,1581.52,3,1,1,311,New / Promising
8f1a3c32-21f6-4e34-80c6-7d2b217549a7,2,7,7549.12,4,3,3,433,High Value / Loyal
8f1c260b-1fd0-4400-906f-8fbc354472de,29,7,2954.5,4,3,2,432,Low Engagement
8f217763-6436-4e9f-a560-5aa88fe80b41,178,9,7730.53,2,3,3,233,At Risk
8f350dbb-c69c-4152-aa4a-8360b52854be,15,4,2137.74,4,2,2,422,New / Promising
8f390606-8358-4c27-aca5-96d70f5b85a5,39,18,22047.18,4,4,4,444,High Value / Loyal
8f4f6fe1-d03a-4cf0-93d3-303c5c61d079,80,12,9655.8,3,4,4,344,High Value / Loyal
8f512c7b-f625-4703-9076-d31dbf4b7cf8,1,4,6866.19,4,2,3,423,New / Promising
8f5d154c-f3a2-4ea2-b478-752b58b128fc,93,11,9581.07,2,4,4,244,At Risk
8f64d38c-fc1f-4690-b1cf-20a19c2d4e1e,592,9,4542.09,1,3,2,132,At Risk
8f6feb91-c846-45af-bd71-8b7c23909296,109,1,222.5,2,1,1,211,Low Engagement
8f7985ce-ca75-4a0c-9858-a7697a22b5b9,234,5,1939.4,1,2,1,121,Low Engagement
8f7d4a2b-ae83-4003-ab58-53166b7df3ff,40,9,9728.21,4,3,4,434,High Value / Loyal
8f8226ca-3692-4c07-8497-fb9edbb0fe5b,142,3,1913.65,2,1,1,211,Low Engagement
8f9ff5e0-3dd9-45cf-96b9-78c967f6f21a,59,7,11652.27,3,3,4,334,High Value / Loyal
8fb2b274-cc05-4533-8ad3-942895f998a0,99,1,999.79,2,1,1,211,Low Engagement
8fb84603-d595-4d6f-a102-bd19663774fb,200,18,16722.39,1,4,4,144,At Risk
8fc33274-f5b1-48b3-871b-7a383898b535,251,7,6266.89,1,3,3,133,At Risk
8fc35f5d-61e3-4bbe-8ed3-e723ede77b34,525,9,5673.01,1,3,3,133,At Risk
8fcb3894-14e8-4943-9548-ee5f31ea9eb4,48,6,4143.18,4,2,2,422,New / Promising
8fcc67be-f6a7-4825-88e2-7e27e54ff6fc,235,9,8043.03,1,3,4,134,At Risk
8fcea674-f830-4832-9062-1ac4d81925fe,73,10,8585.48,3,3,4,334,High Value / Loyal
8fd4dede-ea55-4201-a7ec-2c40a89317a0,768,4,1646.97,1,2,1,121,Low Engagement
8fd64a6b-83be-4d99-b7e5-8be6736705c6,33,11,16750.27,4,4,4,444,High Value / Loyal
8fdebd08-fc33-448b-9e36-9480c10d3d4a,241,15,10723.04,1,4,4,144,At Risk
8ff51083-cc95-4506-824a-51db5c169a79,220,4,2991.69,1,2,2,122,Low Engagement
8ffb3dda-292b-4464-92d0-9c68ad667846,37,2,1140.11,4,1,1,411,New / Promising
9009d0ea-0c3d-4f0d-825e-7707395e2b3c,89,13,6214.72,2,4,3,243,At Risk
90360392-9c29-446a-a7ee-b5563874de03,73,4,3233.91,3,2,2,322,New / Promising
90515c06-cf38-428f-9e76-1a8a8b92312e,144,3,2168.12,2,1,2,212,Low Engagement
90655f4c-d1fa-48fa-8eec-cfdadc9a61f2,229,12,10303.87,1,4,4,144,At Risk
906c286e-6e71-49ed-be90-5ffb519bb653,99,12,9447.23,2,4,4,244,At Risk
9079ed03-97eb-494d-b30b-07d53c13832e,194,1,4499.78,1,1,2,112,Low Engagement
907dd48f-3309-4cad-a1f4-79ac64490974,17,5,9528.74,4,2,4,424,New / Promising
907f713a-9dc1-4d2f-8b36-348d5cedfcf8,229,3,1475.9,1,1,1,111,Low Engagement
90ad3fdd-1e1e-4215-8570-9f775cecff88,91,9,3607.46,2,3,2,232,At Risk
90bbae86-2a93-4083-8ce2-21cba863fe7e,5,6,4329.71,4,2,2,422,New / Promising
90c38caf-9607-4be5-861d-0e662c7fa7f1,78,6,6343.67,3,2,3,323,New / Promising
90c38dc8-c309-4ac6-8fa9-402eea57ed7a,76,3,975.43,3,1,1,311,New / Promising
90c659be-f25a-4fc6-a4b0-bb856db1a955,82,1,543.7,3,1,1,311,New / Promising
90dd1f3f-97c1-4959-9611-ad4c8a15d00b,87,8,7255.73,3,3,3,333,High Value / Loyal
911abc2a-836c-47d4-82bf-c09e9c4db739,230,1,101.33,1,1,1,111,Low Engagement
912231a0-d3fe-4a67-9580-13a399232410,67,1,2425.8,3,1,2,312,New / Promising
91260630-cffb-499a-9335-99bda646ef24,73,16,14228.69,3,4,4,344,High Value / Loyal
9130a586-071c-4ed8-9578-b350b6968276,108,10,8704.48,2,3,4,234,At Risk
917e5878-d896-4f4f-aac0-9a3e62767401,16,3,1994.8,4,1,1,411,New / Promising
91852483-d8ef-4952-90f5-8de51ddc387b,82,4,5364.54,3,2,3,323,New / Promising
91a7ce49-103a-4bf8-8d6e-f4bf2f2db64b,5,2,675.25,4,1,1,411,New / Promising
91bb5b48-288d-4039-84a6-7b5adbae2295,236,13,8895.38,1,4,4,144,At Risk
91bc7626-d8e7-4259-a666-5d05f912aa18,14,13,13001.84,4,4,4,444,High Value / Loyal
91d2069e-5e23-4b9c-ab89-adbcbe988b94,201,8,6465.24,1,3,3,133,At Risk
91d90200-5474-41ac-bc95-d8a3ed24e3c2,99,3,600.51,2,1,1,211,Low Engagement
91f95abc-c9c4-4370-b652-96935e4879ec,18,7,4849.32,4,3,3,433,High Value / Loyal
92009089-9f53-4fb5-9b2c-7e64dcf75b26,164,4,5165.05,2,2,3,223,Low Engagement
9206c91c-c990-40fa-a992-77bb2e2223a7,320,12,10348.89,1,4,4,144,At Risk
92293be9-5ba0-4f8e-9a55-e595a95e44b0,246,4,2742.16,1,2,2,122,Low Engagement
9230fc8d-ffd9-4b33-88f5-2d642855be2d,171,1,41.99,2,1,1,211,Low Engagement
924bbeef-115b-4c14-8c8e-fa329a622ea1,22,3,3223.46,4,1,2,412,New / Promising
925e0585-9b73-415f-95f9-6c684b46e9d3,344,5,7826.86,1,2,3,123,Low Engagement
9269cf78-04e8-4a0d-8d4c-469e5891a0b8,95,21,16580.83,2,4,4,244,At Risk
92711fa0-3218-473f-86bf-26139ee3a494,14,13,9155.25,4,4,4,444,High Value / Loyal
92758caa-5112-42b9-8020-f263ab6954ae,302,8,4639.47,1,3,3,133,At Risk
927a50ed-cfa0-4c6f-b769-13a0dab12856,124,6,3689.89,2,2,2,222,Low Engagement
927a9550-2180-4281-bcf9-911656334371,97,8,3650.69,2,3,2,232,At Risk
929964ae-679b-4e6d-83a9-42f52fc4dfe3,88,4,920.71,3,2,1,321,New / Promising
929aa605-4532-44f7-b45f-8795bb106865,57,17,11074.28,3,4,4,344,High Value / Loyal
92a08093-7c51-42c8-af53-d91feff0824d,168,16,72725.85,2,4,4,244,At Risk
92b1925b-c0cf-4ae1-8275-b6c272a09586,76,8,6280.03,3,3,3,333,High Value / Loyal
92ba3a03-2eb7-4406-9222-00ac137721c8,1,12,7975.86,4,4,3,443,High Value / Loyal
92dbbd1e-9649-4265-91df-5dba053a1135,115,1,2143.94,2,1,2,212,Low Engagement
92e73609-cbc1-4fcf-93ca-5dbbaf6d27ff,378,6,3755.82,1,2,2,122,Low Engagement
92f1d8f6-0d14-4f30-9a8f-d66a00533951,546,10,9437.54,1,3,4,134,At Risk
92f430e8-7d1b-49e6-a5d0-d2900c0ccf4e,776,5,1507.48,1,2,1,121,Low Engagement
92f5b9e2-fdd1-4cf7-9753-2877ad58d419,297,5,8247.88,1,2,4,124,Low Engagement
9300a7ec-6dfb-4d32-b991-875e7a5e19f3,47,11,9452.94,4,4,4,444,High Value / Loyal
9315e3c2-3eb2-41e0-b9ea-5a4a29d5e33d,165,4,2547.61,2,2,2,222,Low Engagement
931f30ba-1107-45c5-bd77-29d52c0f0aaa,27,7,4976.05,4,3,3,433,High Value / Loyal
932351bd-bc2f-4062-b0e1-ded75c74504b,49,10,8280.95,4,3,4,434,High Value / Loyal
9325900c-0e86-41d6-98ea-938bd82b753b,81,3,639.18,3,1,1,311,New / Promising
93336671-702e-42b1-84b8-9eab07f227f9,236,3,1855.68,1,1,1,111,Low Engagement
9333adba-89a9-44c5-8b99-6c0dd2be2097,73,6,14043.41,3,2,4,324,New / Promising
93554e24-1707-4060-a1fb-c95a91d1fd80,78,6,4612.76,3,2,3,323,New / Promising
93602183-3778-4805-bbfc-7862d7b2343b,24,2,4295.99,4,1,2,412,New / Promising
9360c754-dc05-48b6-bbf5-1f06f3ee97b5,221,7,3922.16,1,3,2,132,At Risk
93668a7b-f5e8-412f-b081-a86065eb08ab,125,11,8122.34,2,4,4,244,At Risk
9374d885-6fbf-4237-8a97-7b1348efff8b,67,1,150.45,3,1,1,311,New / Promising
93794a29-f14a-40a2-915b-6cf4b8bb94d4,195,2,1284.33,1,1,1,111,Low Engagement
937a67bc-5fae-48ca-919c-ec0f5e04a86f,169,15,8071.33,2,4,4,244,At Risk
939213c1-2b57-4aad-a1fe-d7f894e2617d,60,6,2212.98,3,2,2,322,New / Promising
939948aa-c80d-4913-bc24-c78132c8cbe5,210,10,6537.19,1,3,3,133,At Risk
93abf46f-6d3e-4335-a213-8377f923dfc6,154,2,902.25,2,1,1,211,Low Engagement
93ba38b8-5680-44c9-8d36-225972562d4f,49,9,7731.86,4,3,3,433,High Value / Loyal
93cb4121-3a4a-4438-a8f0-1712bdebb892,65,1,2043.18,3,1,1,311,New / Promising
93ceb59f-93a3-4fc9-a5e3-1c8758fb6c25,70,16,14573.78,3,4,4,344,High Value / Loyal
93e9c15f-944e-40d8-890d-6442c8141b84,79,4,1711.92,3,2,1,321,New / Promising
93f4704e-e02b-4f16-b7cc-95224ef3d403,56,10,4986.05,3,3,3,333,High Value / Loyal
93f7cf82-ae1d-4a59-a071-82625bd83a59,258,13,13480.39,1,4,4,144,At Risk
93fad850-645e-4eab-b701-852e0f6f5ec7,250,2,801.09,1,1,1,111,Low Engagement
93fbf0d2-06b1-4ca6-adbe-98e80e20594a,5,7,4072.24,4,3,2,432,Low Engagement
941ec814-31d3-4e2f-9716-ca4b52f16653,446,6,4999.75,1,2,3,123,Low Engagement
9428ba47-8f57-4e14-bb6b-4184306cda45,2,3,8333.73,4,1,4,414,New / Promising
942cf6e4-a1e6-4f21-ad27-304580a7c289,78,8,5296.28,3,3,3,333,High Value / Loyal
94356bd0-323d-4b49-ace7-8c547c7ec0b8,590,3,1465.5,1,1,1,111,Low Engagement
9438a2f5-b89d-4ec8-9be8-923b728b90b8,48,3,1104.96,4,1,1,411,New / Promising
9442935b-6e55-4710-871f-f418c7f86282,20,1,289.32,4,1,1,411,New / Promising
9446da87-59c4-48a1-b0a7-47c19cfc81ac,3,3,2951.05,4,1,2,412,New / Promising
94477d39-76a9-4566-bea4-2e53f0041810,104,12,12978.46,2,4,4,244,At Risk
94584e3e-7d0a-4288-a1a4-43a378300c3c,36,11,12070.32,4,4,4,444,High Value / Loyal
945b5966-9603-4b7e-baec-cf0bcbb9a1f7,269,16,12132.52,1,4,4,144,At Risk
947fec07-da8e-4f40-a7a6-b167c4977332,183,21,16911.57,1,4,4,144,At Risk
9487f97c-d4c4-4d16-a3e8-4c6181dc1dfb,481,3,1470,1,1,1,111,Low Engagement
948e0bcf-d897-4f0e-9f30-0093af828015,71,8,7102.43,3,3,3,333,High Value / Loyal
94931a9b-0b5b-40e4-add0-d4768a9a8524,279,4,2355.12,1,2,2,122,Low Engagement
949839eb-f5c7-4070-bc7c-6d810ebc948e,106,13,8684.63,2,4,4,244,At Risk
94a023f2-0f82-4e7a-83e0-ba12ae7bfdb9,59,7,8228.67,3,3,4,334,High Value / Loyal
94a8a286-5ab9-4b1e-b2a4-018c07fb63d8,139,1,3776.42,2,1,2,212,Low Engagement
94b53438-7f00-4213-a68c-49128f3a572e,33,10,9354.67,4,3,4,434,High Value / Loyal
94b588b0-ed78-43bf-8682-b7e73fe24931,40,3,3301.57,4,1,2,412,New / Promising
94ca3b4c-1335-4220-8b20-ecea4c0eb551,57,11,8090.16,3,4,4,344,High Value / Loyal
94d52c60-a588-45c3-bf34-aab456c34d2c,104,6,2026.46,2,2,1,221,Low Engagement
950de4ff-5e6b-40ec-8870-54282db312e2,238,10,4709.42,1,3,3,133,At Risk
95510fe6-03ac-48fb-aded-525e10b08cb9,95,1,196.23,2,1,1,211,Low Engagement
95555bc3-0004-4f6b-97ae-559307e06847,88,8,5795.32,3,3,3,333,High Value / Loyal
9569e4fc-c30c-4626-9ef2-bb57cf53b26a,61,15,15228.33,3,4,4,344,High Value / Loyal
958779e9-cc60-4eee-b9ff-92b278cc881a,223,3,2860.74,1,1,2,112,Low Engagement
958b3999-13dd-4e8f-b6f3-8af1d09bc354,28,1,2397.37,4,1,2,412,New / Promising
9592c92c-899c-4248-876d-647175f236df,103,8,4841.85,2,3,3,233,At Risk
9597782e-43e7-434d-9e2b-6a4d9e69fcaf,90,10,8432.88,2,3,4,234,At Risk
95b2c683-ee7e-4639-b8a6-4aa4c8af8878,36,12,7304.83,4,4,3,443,High Value / Loyal
95b3eabf-6ce3-4d26-9400-b655e9039d1d,122,7,3485.28,2,3,2,232,At Risk
95eb30d7-04c5-415a-968c-de9a473ac760,23,6,2821.86,4,2,2,422,New / Promising
962b63f6-1527-49a0-be1d-d9975d2dc861,141,9,59385.23,2,3,4,234,At Risk
962bdf8c-04f3-4484-b924-d637c4a1d585,42,2,1042.2,4,1,1,411,New / Promising
963659c5-7038-4872-b1ab-989e703694b7,330,10,6782.99,1,3,3,133,At Risk
964aa8a1-0942-4ea0-9b2a-eff3806d45ad,9,5,6998.69,4,2,3,423,New / Promising
96537781-0dcc-4e3d-b4d4-f86fda2f861d,187,5,6037.64,1,2,3,123,Low Engagement
96609fb2-1f78-494e-b63d-0facac62157e,100,1,466.08,2,1,1,211,Low Engagement
9663126d-5b82-4e96-86f5-d8491d2cf7ef,25,10,5130.78,4,3,3,433,High Value / Loyal
9668feaf-5438-4d53-ac7a-b02a787a77c1,252,1,1609.76,1,1,1,111,Low Engagement
966dd2d4-951f-404a-8213-41bf214e6184,103,4,4756.38,2,2,3,223,Low Engagement
9673a4b6-94ae-4a92-b28e-37976dba5649,60,11,9139.35,3,4,4,344,High Value / Loyal
967d24b7-687d-4e2e-b8cf-9214e9e0f01e,70,13,15117.17,3,4,4,344,High Value / Loyal
967f84cc-f504-4b76-91b3-ee6beb70951a,194,3,979.99,1,1,1,111,Low Engagement
96949a78-13be-4c61-b731-e0e0e95219ed,64,14,11092.24,3,4,4,344,High Value / Loyal
969c7d15-6007-4a7e-bfd4-6b47b4f479ce,207,15,11342.05,1,4,4,144,At Risk
969ddda5-f885-4d80-bea5-614409477fc8,108,9,10352.27,2,3,4,234,At Risk
96d22656-4937-45b1-bf80-8d1c22779eae,0,1,1832.1,4,1,1,411,New / Promising
96d870be-0f53-4f80-b844-5b6764486b6d,72,6,2031.71,3,2,1,321,New / Promising
96f798c4-1f52-4949-9373-b80fbec79090,82,6,1779.09,3,2,1,321,New / Promising
96fccc72-6fb1-448e-89af-20256d82be55,387,6,8243.25,1,2,4,124,Low Engagement
97016bbe-8cda-4b71-a97a-09f350bc536f,86,7,4289.22,3,3,2,332,Low Engagement
970508b6-6f2f-4300-ad07-178ff7e43783,143,11,8170.82,2,4,4,244,At Risk
970b5ab7-20b5-4909-a081-7268eb526e2e,19,10,12598.76,4,3,4,434,High Value / Loyal
97119450-e4cc-46e9-97df-85bd714a2310,168,8,6063.56,2,3,3,233,At Risk
971d60d2-0ff8-4d57-8a5d-f95f385b192d,11,4,3854.38,4,2,2,422,New / Promising
971f0582-a824-43ce-9767-062bb4c42681,341,10,15571.05,1,3,4,134,At Risk
972127e1-0ef1-44da-904f-56c506d11471,68,7,3746.31,3,3,2,332,Low Engagement
972e4761-9585-4e8f-a64e-734616a92c0f,8,2,1459.02,4,1,1,411,New / Promising
973f9d8d-8b82-433e-9d37-53ff98f510d2,74,2,1252.44,3,1,1,311,New / Promising
974c2a4c-407c-4b78-a578-b8cae1e12d74,10,4,2497.4,4,2,2,422,New / Promising
977c0d1c-109a-473d-a154-ca66c8d691c3,81,7,5707.89,3,3,3,333,High Value / Loyal
978f9fab-2b40-4b0f-bc16-8a786438e5cc,281,4,3520.93,1,2,2,122,Low Engagement
9797eabe-5ba0-4264-9d60-211c00a39551,114,5,983.15,2,2,1,221,Low Engagement
97a149a4-6927-4f7f-a071-11a0c42bf684,46,4,5168.64,4,2,3,423,New / Promising
97aeddb4-6c7d-4969-8166-a04f7e41c37f,112,2,555.59,2,1,1,211,Low Engagement
97af8e28-1922-45a8-b0f8-1e1b7632fe13,167,7,5165,2,3,3,233,At Risk
97d1cf5b-eefc-42cb-b693-ff21e66437a3,62,8,7080.21,3,3,3,333,High Value / Loyal
97de4956-27a0-4b0f-baaf-5389f9b9b2d5,171,2,1122.56,2,1,1,211,Low Engagement
97df54c2-57c7-4380-a755-966e311d796e,145,6,4503.64,2,2,2,222,Low Engagement
97eb6ac5-6f6a-4cd3-a37e-7a1e16a3a339,3,2,286.66,4,1,1,411,New / Promising
97f6ccb7-ac5e-4f9e-a3f3-40691b06803b,195,3,1501.61,1,1,1,111,Low Engagement
97f94a49-f361-47e3-a5f8-245151157d45,56,5,3745.63,3,2,2,322,New / Promising
9808bff4-f705-4788-b94a-7b873316375d,77,8,3447.88,3,3,2,332,Low Engagement
980f880a-5ee2-4ae3-b793-ade1efa7e080,568,4,1980.33,1,2,1,121,Low Engagement
9813aedf-3f43-4920-82bf-60392e1f0a5f,0,5,2110.4,4,2,2,422,New / Promising
982aff61-ed1f-4c9b-b10a-f43e5d595078,159,8,8780.24,2,3,4,234,At Risk
982d5052-69c4-4eec-b373-842bd832c537,78,7,12388.75,3,3,4,334,High Value / Loyal
983e5741-2be3-4fc5-a07c-712d925a4c19,21,2,717.76,4,1,1,411,New / Promising
986041f9-543e-4bf1-8df8-f006c655b701,111,1,4940.46,2,1,3,213,Low Engagement
98610eed-9486-4ae3-9879-4a2e186d5c3a,8,5,1428.9,4,2,1,421,New / Promising
98614629-defc-4514-b6ee-5d8900d86341,142,6,3719.44,2,2,2,222,Low Engagement
986a09b2-7f32-487e-9d57-907b375ebc2a,8,4,5026.34,4,2,3,423,New / Promising
98866fa4-3761-4bd3-8464-1cfb687812db,55,13,8164.8,3,4,4,344,High Value / Loyal
988698b8-234b-4d7d-8aa8-9e2151634a11,41,9,3903.12,4,3,2,432,Low Engagement
9892ab5a-2ff2-4abd-ab4c-b67cce6cbfee,420,1,74.66,1,1,1,111,Low Engagement
98be4704-8851-46ae-901d-d046b71283c7,330,6,3370.83,1,2,2,122,Low Engagement
98bf8cc7-502d-4bed-84b1-67c77f1a7346,80,1,350.72,3,1,1,311,New / Promising
98c4f759-0d14-4ea7-8b5d-28294d000ca2,110,10,3244.57,2,3,2,232,At Risk
98d41fcd-f138-4d22-bc16-e9422c5d1d06,89,1,191.77,2,1,1,211,Low Engagement
98d9cdd1-c343-4203-9074-67c14c0dbfad,181,4,2560.4,1,2,2,122,Low Engagement
98e2396b-90c3-4266-9d86-15379d60d2e0,614,5,4434.72,1,2,2,122,Low Engagement
98f1e1ad-4995-4b84-9002-12f4fd8308ac,86,2,483.56,3,1,1,311,New / Promising
98f321c4-76e5-4c32-be7a-b472b6917796,72,4,1584.2,3,2,1,321,New / Promising
98fe33cf-a672-49fd-b0e5-5a518ada4135,174,2,6800.36,2,1,3,213,Low Engagement
9901183a-cffd-40b1-b370-faa542c2d225,91,5,2177.32,2,2,2,222,Low Engagement
99021edd-0d19-4d76-bcc0-0be6321a143c,138,6,4866.83,2,2,3,223,Low Engagement
99037efe-5cf7-4f0f-b636-b804dec05690,104,7,5957.93,2,3,3,233,At Risk
9927cdf6-596d-45c6-9562-3dd10dc68134,29,3,6035.28,4,1,3,413,New / Promising
9929c944-17a6-43a3-8fab-75bbd39099d0,69,1,62.58,3,1,1,311,New / Promising
992cd77d-40a6-4eab-aff0-67ae1f1d2ab7,310,5,1463.52,1,2,1,121,Low Engagement
9930bf90-749e-425e-ba31-fcb4927afc19,5,4,754.54,4,2,1,421,New / Promising
993bc3ba-1abf-4ecb-a9bb-8e3237818b5f,88,9,6817.5,3,3,3,333,High Value / Loyal
993c1802-3e95-4f0d-97e6-583e3877c342,284,2,1111.25,1,1,1,111,Low Engagement
9972a046-4917-49fe-b484-5a5d9962a0b9,214,12,8127.3,1,4,4,144,At Risk
99855dd3-64c5-4b13-828b-636d40710dc8,6,3,2021.28,4,1,1,411,New / Promising
99b1b366-4e67-40fb-b756-f561446d7ca3,183,1,1094.9,1,1,1,111,Low Engagement
99b7e7a6-02ef-479d-bbd6-a3c1dfcd4666,441,2,3106.07,1,1,2,112,Low Engagement
99ba027b-24e2-406f-a6af-4df0446d746e,554,1,354.4,1,1,1,111,Low Engagement
99d3b363-4bbe-459d-ac03-946df44024d3,72,6,5094.92,3,2,3,323,New / Promising
99d4d138-9682-41d9-8c8d-2c4697ed47f1,414,2,1070.64,1,1,1,111,Low Engagement
99df92b3-22e5-42ef-b779-8bdc0c6e305a,685,6,7212.75,1,2,3,123,Low Engagement
99fa2c2c-f44b-4125-9552-907f2a9ed912,244,5,4870.57,1,2,3,123,Low Engagement
9a07a4e8-4b46-41ad-a501-bd7366afacac,59,1,2811,3,1,2,312,New / Promising
9a1fd5a0-7ec8-40bf-a1fa-91e2db34483d,100,6,7137.47,2,2,3,223,Low Engagement
9a32d0a0-2912-4436-bd1e-7648bad79835,163,2,10439.47,2,1,4,214,Low Engagement
9a57e6f2-9452-486a-8305-c5c8335f53ec,289,3,887.44,1,1,1,111,Low Engagement
9a5a78c1-f720-4b0b-a017-070b5078837d,95,5,2557.67,2,2,2,222,Low Engagement
9a6bef15-b82d-47b7-a305-0b170ad5444f,816,4,3867.38,1,2,2,122,Low Engagement
9a7eb840-5f17-4a36-9535-bd6cb4681578,93,11,6703.61,2,4,3,243,At Risk
9a86fdf2-18b9-4407-bc89-164cb499aae7,541,6,8067.92,1,2,4,124,Low Engagement
9aa1405b-5147-4ffa-a744-75f5b314afe6,65,1,2431.16,3,1,2,312,New / Promising
9ab2920f-8a4b-409e-a4e5-057cd35da70b,417,4,2802.29,1,2,2,122,Low Engagement
9ace3667-b989-4808-b06a-6b145c5347f4,233,8,3961.86,1,3,2,132,At Risk
9ade8cae-b96c-43be-a691-74fb0f5766cf,193,3,606.08,1,1,1,111,Low Engagement
9b04e5f8-52a9-4d10-bb64-1d1147788d5b,119,6,5180.4,2,2,3,223,Low Engagement
9b055d23-6cac-48c0-83de-e615e99fe494,156,7,7745.18,2,3,3,233,At Risk
9b06cb6b-e45e-41c3-827d-93bbd3b6e2ab,88,3,832.63,3,1,1,311,New / Promising
9b18ad7e-6f9e-4f13-b176-d45937a9d88f,182,6,4151.47,1,2,2,122,Low Engagement
9b2010b7-ec14-4767-9817-71535b313193,12,3,2719.5,4,1,2,412,New / Promising
9b587589-894d-48c0-afe3-5393a0b5c588,118,3,1559.47,2,1,1,211,Low Engagement
9b82d20e-4099-42d9-9fdd-d86582163b86,83,1,133.05,3,1,1,311,New / Promising
9b9626dd-7bb4-4241-afa1-d2a4845b3e06,219,3,1424.83,1,1,1,111,Low Engagement
9b962ff3-19d3-477a-9f38-80cf4b5ec4ba,251,5,3525.03,1,2,2,122,Low Engagement
9b9939cd-9578-4072-85e5-3cdf4f01a390,63,3,1813.37,3,1,1,311,New / Promising
9b9f832f-e17f-4518-8055-081b4fb4b20e,17,12,9699.01,4,4,4,444,High Value / Loyal
9ba5348b-13f9-49fd-8e5a-7283edfe2fa6,130,12,7066.28,2,4,3,243,At Risk
9bae4d1a-4f13-4832-b1ff-22413d9c008e,33,4,3564.79,4,2,2,422,New / Promising
9bb2627c-b7ab-4e03-9127-cb6f21145445,51,14,13534.81,3,4,4,344,High Value / Loyal
9bb358c8-9231-4af1-8914-fd1f12213f90,417,7,4059.42,1,3,2,132,At Risk
9bd89b58-b0be-4718-a991-2467321f5e90,45,7,2399.03,4,3,2,432,Low Engagement
9c05e86c-df5e-4f95-8271-5072c56804f4,107,7,5669.48,2,3,3,233,At Risk
9c123fb9-bedc-4fcf-93fb-dd52f01a5ac1,32,2,386.69,4,1,1,411,New / Promising
9c164b6f-247e-470b-8c0c-024597674546,15,7,6160.62,4,3,3,433,High Value / Loyal
9c174a49-1f26-4536-9126-1ebcb32010b1,24,7,4397.47,4,3,2,432,Low Engagement
9c2a6cf5-35c1-4440-b15d-425a5eb3d569,60,10,4698.74,3,3,3,333,High Value / Loyal
9c367032-e1ea-45f9-9037-423dd284847d,86,7,7816.67,3,3,3,333,High Value / Loyal
9c5231ae-d5d3-45fb-8c97-8415237cbf94,37,6,9298.15,4,2,4,424,New / Promising
9c673569-481c-4739-bbc9-3d624387a09d,21,1,561.69,4,1,1,411,New / Promising
9c67f76e-86b5-4b10-8744-32b622030359,5,5,5288.91,4,2,3,423,New / Promising
9c73143e-0015-4adb-98d0-1c94efdb5a4b,63,11,6107.16,3,4,3,343,High Value / Loyal
9c875033-8fb3-48d8-bbea-c5a11a686343,148,2,265.27,2,1,1,211,Low Engagement
9c93db30-590f-4708-be95-1a9d1b8c2aed,114,1,2552.19,2,1,2,212,Low Engagement
9c969873-d1cd-4468-9f05-f30a41a9dc1a,149,1,69.06,2,1,1,211,Low Engagement
9ca8b09e-a16f-4f8e-a485-d7c926306632,191,4,5155.57,1,2,3,123,Low Engagement
9cbeecfd-6615-427e-95be-ee47e6d1bb45,107,1,490.18,2,1,1,211,Low Engagement
9cd4ddfb-303d-4267-97ac-6714f9ec09f5,28,3,1994.25,4,1,1,411,New / Promising
9cd7d9e4-aef6-4587-a2b7-a0da862acdcb,48,1,857.35,4,1,1,411,New / Promising
9cd93caf-ff83-494c-b6ac-3553e81b179d,125,8,4985.71,2,3,3,233,At Risk
9ced4d68-a265-4f92-b75c-b1e5c9489e64,40,3,2048.73,4,1,2,412,New / Promising
9d1dc7ac-9040-4caa-94b0-6ead46e0a60d,73,4,4093.55,3,2,2,322,New / Promising
9d20d3aa-b41c-4e5b-839e-7f45d508eb6b,22,1,265.38,4,1,1,411,New / Promising
9d2e314b-4089-4dff-9a54-d62393c4c684,12,6,5483.11,4,2,3,423,New / Promising
9d4af80e-4d70-493b-8c32-62feaab20df8,442,6,4303.66,1,2,2,122,Low Engagement
9d4cc57d-8b97-43f2-a667-49ff08059b15,79,1,1224.44,3,1,1,311,New / Promising
9d54e761-120c-4676-9740-41cf3bf39182,560,10,4613.2,1,3,3,133,At Risk
9d61ec60-82ee-44ae-b23a-9ddd53af2781,122,4,5952.98,2,2,3,223,Low Engagement
9d749db0-9af7-4adb-a989-09c438307e7b,85,6,3286.87,3,2,2,322,New / Promising
9d975045-72ce-4f87-af01-ec01223f8331,35,9,3978.69,4,3,2,432,Low Engagement
9dac7bed-3552-4590-ba29-a46743f79192,14,1,696.06,4,1,1,411,New / Promising
9db13e3a-548e-4a67-a576-785b6059c8fb,96,2,1361.82,2,1,1,211,Low Engagement
9e039bc8-48a1-49a0-9fbf-284bbedada3b,100,14,15057.29,2,4,4,244,At Risk
9e052a50-d0c0-4937-ab2b-155e6c6e7701,232,5,6690.29,1,2,3,123,Low Engagement
9e3bd55e-cb84-4cfa-8180-6714d198bfcf,62,8,4413.53,3,3,2,332,Low Engagement
9e410d0e-8912-48ec-b5bd-bd6370c499e6,108,10,5335.93,2,3,3,233,At Risk
9e462c4b-f257-447a-b6b5-ee5ed3e8965a,139,2,1382.99,2,1,1,211,Low Engagement
9e4f5f66-7f58-4775-9d6b-4d1a21643d1e,26,9,4928.48,4,3,3,433,High Value / Loyal
9e9157b3-48db-4a30-8d38-b1cee0bc018c,61,5,1442.25,3,2,1,321,New / Promising
9e9b92ae-d2cc-4f8c-ba03-69d816183703,12,10,4474.26,4,3,2,432,Low Engagement
9e9f0435-ef51-4b00-bc68-0a0cf7bcd220,111,2,1464.44,2,1,1,211,Low Engagement
9eb686eb-efda-4894-a3cd-43a346dea660,24,9,5438.18,4,3,3,433,High Value / Loyal
9f00779d-0d88-4916-b88e-b151bfea14f8,54,7,6844.75,3,3,3,333,High Value / Loyal
9f0d0835-faa0-4b1c-94c6-66b617a92297,39,3,4150.31,4,1,2,412,New / Promising
9f11b8da-5a83-43bc-85a7-29a96470c8f3,108,5,5515.83,2,2,3,223,Low Engagement
9f168912-4a8d-4fac-852c-d798ada0534f,16,21,18368.43,4,4,4,444,High Value / Loyal
9f16d5be-c762-43b3-b33d-287bce0c1294,34,2,1957.2,4,1,1,411,New / Promising
9f1a8d27-bfeb-477f-bb2b-96e42f827943,70,8,15001.5,3,3,4,334,High Value / Loyal
9f1c0134-adb1-443a-a636-d3a8150ca905,62,13,10899.47,3,4,4,344,High Value / Loyal
9f41a41c-01a2-4cb2-9d3f-eb1389724604,76,10,7621.06,3,3,3,333,High Value / Loyal
9f695f10-e48b-48ea-b0c7-c823eaba0da2,85,13,16622.98,3,4,4,344,High Value / Loyal
9f6becce-e372-4824-bf6a-db09c1779792,48,8,5174.74,4,3,3,433,High Value / Loyal
9f87f2f0-568e-4031-ae7e-c8d3231b921a,62,3,5331.56,3,1,3,313,New / Promising
9f9b54f3-bdec-42cc-91b8-f9583e92f566,178,5,3966.05,2,2,2,222,Low Engagement
9fa59082-09fa-4527-b26e-1f71a84f0654,87,3,5309.2,3,1,3,313,New / Promising
9fa907ae-74dd-4479-a3cd-770b01682a22,431,5,4164.08,1,2,2,122,Low Engagement
9fad127e-ed32-4279-8956-bcb91ec0968b,202,3,4422.72,1,1,2,112,Low Engagement
9fae95bd-5702-444f-b1b0-26d3dc6637c6,22,3,636.42,4,1,1,411,New / Promising
9fd12c16-9673-46b1-81f5-fc225c77fe51,32,9,6024.07,4,3,3,433,High Value / Loyal
9fda5557-30b8-43db-a319-bd53dfef1f96,111,2,940.51,2,1,1,211,Low Engagement
9fe3da44-ae3d-44c1-a15b-d09bbf275fb5,25,9,7270.6,4,3,3,433,High Value / Loyal
9fe46e44-8933-4066-ba44-e09248db4b8c,104,3,2689.74,2,1,2,212,Low Engagement
9fee71c0-7d17-456d-a61d-b191da606827,62,14,8827.35,3,4,4,344,High Value / Loyal
a00d6ec1-80d9-446f-a52f-99d5a9b448bc,18,7,11272.46,4,3,4,434,High Value / Loyal
a00d8351-567c-4cba-b7d4-6bc0d0fe17fc,92,3,1481.64,2,1,1,211,Low Engagement
a046ef59-6968-4ffb-b7a6-9c699d705bc6,66,8,3529.07,3,3,2,332,Low Engagement
a04ab224-31aa-43a7-9328-5f36515b7093,7,1,1234.17,4,1,1,411,New / Promising
a0535507-b7bd-4865-be66-11f9e5584cc5,144,6,8600.21,2,2,4,224,Low Engagement
a075b0a5-ac1b-4904-9c5f-a20c7507d8ee,98,2,2407.06,2,1,2,212,Low Engagement
a0774c16-1d1b-4c89-848e-55ceb0fba419,441,5,5574.53,1,2,3,123,Low Engagement
a088e173-b818-4db4-9511-d65b29fc5c21,88,7,10077.46,3,3,4,334,High Value / Loyal
a09050ea-c07b-4b1c-98f5-f7874aa10d94,83,6,1915.83,3,2,1,321,New / Promising
a0955ddc-e4b0-4679-898f-911df3c60b7c,86,5,2972.46,3,2,2,322,New / Promising
a0ad2dac-5ccc-46cb-9f72-f37d667e19da,23,2,609,4,1,1,411,New / Promising
a0c1ecfc-e0a9-4c24-a2c2-849759538c58,213,2,751.98,1,1,1,111,Low Engagement
a0f3977f-3877-4fc6-937d-7130d1f05138,74,17,15075.02,3,4,4,344,High Value / Loyal
a0f9681e-445c-4707-9a35-bfa9bcb424ab,83,4,2772.04,3,2,2,322,New / Promising
a11bac62-1cb2-46d8-b1e9-031cf263bfc3,90,7,4111.67,2,3,2,232,At Risk
a12f5da5-5ae7-41ce-b848-33897487fa0c,112,5,6954.69,2,2,3,223,Low Engagement
a1371708-1b20-4592-85fd-1618355a4dc4,3,7,7040.24,4,3,3,433,High Value / Loyal
a1404ecc-4fc4-4218-9f07-ed77cddf3c03,164,13,12711.11,2,4,4,244,At Risk
a14cab32-4fee-442a-96f2-0dfe76333e0f,84,9,8209.53,3,3,4,334,High Value / Loyal
a14e287d-47f7-4283-b3fb-3598f7139552,42,2,3187.69,4,1,2,412,New / Promising
a15b7d17-9655-4d08-b2ca-35471728c318,16,10,13241.25,4,3,4,434,High Value / Loyal
a17c5989-c543-413b-8ec3-b68770663d00,178,2,713.96,2,1,1,211,Low Engagement
a18ffc40-e88a-4193-9ae8-b113268bf296,220,8,8934.55,1,3,4,134,At Risk
a1b5af00-d0a8-424e-9226-43c537cc5d99,262,3,7322.26,1,1,3,113,Low Engagement
a1b90d36-5321-4a1f-aed1-da92d0e58cc2,480,14,15924.64,1,4,4,144,At Risk
a1c93951-6791-43d4-8b91-2dc3dfff560c,51,15,10570.54,3,4,4,344,High Value / Loyal
a1cb3c33-22ca-40d0-8d29-c9ee823b6a83,50,6,4830.16,3,2,3,323,New / Promising
a1d8eea9-2abe-42c6-94bb-dcf078821d11,25,4,3610.89,4,2,2,422,New / Promising
a1e0a52f-24ea-4ac2-952e-85ca9b770bea,10,26,20838.2,4,4,4,444,High Value / Loyal
a1f0e529-2849-47ef-a535-98c1d588678a,100,6,6159.73,2,2,3,223,Low Engagement
a200e188-fa66-4743-9dc5-77bd5c51752c,65,19,14363.81,3,4,4,344,High Value / Loyal
a20b09c4-2a92-4e17-9deb-b03e6d0370e2,205,3,1004.13,1,1,1,111,Low Engagement
a21a138e-ca08-4994-be2d-2f00fa55d10e,104,3,911.16,2,1,1,211,Low Engagement
a22358f2-3906-4f5d-a2dc-50804997bccc,29,4,1938.56,4,2,1,421,New / Promising
a2280f15-1fb1-43f4-8a69-4295eed6bd96,62,3,2233.95,3,1,2,312,New / Promising
a2310809-e7aa-43c8-92b6-e69f86811767,15,4,7424.7,4,2,3,423,New / Promising
a24f5781-fbfc-42fb-9ba1-f52accd497f5,114,10,9764.46,2,3,4,234,At Risk
a251cf2e-2e31-470c-a8ab-faae34397248,257,5,3221.7,1,2,2,122,Low Engagement
a2546b43-f260-44fb-bd12-854fd82d1ec9,57,7,2599.85,3,3,2,332,Low Engagement
a26a38a6-631e-4eeb-8d0d-e275641fbc80,86,12,8942.43,3,4,4,344,High Value / Loyal
a26f169a-f21e-4674-91da-fa016b31c258,461,7,6179.55,1,3,3,133,At Risk
a299ab67-2c58-4b60-aab1-8e5f3075652b,67,2,764.72,3,1,1,311,New / Promising
a299c6d9-cbd2-4998-bdeb-e1a014487bf1,398,1,379.34,1,1,1,111,Low Engagement
a2c5b71d-b97f-481a-beb9-48bc2564e665,87,5,1136.31,3,2,1,321,New / Promising
a2dd7506-87b0-4ad6-a696-e279e1b91f28,84,1,272.56,3,1,1,311,New / Promising
a2e072b1-ce88-4049-8e58-27851c89b9ae,4,6,5594.62,4,2,3,423,New / Promising
a2e8eb75-2019-4a67-8de5-d236475d5353,83,17,18477.05,3,4,4,344,High Value / Loyal
a2f1f739-6466-4f0b-9964-07fb54639474,38,2,756.08,4,1,1,411,New / Promising
a30a847f-fe0b-4ad0-90aa-1dfec2ff8cd0,17,22,36477.85,4,4,4,444,High Value / Loyal
a30dd753-e8cf-4e4a-814b-5396ac015a99,591,7,11090.84,1,3,4,134,At Risk
a3247a4b-1052-4541-8c64-52d0b1173db3,4,2,2828.25,4,1,2,412,New / Promising
a33f5856-ad9e-4e36-ae08-f4fb76d3f3ff,183,1,296.6,1,1,1,111,Low Engagement
a344c65e-ce00-4dee-8b80-f00e8b725d90,233,2,3563.95,1,1,2,112,Low Engagement
a34dbfa6-aa79-46cb-981f-a20241c804fd,1,13,8854.43,4,4,4,444,High Value / Loyal
a3530739-97f0-45d3-b732-01f3eb3cb095,541,3,3053.84,1,1,2,112,Low Engagement
a3610b88-347e-4b84-b3e3-8d38668bc886,59,10,14433.4,3,3,4,334,High Value / Loyal
a365f06c-2d9d-448f-a5cb-373caa575c37,4,13,6825.66,4,4,3,443,High Value / Loyal
a36d29d4-779f-459d-b632-da06bb214a53,422,5,5011.66,1,2,3,123,Low Engagement
a382d887-0ac8-4839-8352-4f079937b704,81,7,3977.78,3,3,2,332,Low Engagement
a3ca7dba-5860-4ac1-956b-65e166a33597,772,5,5293.85,1,2,3,123,Low Engagement
a3cfbffc-edc4-464b-992a-a5e446c034b0,222,1,4023.88,1,1,2,112,Low Engagement
a3d77463-6061-457b-ae5c-c659198699e1,47,6,3552.16,4,2,2,422,New / Promising
a3d7ee08-8e88-43a3-a1f5-4bf89738c9da,105,10,10811.28,2,3,4,234,At Risk
a3da1666-0a05-4d75-8d2f-6e39ac8a0fef,88,6,2360.35,3,2,2,322,New / Promising
a3dac94e-3fb6-4fed-a7ab-b3d45a8c36c2,421,1,475.61,1,1,1,111,Low Engagement
a3eeba0d-047b-4acb-9766-b367651dd9bc,57,2,369.88,3,1,1,311,New / Promising
a3f6835c-147a-485c-a439-9a69e9cca065,74,1,837.16,3,1,1,311,New / Promising
a3f6ea9d-f649-4764-8072-698b4717ef90,159,4,3934.28,2,2,2,222,Low Engagement
a3f9a48e-b2f2-4228-b827-dea4411e7762,131,2,14110.82,2,1,4,214,Low Engagement
a406b62f-afe9-41d3-ad56-870aa703b3c1,108,1,1736.42,2,1,1,211,Low Engagement
a432a5ab-11b5-4252-b152-3150efb8e618,72,6,4227.27,3,2,2,322,New / Promising
a441a96e-f3a6-4314-93ff-cdbe86136be1,130,5,6498.53,2,2,3,223,Low Engagement
a44c00d9-817e-4939-a559-40827eb29069,76,6,4058.17,3,2,2,322,New / Promising
a44d6f8a-3724-4452-97eb-66838666201f,473,3,1622.38,1,1,1,111,Low Engagement
a460566f-6e6f-4400-961c-b2014dc943c8,148,17,12821.94,2,4,4,244,At Risk
a47b1c43-157c-4676-b0d3-e29b965163fb,189,4,2175.23,1,2,2,122,Low Engagement
a4825fa2-5474-4fef-995c-774c8b43fc1a,3,4,2276.23,4,2,2,422,New / Promising
a4b3912b-81d8-401f-99d7-af56342ca6b9,127,2,996.64,2,1,1,211,Low Engagement
a4bded3f-e626-47b9-9da3-b2f226ae4b56,19,4,1169.23,4,2,1,421,New / Promising
a4c32b63-8645-4e06-941d-0a0083e70539,60,7,4035.2,3,3,2,332,Low Engagement
a4d51a2c-4728-4362-ad0a-546827f8d81d,46,8,1887.96,4,3,1,431,Low Engagement
a5314035-0b4f-43d1-b816-0d56edc6feb7,53,9,9324.24,3,3,4,334,High Value / Loyal
a53d12a9-3607-4c1c-9043-967c8ba87c3c,16,1,145.01,4,1,1,411,New / Promising
a55e0cd9-184c-48af-944f-385c602bc44f,199,6,4857.56,1,2,3,123,Low Engagement
a56992a8-ea19-4b55-bfc6-04c01c212d96,113,14,9178.6,2,4,4,244,At Risk
a56aeb35-c0c1-4765-a0da-89eb1d819897,33,5,2509.35,4,2,2,422,New / Promising
a5917153-002f-4bef-9c5d-60afc7cb8a4f,127,12,9547.09,2,4,4,244,At Risk
a59b40f4-283c-4093-8611-c1b2efc7f7e9,84,6,3856.03,3,2,2,322,New / Promising
a5a50a64-b49d-454b-b287-024a8902985d,373,12,13177.8,1,4,4,144,At Risk
a628d8e0-7796-4728-b585-2864ed4960a7,35,8,7455.6,4,3,3,433,High Value / Loyal
a62a5f41-c401-431c-b11a-2d37f996880d,144,10,4704.89,2,3,3,233,At Risk
a62b4cb5-79bf-4763-bd12-37dff3f90c7b,14,5,3660.9,4,2,2,422,New / Promising
a62fc5d5-19f1-432a-907c-19da24451060,172,8,7191.72,2,3,3,233,At Risk
a63a5580-b0be-47e7-be8a-eeb1bf1d7b2d,21,8,3208.8,4,3,2,432,Low Engagement
a645428d-557c-4df2-a37d-90ec6ebbd7fb,72,22,14003.24,3,4,4,344,High Value / Loyal
a651e59b-cbd0-4b80-bd9a-39bb71a4ce5c,40,10,4955.91,4,3,3,433,High Value / Loyal
a656c1cd-58c8-4143-ab70-f1a0804eafba,31,8,5517.92,4,3,3,433,High Value / Loyal
a659a626-a894-4d17-bd96-d135c5d91fe7,98,6,4220.58,2,2,2,222,Low Engagement
a6604b85-cb10-4c30-83f4-f8274d3fe533,24,7,3980.91,4,3,2,432,Low Engagement
a66ddb91-7a8b-4f77-b35a-5965959106be,136,4,2245.22,2,2,2,222,Low Engagement
a68a3657-6d10-45c7-9c0e-12a912ead1c7,138,6,2629.68,2,2,2,222,Low Engagement
a6a33939-6579-4658-96e6-443db37c417b,66,5,6416.71,3,2,3,323,New / Promising
a6b54277-621a-48c0-be48-6162d62fd088,3,5,1900.27,4,2,1,421,New / Promising
a6bab4b1-d224-4a4d-b12f-7b73840640f8,180,4,2725.88,2,2,2,222,Low Engagement
a6bd0a68-87fe-43a7-b846-52c77336f719,66,1,389.64,3,1,1,311,New / Promising
a6c2dc58-7fb1-49a2-ba7a-2a0af0ffd749,71,7,3173.42,3,3,2,332,Low Engagement
a6d8ab4c-166a-42cc-a326-ae53a563a818,327,1,256.88,1,1,1,111,Low Engagement
a6eeef85-a2a9-4d85-8735-cb75a1b45c3f,235,8,6485.37,1,3,3,133,At Risk
a6f0749f-c7d4-423b-8a57-adb30ad45cfe,88,8,10715.37,3,3,4,334,High Value / Loyal
a6f73627-ff31-46eb-b880-3368d8a1a134,141,4,3381.9,2,2,2,222,Low Engagement
a7011839-02f7-4871-99e5-7f1466f80b93,60,14,11327.83,3,4,4,344,High Value / Loyal
a70343af-2b10-488f-a2c9-e29918916e4d,23,12,7826.95,4,4,3,443,High Value / Loyal
a736f711-6ad8-4068-9a37-8073e988e67e,5,4,4257.03,4,2,2,422,New / Promising
a7391c0c-4004-4352-8905-829f79d7c25c,14,7,12650.77,4,3,4,434,High Value / Loyal
a7504151-d146-4af7-990a-d550a34ca3cf,111,14,13256.44,2,4,4,244,At Risk
a753037b-5b07-49f0-ae35-995764fbcedc,560,3,1288.34,1,1,1,111,Low Engagement
a76871e9-87e2-4da4-a6bf-dfc893947629,34,4,1638.22,4,2,1,421,New / Promising
a7754bde-6a46-49ea-8a1a-94c46fbf786a,301,6,6319.71,1,2,3,123,Low Engagement
a7760f3a-c23e-4e30-b31c-e60ea6903604,106,5,1807.07,2,2,1,221,Low Engagement
a776e4a6-3868-428f-af41-994cf8719900,340,3,1481.95,1,1,1,111,Low Engagement
a7771fa7-c25a-4bcf-81ba-068ac859379f,2,16,9741.32,4,4,4,444,High Value / Loyal
a77c4c74-475e-43be-93c4-fb60bd54cf09,22,13,9684.33,4,4,4,444,High Value / Loyal
a77f6d36-364a-464b-8d15-33e548aa12f8,276,5,2458.06,1,2,2,122,Low Engagement
a7850bc9-8dcc-46e0-8495-d5f39c5ab2d2,13,10,9598.52,4,3,4,434,High Value / Loyal
a7893ea3-01e1-4606-95ba-9d34183e305d,243,4,6195.91,1,2,3,123,Low Engagement
a793ead0-eecf-4ea5-9e6c-244c33240f4b,17,11,8697.94,4,4,4,444,High Value / Loyal
a799bcb8-8ec5-43dd-8848-850688cf0984,34,11,9613.61,4,4,4,444,High Value / Loyal
a79b9007-daf9-4b5f-9da7-05c53e263693,77,9,8580.68,3,3,4,334,High Value / Loyal
a7ad5620-3c6f-45e9-9f6f-f53c67df9650,243,1,5106.15,1,1,3,113,Low Engagement
a7b1be46-dc1d-41e8-9a70-675e805dff16,143,5,4637.18,2,2,3,223,Low Engagement
a7b3afb9-c0b8-47a1-8e8f-76430bb4e87c,298,12,6431.31,1,4,3,143,At Risk
a7b7148b-b7c3-4ef9-8dec-311282a7830d,99,5,2116.4,2,2,2,222,Low Engagement
a7c5893f-7085-4ec2-8e06-728bffdabc29,225,16,15936.87,1,4,4,144,At Risk
a7cf48c4-9b88-4f90-89fb-6b1cbacb1311,130,5,4122.84,2,2,2,222,Low Engagement
a7d08c4f-1328-4f42-a4fa-358496faf062,241,4,4651.2,1,2,3,123,Low Engagement
a7e31543-b317-42af-8fcf-73c9c00253cf,106,3,1562.02,2,1,1,211,Low Engagement
a7e4a8db-605e-42b2-af09-6291cdb9735c,65,8,7155.25,3,3,3,333,High Value / Loyal
a7ee6540-527d-4524-ae9a-194a9f3a28d6,6,1,1054.49,4,1,1,411,New / Promising
a7eefd35-ca38-4337-9047-9a2dc4fea105,65,11,13488.48,3,4,4,344,High Value / Loyal
a7ff0631-cebc-4107-9e69-bfdc3e47b48a,33,2,1089.04,4,1,1,411,New / Promising
a8029da3-e2ea-4adf-a159-3f0319376f13,21,4,6197.57,4,2,3,423,New / Promising
a8034713-5da5-45c5-bbcd-76334410cc7d,313,2,372.36,1,1,1,111,Low Engagement
a80c43f9-57f0-4d0a-87fb-8ffe3d48cf2e,162,4,66342.44,2,2,4,224,Low Engagement
a8217043-cbdc-43e7-b8bc-c07f66167674,27,4,5986.94,4,2,3,423,New / Promising
a831b788-4f9f-4f7b-9941-17694b73bc84,163,8,4187.55,2,3,2,232,At Risk
a8350b49-5a14-4604-bb64-14b26024f11e,7,1,763.32,4,1,1,411,New / Promising
a835a70e-a825-4d8c-92ef-5e50a5e35381,24,4,2045.02,4,2,1,421,New / Promising
a841afbc-4cd8-4e63-bccd-134663272570,56,3,1294.89,3,1,1,311,New / Promising
a8534ba3-c438-46e9-96a0-5faf81b7c0ad,39,1,272.46,4,1,1,411,New / Promising
a86087fa-14b4-4049-a263-d71bef66f20d,70,20,17752.84,3,4,4,344,High Value / Loyal
a86b9fce-5e2e-493e-9171-175ba1923d9a,199,5,4429.77,1,2,2,122,Low Engagement
a8728482-dbe0-49c2-a470-51d5fca89f58,96,8,3912.89,2,3,2,232,At Risk
a873d8d6-c8e3-42b3-8407-4572131e25c0,89,1,526.87,2,1,1,211,Low Engagement
a87f631d-0164-42bd-b7fb-c501d80171a5,12,6,5521.72,4,2,3,423,New / Promising
a8846cf3-d198-4a43-801b-ade15dd69f1f,148,15,8326.26,2,4,4,244,At Risk
a88794aa-a2db-49f9-b711-08453a0db14c,70,9,4298.62,3,3,2,332,Low Engagement
a89e6b02-df86-410f-808a-7b14ea6aa283,69,6,4752.83,3,2,3,323,New / Promising
a8a09b30-a9b1-4382-b55b-444d70236a4d,452,4,4201.66,1,2,2,122,Low Engagement
a8a83775-b3ed-482e-8541-70c787c5e47f,68,9,12895.97,3,3,4,334,High Value / Loyal
a8a93272-f9fe-4035-9285-4d5668c00ac5,255,1,115.72,1,1,1,111,Low Engagement
a8b2405c-e840-4b29-9ff0-7ea8b28770e4,13,5,2869.9,4,2,2,422,New / Promising
a8bd62d8-232d-469c-a0f9-e800d458d35d,88,4,4871.48,3,2,3,323,New / Promising
a9039d89-8730-4301-bd66-2a5be931b276,52,7,2526.11,3,3,2,332,Low Engagement
a90f8cfc-7f9d-4830-b549-7628c71b1a58,227,8,4516.03,1,3,2,132,At Risk
a942f844-d299-475c-815d-c363fe663ffc,85,14,8395.08,3,4,4,344,High Value / Loyal
a9486b7d-ef7a-43e3-b379-a1437fb15409,13,17,23606.19,4,4,4,444,High Value / Loyal
a960dd54-ee35-4731-b29e-d8de6c5793dc,171,9,11480.77,2,3,4,234,At Risk
a96716db-5b27-4f37-b828-f8f153105865,94,3,1481.36,2,1,1,211,Low Engagement
a96f0fc1-b65a-4773-85f0-40ba088c9d6e,81,10,5606.92,3,3,3,333,High Value / Loyal
a992a917-e849-4ffc-9848-fcf06233b135,85,17,19402.21,3,4,4,344,High Value / Loyal
a996b5bf-5e05-4408-9a4e-6e546ad6e860,87,10,3560.34,3,3,2,332,Low Engagement
a9a10b44-1c94-4578-b6c5-f233203ffe07,65,8,7487.08,3,3,3,333,High Value / Loyal
a9ad1b59-85aa-4207-905d-6c042d7a4ad7,36,1,395.12,4,1,1,411,New / Promising
a9c816c3-dab2-4ac5-9ff1-7ae61944e08c,619,1,173.73,1,1,1,111,Low Engagement
a9c99835-b401-4c8b-a66e-25517d4b6a52,12,7,8749.21,4,3,4,434,High Value / Loyal
a9ca1c54-7ba0-4b35-85ac-74563e1d5053,66,10,10137.25,3,3,4,334,High Value / Loyal
a9dd4d92-1ff0-4fa0-8676-fdc9235a0a75,29,9,4940.73,4,3,3,433,High Value / Loyal
a9e3a9a8-ed70-4d23-8226-e6228bc610b9,80,4,4896.9,3,2,3,323,New / Promising
a9e65379-e2b7-4ad7-9a45-c6e6d782979a,471,3,843.07,1,1,1,111,Low Engagement
a9f75b3e-ba72-4058-8165-853c1a07d519,53,11,6847.07,3,4,3,343,High Value / Loyal
aa14fc68-75d3-430c-bb79-32c71f6d3873,36,16,14877.65,4,4,4,444,High Value / Loyal
aa26e231-7b36-4750-b219-90edeff9ee02,5,5,1704.39,4,2,1,421,New / Promising
aa2c6623-e8ff-47ad-8906-c801c3a833e9,8,4,3186.94,4,2,2,422,New / Promising
aa2d3c37-751e-4362-9bf4-5ccf59f1a183,94,2,1067.69,2,1,1,211,Low Engagement
aa4c5697-1897-4269-a1b5-0feb115febc1,51,5,5746.06,3,2,3,323,New / Promising
aa53619e-56bc-46ae-80b2-b7d4aa8567ad,206,10,9177.6,1,3,4,134,At Risk
aa6720d5-bdad-4517-9cc1-32add66197a8,120,10,6791.02,2,3,3,233,At Risk
aa685f0f-66d9-4f22-bd9d-dd3c262adc0f,106,4,923.07,2,2,1,221,Low Engagement
aa7742e7-f249-41ac-a995-9ed88a1c40d8,459,5,1674.39,1,2,1,121,Low Engagement
aa88d26f-257d-447f-b8c6-17963585c51d,104,7,3770.78,2,3,2,232,At Risk
aa8bac22-61bb-4b79-a6a1-e942230dea68,201,3,840.42,1,1,1,111,Low Engagement
aab13111-d0ec-4578-a321-ccccd93c2968,202,5,8679.89,1,2,4,124,Low Engagement
aab33c23-0709-4cbd-8d23-ab2ca691efea,48,8,11146.52,4,3,4,434,High Value / Loyal
aaca519d-face-43de-92eb-68ed4d35d7f4,50,10,7978.42,3,3,3,333,High Value / Loyal
aad27025-8205-4b4e-a49e-29cf79c8fb69,205,1,175.14,1,1,1,111,Low Engagement
aad2c4c7-2ccd-471b-942f-70e8a7c517bc,233,7,7374.05,1,3,3,133,At Risk
aadac443-1368-4fbd-a3c5-7e64ed8baedf,112,8,7603.83,2,3,3,233,At Risk
ab05f8c7-f38c-43f3-9046-b262b3a53c66,198,2,2895.79,1,1,2,112,Low Engagement
ab267de4-a8a5-42f0-b82c-09c80db5c936,28,6,3095.15,4,2,2,422,New / Promising
ab339b9f-e14a-490b-8e34-81023383f19b,139,13,7676.89,2,4,3,243,At Risk
ab5934d5-15c9-49ef-ba31-aefced82ca6c,28,9,7891.79,4,3,3,433,High Value / Loyal
ab5a3a28-2465-493a-a57f-e4fb2b759ece,62,5,2697.2,3,2,2,322,New / Promising
ab74bbd2-fce2-4aac-a869-1039cd941050,112,6,4498.74,2,2,2,222,Low Engagement
ab8548f2-3120-4b58-ba5b-48fdb25e8fb1,4,1,1398.03,4,1,1,411,New / Promising
ab96d0c3-23ce-423e-bc2f-2e693455f3d5,296,5,2529.98,1,2,2,122,Low Engagement
abda27bb-772c-4ed5-ba4e-a9bb0c376fc6,443,5,3569.43,1,2,2,122,Low Engagement
abe7ed24-7fc3-4636-b9da-37874c9975c7,135,5,3618.09,2,2,2,222,Low Engagement
abf6432a-0d1f-4d9d-ad5e-6790d03b0800,233,2,721.21,1,1,1,111,Low Engagement
ac013338-40a7-4286-a3df-2fe1f565a4a4,3,2,1110.2,4,1,1,411,New / Promising
ac21b48e-f2e6-4083-b089-be580306e913,11,1,946.16,4,1,1,411,New / Promising
ac302d7b-09e4-4bf8-86c0-e4d7cd8b7ff0,128,1,225.39,2,1,1,211,Low Engagement
ac4347bc-b806-4d46-9992-66bd0106c7d9,322,3,2029.09,1,1,1,111,Low Engagement
ac476e5a-ac1f-4989-a781-a8d54ff2138a,17,2,1013.65,4,1,1,411,New / Promising
ac49923b-db5a-45d6-b414-765c951381ac,70,17,17174,3,4,4,344,High Value / Loyal
ac5cd263-bbe1-4129-94db-6f94222233c6,28,1,311.86,4,1,1,411,New / Promising
ac76d0d6-24fc-434a-aa91-73abbb239463,7,4,3459.56,4,2,2,422,New / Promising
ac885c8f-30f5-4dae-9767-88cced58ce0e,85,16,12447.88,3,4,4,344,High Value / Loyal
ac8906a8-0fba-45c5-aab4-71ee974df42e,63,1,1008.46,3,1,1,311,New / Promising
ac8960eb-1b8c-4403-b4b7-162726755c40,129,2,341.62,2,1,1,211,Low Engagement
ac911e9f-b4c1-40c1-a011-a7729df4b38f,172,2,878.51,2,1,1,211,Low Engagement
acbd3d99-c92b-4570-8048-b6737a723cd1,302,20,20135.12,1,4,4,144,At Risk
acc9ad05-3113-4e01-8363-67f3544935fc,53,8,46888.2,3,3,4,334,High Value / Loyal
ace3d1c0-d5fc-40b2-8a4c-93ccb5001366,37,3,2609.57,4,1,2,412,New / Promising
acf9eb2c-b168-49c4-be76-0eef8c6f98c7,320,9,10004.73,1,3,4,134,At Risk
acfb3b97-2cb1-428e-9928-aed1513e2fde,287,7,1791.68,1,3,1,131,At Risk
ad222bb8-b7a9-47a5-b6d0-95df8b8d2b71,101,14,8081.64,2,4,4,244,At Risk
ad253ea2-dc08-43df-9681-20e340ffe9a4,32,7,6057.37,4,3,3,433,High Value / Loyal
ad32cd8c-b1a6-425c-9c61-70dff2e77e02,21,2,869.52,4,1,1,411,New / Promising
ad35d415-e314-486d-8d3f-c0713dc204cc,45,12,11704.65,4,4,4,444,High Value / Loyal
ad464f7d-7b87-474a-9fa0-400a212f60de,29,10,8795.25,4,3,4,434,High Value / Loyal
ad4d3903-268b-4746-9133-1b7643778adb,231,5,9290.82,1,2,4,124,Low Engagement
ad5b169b-beaf-4fdd-bee6-ea0c9e1b82b6,236,7,3700.06,1,3,2,132,At Risk
ad6134db-781f-437b-be5c-8b136ea593d5,23,15,19830.03,4,4,4,444,High Value / Loyal
ad83897d-2f4c-4b50-ab5f-a0d003ea847a,9,3,3030.52,4,1,2,412,New / Promising
ad871a51-9089-4a98-af0d-fb225878c74a,439,6,2228.72,1,2,2,122,Low Engagement
ad9027f4-70dc-4439-98b2-ebac74579f85,89,8,6376.85,2,3,3,233,At Risk
adbb42de-d961-4c61-9000-725b0ca87144,80,7,3992.43,3,3,2,332,Low Engagement
ae1418e4-5696-44a3-8594-a77fb3b32819,54,5,1403.65,3,2,1,321,New / Promising
ae33c5d9-4250-43b9-9838-52bd850e382c,3,9,4822.08,4,3,3,433,High Value / Loyal
ae343f95-681a-4507-a5d6-89c88bf280b4,89,9,7660.01,2,3,3,233,At Risk
ae6538ba-baf5-43e8-8ba3-7285a115eaea,205,3,1981.28,1,1,1,111,Low Engagement
ae687880-a59a-41b6-898f-b72e87e78b48,99,5,3558.08,2,2,2,222,Low Engagement
ae6b66c6-d992-4faa-8a6f-1dab2b255bd2,139,7,5688.53,2,3,3,233,At Risk
ae70670d-35bc-4ecd-8127-2092280b575c,127,15,13073.9,2,4,4,244,At Risk
ae769bcc-146a-454c-9ef7-e9e22e8a3b65,78,10,6567.03,3,3,3,333,High Value / Loyal
ae916ce8-11b7-4724-a318-da5512dcd004,27,7,14342.52,4,3,4,434,High Value / Loyal
ae954728-1287-4171-9903-e51a98647fd5,14,1,232.04,4,1,1,411,New / Promising
ae9f964f-840e-4a07-80ee-63540aa89c1f,81,1,362.66,3,1,1,311,New / Promising
aeb48d92-ef90-4fde-bff1-219f0e709505,364,3,1700.91,1,1,1,111,Low Engagement
aeb6dece-d919-4b30-8206-c7a669382e96,107,6,4354.87,2,2,2,222,Low Engagement
aeba2e34-3bc5-496c-8520-a8bad74b62d2,456,19,11731.24,1,4,4,144,At Risk
aec31435-1ed3-4858-b130-df8f9c8c9d56,82,2,4421.77,3,1,2,312,New / Promising
aec6c5b9-900a-421d-beb2-4ebee3fea0d9,170,11,7043.23,2,4,3,243,At Risk
aeda3461-4756-4621-bb59-1c8a912fc9cd,354,2,891.71,1,1,1,111,Low Engagement
aee5ce13-207f-4dd4-ad4f-d8939661781a,200,1,814.51,1,1,1,111,Low Engagement
aeed2387-e82e-45f4-b1eb-11244caedd8a,329,6,2848.6,1,2,2,122,Low Engagement
aef2e06c-d241-4251-8b76-4ae2d50d0fd5,83,13,9890.62,3,4,4,344,High Value / Loyal
af04822e-40d0-4a44-8b64-0398268aa5d8,115,1,26.58,2,1,1,211,Low Engagement
af0ed745-4c8a-4ea0-8c7e-9eb8a73d643c,72,5,2973.25,3,2,2,322,New / Promising
af1c33af-5de5-4abd-8a0f-a38e9318e7bc,28,1,69.55,4,1,1,411,New / Promising
af21eaa3-f2b3-4e99-8b75-68e3c348dff5,67,9,3951.58,3,3,2,332,Low Engagement
af263c00-44a8-48a8-85b8-2ab211968578,1064,1,1120,1,1,1,111,Low Engagement
af2b5b27-a906-4812-a88d-840e73cbda89,25,3,2228.44,4,1,2,412,New / Promising
af4aa575-38bd-4362-8c22-1c66b5f820a3,89,4,5895.99,2,2,3,223,Low Engagement
af4f52ee-1ba5-46e5-9acf-a3308725b0eb,166,5,4827.75,2,2,3,223,Low Engagement
af50e754-f1b4-428d-9343-85a888f937d5,37,8,4289.51,4,3,2,432,Low Engagement
af533f6a-bb11-4697-94bf-fc49aaa92354,66,8,3971.59,3,3,2,332,Low Engagement
af5af9fd-3a3f-46c5-bb5b-1ff7a9f0a1a4,153,10,19518.56,2,3,4,234,At Risk
af616294-3599-4ff4-acc2-f6b9def6cb68,289,7,2673.83,1,3,2,132,At Risk
af96cf8d-a5fa-4bc2-9479-6db06bc14bcc,76,6,5590.71,3,2,3,323,New / Promising
af9c61ea-6abc-41fe-85c6-06f903ea87ac,335,11,6080.25,1,4,3,143,At Risk
afbf26ab-ff37-4b4c-9fed-a41d3f9392ff,13,3,1735.62,4,1,1,411,New / Promising
afe3539f-b784-43e8-aa4b-1bd675276c1d,37,4,1411.35,4,2,1,421,New / Promising
afe63331-87b5-45fb-8a8a-4b9d4c43e68a,271,3,1462.23,1,1,1,111,Low Engagement
afed6dfa-be63-4f61-a765-95d4423642f3,96,1,688.8,2,1,1,211,Low Engagement
b01bab2c-793d-4fc8-9625-36813a8ccbea,98,9,10788.5,2,3,4,234,At Risk
b02fd68f-162c-44d6-b2ff-d16fba681597,37,2,728.47,4,1,1,411,New / Promising
b034fa97-0b4a-4078-8660-ab9a4649311f,156,2,1446.19,2,1,1,211,Low Engagement
b041721a-cc1f-4a49-a115-d14f693e5000,17,10,11007.53,4,3,4,434,High Value / Loyal
b0439f34-2ea0-4d31-a4b7-727c551537d1,224,6,2861.58,1,2,2,122,Low Engagement
b04d2489-6116-4da4-9fe7-6a2607aef8a3,3,14,8366.91,4,4,4,444,High Value / Loyal
b06d1200-9b38-421b-9c77-1114d5e712ca,64,4,1522.78,3,2,1,321,New / Promising
b06df6c9-0801-4c5a-9356-b76ad911f8e7,340,6,2316.19,1,2,2,122,Low Engagement
b094103e-28d5-4134-a0d4-c450f4e23e44,228,5,5131.96,1,2,3,123,Low Engagement
b0b01902-4b09-4c45-b1d0-a89507baaaf0,192,8,10950.06,1,3,4,134,At Risk
b0b5d069-0e02-4976-b929-4505e884a5a4,22,3,959.36,4,1,1,411,New / Promising
b0c34add-ea36-48e3-ac34-68dcfa0ee626,209,4,4482.67,1,2,2,122,Low Engagement
b0c45381-4f42-4022-941b-4545a15dffc0,455,2,632.71,1,1,1,111,Low Engagement
b0ce4101-ab43-4e3c-ae89-7c96ef6f40e3,22,3,30887.9,4,1,4,414,New / Promising
b0dd0e6d-45cd-4666-b80a-f0f8b4878be2,138,7,4238.55,2,3,2,232,At Risk
b0df6205-f433-4624-ac69-e3e54738d699,57,11,7632.67,3,4,3,343,High Value / Loyal
b0e71141-a476-469f-83af-80d2f03967a0,86,4,2717.35,3,2,2,322,New / Promising
b0ea6b1f-5214-409b-bee4-c9642521a10d,83,15,9268.41,3,4,4,344,High Value / Loyal
b0f6364d-d980-4ddf-a142-8cd14123d788,225,14,13350.65,1,4,4,144,At Risk
b0fec519-4d8b-4127-b600-47d5d482387e,184,3,941.09,1,1,1,111,Low Engagement
b13353e8-ae92-4226-896b-3dfe3357e85c,142,5,6501.33,2,2,3,223,Low Engagement
b147be2e-98a9-4b73-bb2f-f95287dc5b2a,116,3,2192.66,2,1,2,212,Low Engagement
b14ef2f2-9a4b-4326-9e8d-61fcb5ef8fc4,57,11,12890.46,3,4,4,344,High Value / Loyal
b15ca266-4927-42ec-81ae-a4134b7b7d62,78,11,8791.54,3,4,4,344,High Value / Loyal
b1611bde-e917-4b27-a91e-049420d8640e,152,9,7651.36,2,3,3,233,At Risk
b16248e7-908b-4046-b833-900d8d6a46a7,60,3,2015.52,3,1,1,311,New / Promising
b1666394-023a-40ef-a79c-ea4f15c29db4,7,11,9648.52,4,4,4,444,High Value / Loyal
b16b3366-eb9a-4fa1-a8cc-4c58d6bc4ad1,372,4,2066.06,1,2,2,122,Low Engagement
b183b9e6-cccf-42b3-85b9-91aac3f5de3f,0,7,3256.15,4,3,2,432,Low Engagement
b186704e-b69d-47bb-ac89-15073638692a,158,15,11811.08,2,4,4,244,At Risk
b1a0b7e7-ce1a-4e5a-b989-fd3abed59d0d,131,5,2172.94,2,2,2,222,Low Engagement
b1baa15e-9859-41fe-9832-5d2af7c20b81,33,1,169.68,4,1,1,411,New / Promising
b1cbc9f2-9e73-4acf-944e-24585ffcd3a1,112,6,12459.82,2,2,4,224,Low Engagement
b1cfc6e2-9171-4638-8cdd-2ea9143f4b20,96,18,14571.47,2,4,4,244,At Risk
b1d7a8a7-73fc-464a-b2b0-cd2b2753d104,84,5,3383.45,3,2,2,322,New / Promising
b1d8f263-04d6-425b-ba96-eef6e538cfe0,294,10,10731.98,1,3,4,134,At Risk
b1dff447-3125-4b00-9c24-36c75a728dde,95,6,5335.19,2,2,3,223,Low Engagement
b1e02aab-e5f1-471e-a96d-00c906a8f63f,216,4,3862.12,1,2,2,122,Low Engagement
b1e9cd04-689e-4253-a402-eb28ffef4af8,63,3,4313.68,3,1,2,312,New / Promising
b1f45ec7-a846-4a31-a3e2-a0fcfff285ed,177,14,7252.97,2,4,3,243,At Risk
b1fda144-71c0-4ef9-9575-20460fdccea8,66,1,450.43,3,1,1,311,New / Promising
b2063528-9a17-4ff7-a976-8b034b4c1841,52,4,1977.17,3,2,1,321,New / Promising
b21355a2-8189-465e-9fcc-ef91e4f6f889,49,7,3968.71,4,3,2,432,Low Engagement
b226f20f-a410-4803-8306-eb42d1c935d6,320,2,3087.66,1,1,2,112,Low Engagement
b22e81c4-31d4-433d-a72d-548548e4eeb0,227,5,1990.52,1,2,1,121,Low Engagement
b23b4d11-031f-4c66-a4df-c1a8f375ab9c,253,5,6379.49,1,2,3,123,Low Engagement
b242772c-bcd6-4c3c-bc72-58c3acda23e4,30,13,12477.1,4,4,4,444,High Value / Loyal
b265e103-ff04-4d1d-a272-c45bcce4bbcd,469,5,4066.22,1,2,2,122,Low Engagement
b27bcf02-ca8a-4f65-9fbb-40df99604231,50,10,6644.89,3,3,3,333,High Value / Loyal
b2909ef3-ec31-4785-b0b6-a6c7727fdb2a,89,6,6864.76,2,2,3,223,Low Engagement
b299b2f4-1599-4048-8696-bb68f425390d,52,20,12998.54,3,4,4,344,High Value / Loyal
b2c91f8f-4394-4c42-8383-899927f2d8e6,13,11,8262.15,4,4,4,444,High Value / Loyal
b2e6bc35-65e1-455a-95c7-de9f95a881a0,14,2,3824.75,4,1,2,412,New / Promising
b2ea46f8-6824-419a-9dba-adfa1ae37d7b,111,3,1447.01,2,1,1,211,Low Engagement
b2ef0aa9-34d6-468c-8c88-7133a83eb9db,208,4,6984.86,1,2,3,123,Low Engagement
b2f21ea7-d805-4a8a-82e8-b5ddd188fd47,408,7,6962.72,1,3,3,133,At Risk
b2f8e5fc-f825-47db-b832-324eea941884,283,11,9790.19,1,4,4,144,At Risk
b2fb70a0-a462-4792-91c8-4b035371d92a,273,8,7263.16,1,3,3,133,At Risk
b2fbf3ae-6d9b-46a4-934c-afa855f965d0,246,8,8387.63,1,3,4,134,At Risk
b30215f4-2a12-42b2-9a3a-90a39beef24c,108,3,4489.36,2,1,2,212,Low Engagement
b315e11a-b6ad-46ac-bf55-b9ea84f5499a,531,4,1714.78,1,2,1,121,Low Engagement
b320a1d9-0a2a-4568-8a94-977b3acea484,147,5,982.84,2,2,1,221,Low Engagement
b328b667-3e82-4e1c-a8a0-3de93e0453f6,255,5,3880.28,1,2,2,122,Low Engagement
b32b7e9f-7e7b-4172-9eb4-ede5f63977b5,98,3,1866.33,2,1,1,211,Low Engagement
b34a26a4-c236-44ee-aaa3-1025d5082d23,200,11,9941.11,1,4,4,144,At Risk
b373f0b4-6002-49f9-83c2-f2f1f60f1b4d,32,9,5813.29,4,3,3,433,High Value / Loyal
b3910604-f47b-4672-974f-07db1007f56b,65,6,1663.15,3,2,1,321,New / Promising
b3acf14c-e601-4e6f-bdcc-fb49078e3783,23,2,642.56,4,1,1,411,New / Promising
b3ba5985-4584-4b9d-a919-70aae22b1b6c,58,7,4584.97,3,3,3,333,High Value / Loyal
b3cebbcc-3232-4425-9af8-af2685b6bece,37,17,11303.34,4,4,4,444,High Value / Loyal
b3dae4d6-469e-4012-860f-f0748741fb8f,101,12,12447.41,2,4,4,244,At Risk
b412ba55-864c-4059-85a7-fae345214f5e,49,6,5624.71,4,2,3,423,New / Promising
b414788a-7d6d-45b7-8cf0-fd833f0470ec,199,1,307.72,1,1,1,111,Low Engagement
b41a63b7-a874-4be9-af1c-39899938e5f8,42,6,3406.99,4,2,2,422,New / Promising
b426a872-a4da-4a74-be0b-d90afa6cad89,497,5,4623.04,1,2,3,123,Low Engagement
b429e011-7e51-4157-96f8-3394de536814,133,5,2882.14,2,2,2,222,Low Engagement
b42adbcc-9429-4282-902e-0e0da51752a2,65,8,8702.04,3,3,4,334,High Value / Loyal
b434d835-223a-4c00-9f48-4faf24f1ca76,548,4,2914.52,1,2,2,122,Low Engagement
b4359844-2728-4283-a5d2-b3519117e20f,143,6,2715.77,2,2,2,222,Low Engagement
b4475d1c-e6b8-4bc5-a660-59fda6a93d8c,187,7,3252.66,1,3,2,132,At Risk
b4602fb7-58af-46a4-b0da-926a3f0fdf20,4,2,1167.56,4,1,1,411,New / Promising
b47bb92d-cd35-46e4-9d0f-d2e68865981d,140,3,4447.35,2,1,2,212,Low Engagement
b486bc40-e6f9-4335-a5f9-d89a35f3656f,17,13,7970.83,4,4,3,443,High Value / Loyal
b48a215a-c028-4e93-899b-bf12f6e303cc,29,18,19714.08,4,4,4,444,High Value / Loyal
b48fca4f-48b2-4b4d-ac90-587035387f54,71,3,1934.46,3,1,1,311,New / Promising
b49dd1f0-8aa0-4fd6-9159-7c8277bacc9f,460,7,7298.33,1,3,3,133,At Risk
b4b21d56-1beb-4878-863f-0fac46a6b9c0,88,2,1325.38,3,1,1,311,New / Promising
b4b5340d-bfcf-4dd8-bcef-a43bf1a6a0ad,75,1,108.52,3,1,1,311,New / Promising
b4b58ef4-008b-4bb0-86be-ffd977e41a1d,36,3,3081.73,4,1,2,412,New / Promising
b4b70f50-08c3-431b-80fd-b457c4ff65f1,734,1,272.5,1,1,1,111,Low Engagement
b4b94824-a7de-45fc-bebb-09c8e9b63b77,54,11,12229.85,3,4,4,344,High Value / Loyal
b4c13a63-1a56-4057-bc0b-946690a14a1a,72,7,7487.97,3,3,3,333,High Value / Loyal
b4c430c4-da95-4f9b-8f66-3338c39bc5d8,835,2,583.64,1,1,1,111,Low Engagement
b4e97509-5c9c-4561-bdd4-388a7cff4bf3,357,2,2790.88,1,1,2,112,Low Engagement
b4eec29a-ceb9-4f3b-99a7-e75fcdbbabfc,69,8,8331.17,3,3,4,334,High Value / Loyal
b4f02d9b-d76a-4f13-a947-e96b2bd7400e,191,13,9265.6,1,4,4,144,At Risk
b4f8191d-a598-44dd-90e9-b6f169992dd5,210,11,14161.34,1,4,4,144,At Risk
b5068ed0-0f4b-43d7-a25f-9ce1bcfb8f5b,221,5,3531.13,1,2,2,122,Low Engagement
b510e6f2-036d-4883-bd46-9d9f3a9d00e8,153,8,3511.51,2,3,2,232,At Risk
b53297aa-0cdc-4d15-a518-1c20bb5b5ea3,38,10,8329.59,4,3,4,434,High Value / Loyal
b536d4e6-5c1d-4b7c-ac9a-babd1901996b,3,11,3300.46,4,4,2,442,Low Engagement
b55f4438-8458-4800-ae16-62cb791d91df,206,7,9000.6,1,3,4,134,At Risk
b56c084f-15e2-48ad-b1bf-3511980020e7,250,6,9672.78,1,2,4,124,Low Engagement
b56d3588-4dc8-4e44-8568-354d90736603,60,3,3167.48,3,1,2,312,New / Promising
b5798224-c847-4570-95a5-2cda208a6155,104,5,3084.82,2,2,2,222,Low Engagement
b594b3d1-630e-45ad-9231-bf00c67eefc6,162,7,4949.77,2,3,3,233,At Risk
b597e3e6-acc7-42d0-bc27-697fdcd2d2e9,32,13,9598.38,4,4,4,444,High Value / Loyal
b59948b3-2ea7-4386-b1c8-12f2110c7c6d,90,4,1249.57,2,2,1,221,Low Engagement
b5c6d630-b84b-4a2d-b044-6b815c7adb41,133,3,2445.18,2,1,2,212,Low Engagement
b5cd292d-d7c8-4c0f-a0fa-b00061afe0a5,218,3,2063.49,1,1,2,112,Low Engagement
b5d30bfb-e110-4e58-a79c-154866db5853,32,12,16172.23,4,4,4,444,High Value / Loyal
b5f77492-a9b6-42f6-86d6-641f8907761d,34,8,7241.34,4,3,3,433,High Value / Loyal
b5f8330f-1fa1-4269-b063-97237a716f61,256,4,1476.3,1,2,1,121,Low Engagement
b6003267-4e54-40f6-9c4e-da837d157dd5,8,3,1129.92,4,1,1,411,New / Promising
b611c714-15aa-4e70-8e5f-64995d44f482,89,1,141.77,2,1,1,211,Low Engagement
b63abd3a-7745-4d7d-9291-890be122dea8,15,12,7409.1,4,4,3,443,High Value / Loyal
b63d5a6b-49bc-4116-988b-7462b89650d9,47,1,35.93,4,1,1,411,New / Promising
b66c209b-9fed-43b3-9cf9-c03052e930be,228,10,8025.05,1,3,4,134,At Risk
b684cf17-f3db-4714-8934-cc99bc7cf8e3,354,10,11619.12,1,3,4,134,At Risk
b6a93093-1120-464d-85ef-4761e4c93683,11,3,2810.41,4,1,2,412,New / Promising
b6c9c9d6-2f95-44f5-a803-4e43217b2de7,58,11,12995.3,3,4,4,344,High Value / Loyal
b6d2e477-f945-40b1-9ccd-d06cee4b5b74,89,4,1974.23,2,2,1,221,Low Engagement
b6d3080f-a323-42a5-b46e-cd9aa441d1e3,6,5,2931.56,4,2,2,422,New / Promising
b6d52ab5-ff25-4c09-9efb-e8edba46a027,74,7,2883.86,3,3,2,332,Low Engagement
b6d80eab-c232-4a7f-8f4b-c6541086c12c,238,1,196.03,1,1,1,111,Low Engagement
b6e333d7-a045-4c32-9367-4289e4f12c4e,0,12,12232.71,4,4,4,444,High Value / Loyal
b6ea8b45-e6ef-4b7b-adca-a0e9b467be09,36,7,12993.43,4,3,4,434,High Value / Loyal
b6f1ac40-fd69-41ab-a804-8904dc0bc13b,11,13,6130.08,4,4,3,443,High Value / Loyal
b6f1df1b-7060-4145-881f-cb1b7470c673,86,7,4934.14,3,3,3,333,High Value / Loyal
b6fd5b30-aace-4911-a4bc-4fc6f40e3554,379,7,4200.93,1,3,2,132,At Risk
b710feb2-0df6-4c04-b3ff-1f89fe14a1c1,202,4,3967,1,2,2,122,Low Engagement
b732c4c7-dfda-4de2-8344-7006f9c9d7e6,191,5,4092.86,1,2,2,122,Low Engagement
b74d797a-46d6-4616-be26-aa725f3c5834,83,1,1531.08,3,1,1,311,New / Promising
b7519ebb-8d13-4ccc-8a0a-02e2fdf89246,84,6,5177.75,3,2,3,323,New / Promising
b76060c8-5ecd-4cf1-bd2d-cc4134784c01,209,4,6713.31,1,2,3,123,Low Engagement
b76aacdd-634f-4d31-896d-f4796d011381,36,4,1792.38,4,2,1,421,New / Promising
b76fe6f3-3bdf-4beb-89e1-83536108923d,90,11,9090.65,2,4,4,244,At Risk
b77212a9-915d-489e-8a2c-632d38185f57,5,12,12002.97,4,4,4,444,High Value / Loyal
b7809177-7c8a-4738-aec3-1c700cf34d8c,84,6,5244.9,3,2,3,323,New / Promising
b782f3e9-c3ba-4cd8-8681-d58c4e9d40be,95,5,9424.51,2,2,4,224,Low Engagement
b7835fb0-d5f3-482a-a975-9f60a1836fbb,68,4,3097.54,3,2,2,322,New / Promising
b789d3ad-28e9-41ab-aafd-00111af51920,91,2,1725.69,2,1,1,211,Low Engagement
b78c5dc9-0230-4550-9327-8c4303003c28,0,5,7877.93,4,2,3,423,New / Promising
b78c6c40-5023-4cca-99bd-a8d38169c60b,85,5,2117.96,3,2,2,322,New / Promising
b7a2e4dc-b92d-4a91-a550-9df0dab97115,87,13,5742.78,3,4,3,343,High Value / Loyal
b7ddce22-5c5a-4854-9a33-4c39c056b7f9,25,9,3680.96,4,3,2,432,Low Engagement
b7df73ef-fde0-40ae-863d-bd144433094b,6,15,9752.44,4,4,4,444,High Value / Loyal
b7e1654f-755d-4bc9-9832-c1f46212bbaa,57,3,755.59,3,1,1,311,New / Promising
b7eb6301-cf59-4885-8417-397c7e2a8af8,876,3,1028.91,1,1,1,111,Low Engagement
b7f26296-4ce4-47de-a05a-7058a23a5d46,184,5,10279.78,1,2,4,124,Low Engagement
b8020855-1c1f-404b-9949-ffcd70f8bf8b,97,6,6119.01,2,2,3,223,Low Engagement
b804c4a4-f670-4e59-8d6d-4eb5e416b3d4,206,3,1173.62,1,1,1,111,Low Engagement
b805d03e-abce-416e-b475-d1c5f0c19462,63,6,1759.12,3,2,1,321,New / Promising
b8099879-095e-4cd8-8ee7-eb90a1ad06b9,57,14,19466.8,3,4,4,344,High Value / Loyal
b82b5f7f-7e04-49ca-a613-9c1d1b392cb1,70,6,2555.83,3,2,2,322,New / Promising
b862723c-d6dd-4a5c-a135-ddacc3f50970,92,12,8014.58,2,4,4,244,At Risk
b876c2a8-6999-4262-b298-57f95070c3f8,192,11,7973.43,1,4,3,143,At Risk
b88cffa4-490e-4493-a475-eb0938b1f6df,60,22,43226.34,3,4,4,344,High Value / Loyal
b89ba8b7-66c5-4c78-81fe-f52d03cb3c70,123,12,12491.32,2,4,4,244,At Risk
b8af8740-f09c-4db6-aa24-690a6479faea,171,6,4794,2,2,3,223,Low Engagement
b8ee9542-19fa-4404-b511-366567c3fda2,73,6,3290.95,3,2,2,322,New / Promising
b8fd4b01-a7d4-45af-befb-c9f5dca6a958,400,4,1586.49,1,2,1,121,Low Engagement
b90a985a-60e4-48c1-bd4a-9738637935e0,623,5,2447.74,1,2,2,122,Low Engagement
b9179445-4111-48a4-a4cb-c8c2f6e33c2a,27,3,3198.58,4,1,2,412,New / Promising
b91bb478-6af4-4a9c-9cfe-0f507aa8e549,17,1,43.44,4,1,1,411,New / Promising
b9341e74-d4d5-44df-a959-8211b47cb8fc,89,11,15871.65,2,4,4,244,At Risk
b9365eae-8e04-48b0-9701-83d9c508f2a2,119,4,3792.57,2,2,2,222,Low Engagement
b93c5888-cbba-47f1-94da-d14b33072712,27,8,11987.5,4,3,4,434,High Value / Loyal
b94be0db-0a80-4238-b6ee-6e7ac0dfaf4c,455,6,3824.92,1,2,2,122,Low Engagement
b952fdfc-9104-404a-8d4f-b115c0cb2328,67,18,15970.57,3,4,4,344,High Value / Loyal
b9536cda-0146-4de8-8a04-09c8cb89f657,98,5,6081.08,2,2,3,223,Low Engagement
b95e1192-b63f-491a-bf1c-5b353c77ef51,0,11,13592.09,4,4,4,444,High Value / Loyal
b962dccc-4f95-452a-868c-34f8b137d31c,127,10,5624.05,2,3,3,233,At Risk
b96ca91b-a862-453c-9e2a-79da74d74e46,23,2,486.84,4,1,1,411,New / Promising
b984bc5c-8c26-4e61-9f14-7a70b2ae01a1,11,3,1383.67,4,1,1,411,New / Promising
b98f73d5-5b0d-4c9f-8c49-e73c870d23f3,74,18,23377.31,3,4,4,344,High Value / Loyal
b98f8920-d8d5-4a96-b424-fd1a2591fced,315,3,5629.17,1,1,3,113,Low Engagement
b9954ca4-7591-4a3b-a7b9-15671d2ab6d1,34,5,4286.33,4,2,2,422,New / Promising
b99c8634-1949-41ab-b9e0-591bedf5df03,237,2,1600.86,1,1,1,111,Low Engagement
b9a898f1-cdb0-46d0-b0bc-1988d0b8d623,85,9,14956.65,3,3,4,334,High Value / Loyal
b9b8f4c5-4551-4edc-b931-0fb37aaf7c6b,71,9,5702.04,3,3,3,333,High Value / Loyal
b9c7e329-91a9-4e8a-a87f-23f1ccb8db51,104,13,6368.15,2,4,3,243,At Risk
b9de6f66-abb0-4878-bc4c-c731bb50906b,227,4,2987.48,1,2,2,122,Low Engagement
ba04fba7-0c42-47f2-b487-8f30b5549ef9,102,16,10900.57,2,4,4,244,At Risk
ba0703a2-fdd6-491c-b50d-f91e4dd66a70,449,2,1224.31,1,1,1,111,Low Engagement
ba11c9c2-da61-4620-a5d2-5075b4ad2bc8,260,14,11572.14,1,4,4,144,At Risk
ba37773f-08c7-43b5-8c24-96e1dd0edbb2,79,7,5115.64,3,3,3,333,High Value / Loyal
ba555335-824d-4727-8629-4f007a5a0cc8,69,20,11584.78,3,4,4,344,High Value / Loyal
ba568de8-c096-44fb-868e-c60a2743268a,180,14,9555.02,2,4,4,244,At Risk
ba5eb0d6-d96e-4751-b495-a237bf1f7b9b,172,3,2416.25,2,1,2,212,Low Engagement
ba768b20-0b23-4780-a17f-546fd0a76d81,84,2,2568.52,3,1,2,312,New / Promising
ba7b3a41-5272-4c3c-9de1-89649f18fff6,89,2,2167.6,2,1,2,212,Low Engagement
ba92cdc0-5484-4931-b4bb-933b68716171,172,7,6104.21,2,3,3,233,At Risk
baa3d5e3-1cc2-4f2d-b21e-9a13df40ca9e,5,9,6514.55,4,3,3,433,High Value / Loyal
baa76339-8027-4c16-9b8e-5e4196c0f883,116,3,4114.84,2,1,2,212,Low Engagement
baa996e5-c195-482b-99b8-f0be8c9ae842,151,11,9408.88,2,4,4,244,At Risk
bab847d4-dbf7-4f45-be18-c2825da4b6f2,17,3,2328.35,4,1,2,412,New / Promising
bac0b2f5-1a3c-4058-bad4-b989aaacbb59,19,15,9912.02,4,4,4,444,High Value / Loyal
bac176a7-b2b8-49bf-a0b3-23e2b447a149,36,2,2305.66,4,1,2,412,New / Promising
badd71be-71ba-4a8d-b490-2e95b866844b,119,2,1592.19,2,1,1,211,Low Engagement
bae27a9a-9164-4f0b-95e4-dda41bb22b39,184,13,11106.01,1,4,4,144,At Risk
baf125ea-68b9-4fba-96d4-6f1f9a976631,82,5,2596.76,3,2,2,322,New / Promising
baf31541-2c2f-450d-9c4e-dbccd6be3a14,406,6,2399.57,1,2,2,122,Low Engagement
bb0e5e30-7df4-4155-aeac-ca33b82971ef,238,1,181.39,1,1,1,111,Low Engagement
bb1744f4-431f-4ba0-b42a-5321a8c36ffb,51,12,14569.86,3,4,4,344,High Value / Loyal
bb33de2f-21f0-4d26-8352-74b946eb2366,180,1,798.44,2,1,1,211,Low Engagement
bb3c9f20-0596-4401-a663-530427a391cc,213,14,17716.73,1,4,4,144,At Risk
bb462e5b-5b39-4868-a2b6-371e33ddce07,202,6,6517.75,1,2,3,123,Low Engagement
bb5102e3-1adf-4ed8-9340-f1ba9ce4cd64,213,8,7344.16,1,3,3,133,At Risk
bb6781fb-6197-4287-841a-fe3d5e1007bc,74,7,8160.11,3,3,4,334,High Value / Loyal
bb6baae9-b8bc-401d-bac7-aa33d6601c3a,242,3,5990.48,1,1,3,113,Low Engagement
bb7d1292-5805-4a2e-b561-341f4bc1fe0f,69,8,6672.97,3,3,3,333,High Value / Loyal
bb80976b-59b7-4f25-a65f-78db89204afe,70,3,595.49,3,1,1,311,New / Promising
bb88b404-3ce2-411f-b2b1-d1190a014769,220,5,6441.96,1,2,3,123,Low Engagement
bba5a2f2-40d6-4685-922d-18dd2455979a,108,2,3312.93,2,1,2,212,Low Engagement
bba80c4e-647f-4bfa-a080-15b9e8003316,196,9,4645.12,1,3,3,133,At Risk
bbb9bc6c-372c-49ca-9729-a1204d5fab90,301,6,6939.63,1,2,3,123,Low Engagement
bbcd2e68-f78f-414e-969e-75a16f4ee609,57,5,3690.31,3,2,2,322,New / Promising
bbdeb6d8-0c99-483a-98b8-872f45ec9af7,95,11,16122.55,2,4,4,244,At Risk
bbe2e78b-ef3c-4380-872d-c4bb870369dd,1,1,133.16,4,1,1,411,New / Promising
bbeb332e-24d3-45ac-bd9d-269ce1caa58f,184,12,7439.07,1,4,3,143,At Risk
bc1a604a-0771-4448-a4e2-7d6ffd546e26,640,7,6146.11,1,3,3,133,At Risk
bc2649f9-443b-4066-b69b-07527b7117aa,78,1,379.32,3,1,1,311,New / Promising
bc279d3b-7fd9-4f2c-8c4c-a0d56e36d679,566,2,1208.64,1,1,1,111,Low Engagement
bc2e69e2-580b-42c4-b367-3804ee89f4f4,87,3,2102.56,3,1,2,312,New / Promising
bc42d099-445d-4402-b35c-bc967457a3e4,12,4,3285.1,4,2,2,422,New / Promising
bc50ace7-5e89-4141-87fc-7b50a8255f8c,65,7,7968.27,3,3,3,333,High Value / Loyal
bc6939e1-92c1-4304-adf9-c96d07e3de73,163,1,66.39,2,1,1,211,Low Engagement
bc7e0bb6-d67b-4cf4-a12b-efea29cd266e,105,3,2141.76,2,1,2,212,Low Engagement
bc8cc078-f5f0-472b-ad30-64efd35fc300,49,9,2660.52,4,3,2,432,Low Engagement
bc8ea803-6f67-486f-a54f-6e001d7152d0,335,6,5428.4,1,2,3,123,Low Engagement
bca41440-bd1e-43fc-bae4-3ae6e3c95d97,244,3,1876.29,1,1,1,111,Low Engagement
bccf20c0-452a-4f65-bf30-bd5f29128d3f,127,5,6819.57,2,2,3,223,Low Engagement
bcd9da64-6140-4cf0-a431-a534742e7f27,44,5,5235.8,4,2,3,423,New / Promising
bce79c0e-8a3a-40be-a651-25a8748f5b92,70,11,9080.09,3,4,4,344,High Value / Loyal
bd084206-33d9-43a6-9c84-b529108dcff3,38,7,7013.16,4,3,3,433,High Value / Loyal
bd365759-cc90-4454-a0ea-8aed2ff24347,320,12,8681.82,1,4,4,144,At Risk
bd473345-23c1-49c9-bb01-5b7e69132c04,172,5,4116.24,2,2,2,222,Low Engagement
bd65d651-26d2-445d-b0c7-6e12ab2cd24d,33,2,3379.35,4,1,2,412,New / Promising
bd975e68-2907-4e5b-ad6c-713aaabe80f5,184,2,4565.54,1,1,3,113,Low Engagement
bdaf7472-9454-4c50-acb4-1f1dec274322,441,3,532.16,1,1,1,111,Low Engagement
bdb3188e-33c8-4074-8643-aaaf2a5239de,60,3,2369.39,3,1,2,312,New / Promising
bdb529e6-281d-4ab8-8ad1-80c396787d49,69,2,218.18,3,1,1,311,New / Promising
bdb65f6d-2109-432c-8861-db3d7cfb5bc6,20,16,21372.45,4,4,4,444,High Value / Loyal
bdc8d08a-536b-4ad2-b8e4-10f3c11e8319,75,4,2707.78,3,2,2,322,New / Promising
bdcb3a08-6489-401e-8899-62a5f7fb4d5f,129,7,3042.75,2,3,2,232,At Risk
bde0af88-2cdf-40d2-84dd-c402af94928d,420,2,429.12,1,1,1,111,Low Engagement
bdfa3648-c431-458e-af1b-1431245af8d1,88,8,3800.31,3,3,2,332,Low Engagement
be097cea-5d1f-4531-8ed6-6e67d6745caf,92,5,3572.66,2,2,2,222,Low Engagement
be5314b0-ad71-46f9-9358-6003e849dd3e,67,4,3716.47,3,2,2,322,New / Promising
be53a3cc-9496-4e62-b751-1635f4309025,173,3,3438.13,2,1,2,212,Low Engagement
be5c2fe0-432b-4e6a-9d67-aa6a07ffc1a9,396,14,12507.34,1,4,4,144,At Risk
be5c5c5b-ffbb-4270-bec8-3e40867fa18d,192,1,642.18,1,1,1,111,Low Engagement
be651154-af6f-48b0-85e0-665cf75ae5c8,237,6,1969.76,1,2,1,121,Low Engagement
be6b22b7-1f1b-4dcf-a89b-9b075f27260a,58,12,13384.32,3,4,4,344,High Value / Loyal
be8f0912-55f5-4547-a126-cb2eecdc2361,109,11,13313.81,2,4,4,244,At Risk
bea3364c-80b9-4355-bba6-beff5913766c,31,10,8933.73,4,3,4,434,High Value / Loyal
beadf4ab-dea2-4cb1-a6a1-f86b3abb3578,69,2,772.36,3,1,1,311,New / Promising
beb81ba5-e172-4343-96a9-e74316dfb347,33,6,1402.02,4,2,1,421,New / Promising
beb96977-fedd-43a3-9809-69db5cbf2d58,48,12,19233.48,4,4,4,444,High Value / Loyal
bebc4a94-e170-4c8f-baf9-3e3ee4b6364d,69,12,7580.73,3,4,3,343,High Value / Loyal
bebc51cb-b4e6-4d54-b507-3550205ce64d,100,9,13758.64,2,3,4,234,At Risk
becdabb6-8daa-408e-a2f5-5dd5e6c9f542,69,4,2965.02,3,2,2,322,New / Promising
bed6f5a2-71c9-4ae6-8811-509bab059b2e,230,10,7127.67,1,3,3,133,At Risk
bf01a65c-7f63-484d-b5ff-a11ee30221f7,149,10,5733.8,2,3,3,233,At Risk
bf0f29ab-46ae-4076-8829-949023ea90c1,99,20,27052.47,2,4,4,244,At Risk
bf19f2b8-262f-47c9-8102-8ae39cf09764,1,8,7347.29,4,3,3,433,High Value / Loyal
bf4eb830-4ece-45a9-8a03-8ddb49dd050e,80,3,4111.27,3,1,2,312,New / Promising
bf50e25a-26a9-48c3-a338-ae828c8d8d93,95,9,5927.52,2,3,3,233,At Risk
bf6816fe-5e7b-4198-8f84-cf15bb88162c,417,8,12778.04,1,3,4,134,At Risk
bf6d9186-c36e-4d26-8920-42a71ff7ce34,121,2,1946.56,2,1,1,211,Low Engagement
bf770fbc-95bc-4fdb-b26d-3d1c613efc86,98,8,7509.54,2,3,3,233,At Risk
bf7eb9aa-0200-446e-87b4-53b185035999,97,4,2172.62,2,2,2,222,Low Engagement
bf7ee78e-fd07-4dba-813b-80855c7a5440,49,6,3755.52,4,2,2,422,New / Promising
bf805ddd-e1c3-4de4-a716-f20d07b03217,125,10,7339.03,2,3,3,233,At Risk
bf873d54-0ced-4a10-923b-93d17f8c8797,214,5,2983.98,1,2,2,122,Low Engagement
bf96b810-f777-40fa-9f4b-7b3502e9ce73,59,15,8575.28,3,4,4,344,High Value / Loyal
bf9eb31b-baf8-448e-b05e-1e45f8e20493,124,5,5115.67,2,2,3,223,Low Engagement
bfb159e0-c7c6-4304-acd7-3bab35dd038e,60,9,7016.53,3,3,3,333,High Value / Loyal
bfd23bd1-23d7-4d8c-980a-cce8b9674c44,455,2,1819.26,1,1,1,111,Low Engagement
bfdb0b8e-efd0-4f72-9ea2-2a89e6a14432,116,4,1698.98,2,2,1,221,Low Engagement
bff976dd-98d9-4a1a-a421-de9fce84a1f3,32,7,6716.03,4,3,3,433,High Value / Loyal
c004767a-1d09-4fbc-a17e-79e844c064f0,145,11,8937.87,2,4,4,244,At Risk
c01da806-26d2-455b-a2dd-31dc3c965683,425,3,430.52,1,1,1,111,Low Engagement
c0257b6d-c72f-4dac-91d9-9a7ae325e22b,388,9,47705.77,1,3,4,134,At Risk
c0258f28-5727-4c11-bbfa-226eda85ce3d,38,11,6836.76,4,4,3,443,High Value / Loyal
c029ff3e-c98e-4f9e-9953-1fb3bff74173,3,5,8170.67,4,2,4,424,New / Promising
c03da778-2d14-4c69-b9a6-6dd27d8c6757,72,3,3754.9,3,1,2,312,New / Promising
c0422070-ed79-4ad0-8229-18496b74e22e,128,6,3939.96,2,2,2,222,Low Engagement
c047c9d1-8d24-4972-bebd-34ef92f475e7,134,5,2276.35,2,2,2,222,Low Engagement
c05676d4-1ccf-4911-bafd-f6eed29b83ef,58,9,7705.37,3,3,3,333,High Value / Loyal
c0602b57-21d7-42c1-8c39-5cbdcebbe927,80,3,993.62,3,1,1,311,New / Promising
c0701b65-ef96-4b3c-b7db-9fc98fab3009,145,8,8603.49,2,3,4,234,At Risk
c0803b59-f5f1-4631-85ac-eed3bbb0e9be,176,13,8150.55,2,4,4,244,At Risk
c0851ca6-42b5-43e5-ab83-377e62e064ca,80,6,3147.42,3,2,2,322,New / Promising
c088ceee-50af-43a4-be8a-b2bd5aca8955,29,4,1582.15,4,2,1,421,New / Promising
c090332a-c3af-40a9-9719-9de16026495d,2,7,7637.64,4,3,3,433,High Value / Loyal
c0923a69-adc8-4fa6-a920-356f8772688f,45,3,1979.01,4,1,1,411,New / Promising
c0a0f461-9f7a-4cc1-aac8-8311db1faa72,201,3,3763.09,1,1,2,112,Low Engagement
c0b4693f-3c2b-4a82-a38e-68dab086804d,103,5,1338.22,2,2,1,221,Low Engagement
c0b4e06b-e1a3-4073-8b24-bd6f3204857f,59,5,3428.09,3,2,2,322,New / Promising
c0bc88bb-6590-4261-83ba-5a858388ad56,4,12,10020.83,4,4,4,444,High Value / Loyal
c0bce15c-5cb6-485c-800d-b39e0a7ac3d5,149,1,2122.7,2,1,2,212,Low Engagement
c0dbdc75-a66d-4598-8516-d05a57ec2de9,251,5,2387.64,1,2,2,122,Low Engagement
c0dc1228-ceee-4f49-bbf4-d35ab3a74760,199,10,8628.39,1,3,4,134,At Risk
c0ec317a-e27a-48ba-843e-d1260240f3cc,304,9,7832.6,1,3,3,133,At Risk
c1011a0f-4539-41fc-95b0-98fd8176e9fc,19,9,5060.93,4,3,3,433,High Value / Loyal
c104eabd-cfbb-4d16-bb4e-3674113bc67a,84,8,7244.5,3,3,3,333,High Value / Loyal
c1320c6a-f3d4-4980-9049-4ecba74da34b,40,13,7452.75,4,4,3,443,High Value / Loyal
c13e0cb0-7ebd-457e-b86f-67311a2cd55c,23,13,9065.31,4,4,4,444,High Value / Loyal
c14086a1-6ce5-4a72-8d0b-4839e0ca3ee2,102,4,4591.35,2,2,3,223,Low Engagement
c141a900-5327-402e-b77e-4efebae5c4dc,217,12,6315.6,1,4,3,143,At Risk
c161ea4a-9cce-4c24-a432-1b0481102e10,58,4,2001.97,3,2,1,321,New / Promising
c1704f5b-3ec8-4615-b918-eee868577dc7,16,13,5252.8,4,4,3,443,High Value / Loyal
c19244ab-10cd-4645-8b4d-b5faab833a06,62,4,1911.16,3,2,1,321,New / Promising
c1939411-c4f9-40ad-9376-15eb84bb8c91,32,6,5076.43,4,2,3,423,New / Promising
c1b187ea-9992-466f-ab46-9a521149e27e,121,11,15314.49,2,4,4,244,At Risk
c1cc73a3-de64-4142-9d93-9596fdcac412,255,4,1131.8,1,2,1,121,Low Engagement
c1f61dd4-b439-4ff6-a275-1ad2bb36396d,48,12,7564.03,4,4,3,443,High Value / Loyal
c1fdd95b-ed7a-47e4-a226-ff03b1748e37,100,4,1591.31,2,2,1,221,Low Engagement
c20c8596-b271-41d1-b078-2f5d18817e78,68,5,31093.6,3,2,4,324,New / Promising
c214ec75-3eed-45e7-888a-b4d749ec582e,7,3,824.22,4,1,1,411,New / Promising
c21b64ac-48c4-49cb-a369-8fdd49cd450e,91,7,3881.98,2,3,2,232,At Risk
c22ce6ca-e119-4c56-aafd-91c84a5396b6,63,13,10070.11,3,4,4,344,High Value / Loyal
c2432efb-535a-4884-bbe4-1a67b837f5ce,84,11,16070.82,3,4,4,344,High Value / Loyal
c253eddf-c123-4541-b42e-4a34b3629c5f,14,6,6301.06,4,2,3,423,New / Promising
c26fecc3-76c2-47a3-9cc1-783fc8bd868d,147,2,345.11,2,1,1,211,Low Engagement
c2b300af-1105-403f-8ac6-e5e6ad70b440,307,6,5741.77,1,2,3,123,Low Engagement
c2dd6db3-21bd-4d07-bc08-96de76a5adb9,58,12,5647.17,3,4,3,343,High Value / Loyal
c2fb97bf-004b-4fba-8f30-b7fd45e8bfa3,117,2,702.67,2,1,1,211,Low Engagement
c305bccd-e32d-4156-a081-aa62087a5c4f,127,3,1712.09,2,1,1,211,Low Engagement
c324e4a1-3a3f-40dd-8b41-ccd6a0a8c316,78,8,5851.1,3,3,3,333,High Value / Loyal
c35b4287-53a3-4e07-8e28-6ce8c03191c5,161,6,4062.87,2,2,2,222,Low Engagement
c3654ec1-6f3b-4ffc-8107-da608e721373,71,6,4677.26,3,2,3,323,New / Promising
c367943f-48be-47f1-b111-10b4f9521d05,78,4,2332.34,3,2,2,322,New / Promising
c36b99b9-72de-455c-8bc5-99b2162dff19,49,5,2866.73,4,2,2,422,New / Promising
c38db11e-c225-4288-82aa-9b469d15f01d,69,8,10665.96,3,3,4,334,High Value / Loyal
c397b444-0003-4cb5-94fc-dfb95e9a4a81,193,1,132.75,1,1,1,111,Low Engagement
c3b79f1e-b442-4437-a4f2-209f78877b4f,24,16,27206.62,4,4,4,444,High Value / Loyal
c3bbe039-aca1-4bce-b5d4-38380d1db69d,68,4,2865.58,3,2,2,322,New / Promising
c3bfe9d1-e562-4a79-8609-43fcc27ae678,135,13,6499.73,2,4,3,243,At Risk
c3c2e3ac-e488-4700-be1b-b8e7e13a0a54,217,7,4210.94,1,3,2,132,At Risk
c3cde4ae-8f40-484a-83b9-cfc875842cd9,149,4,1550.01,2,2,1,221,Low Engagement
c3d19380-1123-4910-a15d-b139dd6b42de,76,2,1479.15,3,1,1,311,New / Promising
c3d316e4-4651-464b-bf40-9118922856b3,837,1,930.98,1,1,1,111,Low Engagement
c3d8bfa8-7cd8-454a-a248-22e452abd1aa,270,8,6464.68,1,3,3,133,At Risk
c3dcc9d8-1130-48cd-89ff-f1a08990ea6c,9,7,18786.23,4,3,4,434,High Value / Loyal
c3de2056-243e-477d-8732-7b955d5015ec,31,11,5654.31,4,4,3,443,High Value / Loyal
c3e4ca06-7d55-4953-888e-24628b3069fc,74,4,2457.35,3,2,2,322,New / Promising
c3fad982-d0a1-4dd8-8bf1-f15eb7594b79,15,3,1040.8,4,1,1,411,New / Promising
c3fe3ec6-1fb6-45f0-bf80-64f112aaab47,89,3,4371.18,2,1,2,212,Low Engagement
c411931a-0ee8-4915-9392-51fa7f1d4583,106,4,2129.43,2,2,2,222,Low Engagement
c41b5601-4c95-46d5-abab-e7043248fb1d,194,7,6630.76,1,3,3,133,At Risk
c41b7fc1-3b41-4364-a45c-ece9ddd8911d,7,7,2197.51,4,3,2,432,Low Engagement
c4228e36-6b41-485f-a8c2-8f665e3bf52b,116,3,6293.58,2,1,3,213,Low Engagement
c431c5bb-410c-4683-a9bc-4450f879211d,58,8,3929.26,3,3,2,332,Low Engagement
c433e9c8-038f-413b-b0c8-f038f5009399,86,12,7715.1,3,4,3,343,High Value / Loyal
c4426172-029f-454c-8dac-b45783490d0f,150,8,5825.55,2,3,3,233,At Risk
c4443d60-d3d2-4cbd-9939-390c8d3dadb0,552,7,4560.16,1,3,3,133,At Risk
c447e720-f3af-4c01-adae-b3a044546bd6,10,10,8694.59,4,3,4,434,High Value / Loyal
c460c1f2-2e63-4205-b52a-d51b236fed7d,69,4,4063.48,3,2,2,322,New / Promising
c460edb7-47db-4e44-af0f-aa72c6079817,31,9,7055.73,4,3,3,433,High Value / Loyal
c4679ec2-a2d5-49c5-b4a7-d36e2bee4d8e,100,9,10653.9,2,3,4,234,At Risk
c492a9b7-8c0e-4943-a0cc-934a020750cb,76,5,7837.72,3,2,3,323,New / Promising
c492b5fa-ead1-4787-88d1-8407473ae274,253,6,3141.75,1,2,2,122,Low Engagement
c49e7d96-b152-4a0a-b6d9-d5fcde1dfdf7,516,1,270.01,1,1,1,111,Low Engagement
c4ac244c-989e-46fb-b243-91dd1d5cf739,84,8,9588.82,3,3,4,334,High Value / Loyal
c4ac9907-38f3-4618-bed2-7d4af1ef5c36,53,11,6486.15,3,4,3,343,High Value / Loyal
c4ae5498-90cb-4c32-bdc8-1bd546c2d627,26,9,7851.62,4,3,3,433,High Value / Loyal
c4aea48b-6d95-4908-821b-4e2f921ab192,6,8,2240.25,4,3,2,432,Low Engagement
c4b0e0cc-7c8f-43b5-9d81-158d1978429b,197,17,9767.53,1,4,4,144,At Risk
c4b42911-8af0-437c-b9e7-8ae58b84e250,33,9,4222.94,4,3,2,432,Low Engagement
c4b97144-e050-481a-b6df-6c4daf46c7d7,278,5,1657.19,1,2,1,121,Low Engagement
c4e7f90e-b937-4617-88d4-353d0f023994,389,11,11498.75,1,4,4,144,At Risk
c4ea1545-9747-456f-9867-cea652cfa9da,96,1,190.24,2,1,1,211,Low Engagement
c4f73a3e-1230-4adb-a018-02745e28d2a4,345,4,3641.84,1,2,2,122,Low Engagement
c5039a13-bbe4-40d1-ab0f-b6bf40fcad01,121,9,12749.14,2,3,4,234,At Risk
c5144ab7-0843-4a82-b257-7644fdb4c7e6,39,8,8432.96,4,3,4,434,High Value / Loyal
c5231ae5-9293-4f62-8e38-60de8ff3f745,121,8,3640.79,2,3,2,232,At Risk
c5533d38-9ab3-4a2a-8e86-ef633386cd82,65,11,8881.19,3,4,4,344,High Value / Loyal
c5605892-257f-4719-bba3-259fc56e519a,202,4,7088.16,1,2,3,123,Low Engagement
c5915a03-3396-4fa4-bd4b-6fc85c03b1b7,165,8,3853.3,2,3,2,232,At Risk
c595281e-0b88-4c0d-82d5-94e25ee1a9bf,14,6,4522.61,4,2,2,422,New / Promising
c5b0b954-85ad-4a7c-9406-3d0a37f8c733,22,3,1889.93,4,1,1,411,New / Promising
c5bd999a-3c48-49bb-92d5-86005c14f00a,339,2,2234.6,1,1,2,112,Low Engagement
c5d01de0-d1ad-4c47-8be9-117b1056ae5e,76,5,5624.67,3,2,3,323,New / Promising
c5d8b72a-fda8-4d64-aead-1307ecd2aa10,14,3,4727.47,4,1,3,413,New / Promising
c5e718e6-cec2-4ea1-9f7f-2ba76509a4d8,67,6,7573.92,3,2,3,323,New / Promising
c5ed5279-5c36-4f24-859e-961368a0aa72,111,1,121.79,2,1,1,211,Low Engagement
c5fb77d6-4c6a-4f3a-aedf-e147aad3f000,77,7,3731.4,3,3,2,332,Low Engagement
c5fd2e62-6932-4a64-8807-8f7f883b62df,6,3,2029.52,4,1,1,411,New / Promising
c60a2fbd-1244-4d9d-a1a6-ac4c707dcb56,0,1,3449.28,4,1,2,412,New / Promising
c60d86a0-d194-4170-96be-04e7d41708a3,166,1,1820.51,2,1,1,211,Low Engagement
c612f38a-cece-4ccf-ae71-c6e2c724e69d,8,5,3148.02,4,2,2,422,New / Promising
c61d879e-bdaa-4d7f-8f96-4d173d4b9934,438,12,4994.06,1,4,3,143,At Risk
c62486c0-ab42-4e06-bca3-a4b28ee85a3d,41,3,2653.82,4,1,2,412,New / Promising
c6463a82-664e-4270-84c4-e1d27f5cffd4,22,9,8044.52,4,3,4,434,High Value / Loyal
c64b3cc0-8f16-46a7-bcc5-fe2f60e44c19,47,4,6141.62,4,2,3,423,New / Promising
c65059e8-1e46-408d-9381-837b4e40d304,49,2,2356,4,1,2,412,New / Promising
c6674574-4631-4219-b090-fd2e8c029c66,98,11,23843.63,2,4,4,244,At Risk
c6694874-a501-415d-a766-8dcca011445f,178,5,5121.62,2,2,3,223,Low Engagement
c6711d34-4f39-45be-8bec-6428cdfeee8a,132,1,1968.54,2,1,1,211,Low Engagement
c675ffa3-6348-41b8-8597-1896e8eacaed,72,9,9277.64,3,3,4,334,High Value / Loyal
c680ec01-6ff6-4c64-986e-137f47ad0c8e,0,12,8952.4,4,4,4,444,High Value / Loyal
c6850c06-eb5c-4fc6-a099-a3c25845890f,471,1,982.52,1,1,1,111,Low Engagement
c69044fd-a0e5-444a-9b20-aaffa6e83d87,78,1,558.49,3,1,1,311,New / Promising
c6a186f5-a446-4cd7-920c-9648785ed593,31,8,7311.05,4,3,3,433,High Value / Loyal
c6a3fd8d-240f-4cd4-99dd-052f28a45f31,20,17,16089.5,4,4,4,444,High Value / Loyal
c6ae1bf5-7f76-405a-ac9a-ab794cdfd5a9,180,12,10076.87,2,4,4,244,At Risk
c6be7f18-9323-42bd-8e2f-238ff93ad4c2,278,8,5674.16,1,3,3,133,At Risk
c6d6776b-da6d-492a-8c68-dcc4c9bd3f28,138,6,8306.36,2,2,4,224,Low Engagement
c70be991-e57b-425a-9468-c693a61893df,238,6,10601.46,1,2,4,124,Low Engagement
c72d5b41-ba30-4664-bbab-18b35e895929,792,7,6811.98,1,3,3,133,At Risk
c73b6ae8-9b9c-4797-a388-5d7e93f3bd7d,61,1,310.22,3,1,1,311,New / Promising
c74c56ba-137a-4b5f-9765-b8761db78687,292,2,1008.54,1,1,1,111,Low Engagement
c74ea2a6-3489-4223-9859-5f46cf01f6df,164,1,198.37,2,1,1,211,Low Engagement
c75391fa-97c5-47e0-9da6-89d25202561a,2,10,12792.66,4,3,4,434,High Value / Loyal
c75cf110-21e3-4342-87d8-cedfa300bf26,420,9,4010.86,1,3,2,132,At Risk
c763319e-a1b7-49e4-a3f9-63c8a1df6295,188,3,3774.96,1,1,2,112,Low Engagement
c769221a-d521-4cc2-bdb6-bd60baea0f46,11,5,2308.13,4,2,2,422,New / Promising
c7853f02-136f-44a8-a2c6-a28dc12050f5,7,4,3594.29,4,2,2,422,New / Promising
c7893d98-1c45-4151-a2d8-4118b791e09a,88,2,862.22,3,1,1,311,New / Promising
c795bbaa-e6e3-4982-bad4-b992ff7a5849,127,1,196.56,2,1,1,211,Low Engagement
c7a76c0b-e1b5-4cb1-adbb-5d4c3887965f,3,9,4420.66,4,3,2,432,Low Engagement
c7b9607e-f23b-46ba-8941-2c00c49978bd,188,4,9475,1,2,4,124,Low Engagement
c7bdb803-72c3-489f-8a63-1d071a14dd7c,151,10,3515.41,2,3,2,232,At Risk
c7c3cceb-10b0-4d0a-9d51-7787c8ab1953,0,5,3168.11,4,2,2,422,New / Promising
c7c752e1-e4d6-4fb4-b20c-c14407d764f3,207,1,409.72,1,1,1,111,Low Engagement
c7cfc566-5e64-4d39-b077-5da02348a75e,128,2,4281.41,2,1,2,212,Low Engagement
c7ea78c6-05a3-42ab-865c-95df1d220100,116,9,9410.57,2,3,4,234,At Risk
c7f254bd-6d3c-4b5a-a718-730070c2b35c,48,2,1765.19,4,1,1,411,New / Promising
c7fc4eaf-068c-4f3f-a872-25e6fcd6cc51,34,3,2283.25,4,1,2,412,New / Promising
c803d25f-391b-444d-9acd-f23c3528dfb5,295,1,221.7,1,1,1,111,Low Engagement
c823553e-ca1c-4205-a547-8493bf12984f,88,10,8190.06,3,3,4,334,High Value / Loyal
c832c032-13e2-409a-ae88-564a6255619f,23,12,11782.31,4,4,4,444,High Value / Loyal
c835e174-16aa-422d-a58e-96827d0b080f,95,1,2728.58,2,1,2,212,Low Engagement
c83d5fef-0818-4e07-ba0b-5b2f6a03bf12,142,5,5628.32,2,2,3,223,Low Engagement
c83e7890-0676-4be5-9398-fd8a68c89d4b,66,2,420.32,3,1,1,311,New / Promising
c89870c6-c2da-4ae3-b2fe-8c9aca500bf0,86,10,7509.87,3,3,3,333,High Value / Loyal
c89a1e77-cc01-4906-89c4-b60708a45aa5,183,12,6274.16,1,4,3,143,At Risk
c89ad888-d9a8-4b85-8903-e63d51e5dbf7,173,4,4110.86,2,2,2,222,Low Engagement
c89c44c8-711a-4147-9aae-5b3d21af2c26,47,7,5337.1,4,3,3,433,High Value / Loyal
c8bc6612-df0b-42b3-8048-7e4fa13df816,347,6,5563.4,1,2,3,123,Low Engagement
c8bdb5be-23c6-4d72-80ee-5354e6bba092,149,6,4098.94,2,2,2,222,Low Engagement
c8c2913e-60f2-41db-be7f-53aa25a36ca3,17,2,1420.85,4,1,1,411,New / Promising
c8d17fab-d502-4c3b-9b68-3a2ddcc5cc51,46,3,3040.79,4,1,2,412,New / Promising
c8d95aac-6746-4196-8225-189a818260c4,736,8,15568.21,1,3,4,134,At Risk
c8e35cc3-f9f1-42e5-af82-26cace2e813b,47,4,1798.61,4,2,1,421,New / Promising
c8e7bf8e-31af-4324-a58d-1cbab49c4919,82,20,15148.8,3,4,4,344,High Value / Loyal
c8e83228-9e30-43d1-901e-50d3ffed5bff,57,8,5150.74,3,3,3,333,High Value / Loyal
c8ec886a-8dc6-4bbc-a344-8380f2e823c8,59,9,4067.94,3,3,2,332,Low Engagement
c9110e19-b58d-467e-807f-1a94d3712663,112,4,3478.26,2,2,2,222,Low Engagement
c91bec58-d972-49dc-b5a6-62e88883a55d,3,4,4546.92,4,2,2,422,New / Promising
c9226845-596e-44bb-9f1b-b6dd60686814,206,8,5058.37,1,3,3,133,At Risk
c931f650-81f5-4752-8e25-447895cfa991,26,2,493.66,4,1,1,411,New / Promising
c9373954-3ea0-43df-92a4-b39dbf29a2b2,16,11,11485.01,4,4,4,444,High Value / Loyal
c9598b07-74b8-4386-be13-fd48af2e3f00,251,5,3927.43,1,2,2,122,Low Engagement
c95edf8a-6120-4d27-8353-8135d74b7719,41,7,5479.12,4,3,3,433,High Value / Loyal
c9624a08-d8c8-4cea-a1c8-28868626ed01,99,5,2582.23,2,2,2,222,Low Engagement
c975a6bc-3984-43f5-b538-ed6c9c64a498,15,1,325.1,4,1,1,411,New / Promising
c97e198d-2c8c-4c35-9983-c35b4c1ad4dc,37,15,17083.58,4,4,4,444,High Value / Loyal
c9956621-e12a-4dea-a36c-8ddaa69cd310,35,11,10389.78,4,4,4,444,High Value / Loyal
c9a1d615-0252-49e1-9c14-02bdbbedd921,136,2,2166.38,2,1,2,212,Low Engagement
c9a2c097-3816-448c-b7d0-ef9f8623fe0e,29,7,7219.94,4,3,3,433,High Value / Loyal
c9a87f71-d400-4360-8728-6f4c1b017b02,17,5,1083.52,4,2,1,421,New / Promising
c9b0a5a5-5ffa-4f34-abce-cbe51ff24bd6,268,2,40040.26,1,1,4,114,Low Engagement
c9c1cf25-0780-4398-9b69-13e510c517f8,55,3,1437.09,3,1,1,311,New / Promising
c9c455ae-9d6f-40d4-9866-c762d5b1bc3f,93,12,11728.94,2,4,4,244,At Risk
c9d453d9-977e-446b-a37b-2b0bfde1897b,47,14,13846.45,4,4,4,444,High Value / Loyal
c9f2f6bd-ae90-411d-a745-124e5784db0e,4,1,156.28,4,1,1,411,New / Promising
c9fab59e-bb5f-46b7-9581-5200f4007904,224,4,2209.3,1,2,2,122,Low Engagement
ca021d81-8a8a-4ac8-9819-4067e7920685,75,2,1716.03,3,1,1,311,New / Promising
ca27ba44-0847-4fc4-8640-1506234b96d3,149,8,5558.38,2,3,3,233,At Risk
ca29703e-a923-495c-b558-d03a39cc76b3,66,5,22635.11,3,2,4,324,New / Promising
ca53b8e7-9bc6-4a9a-b42a-91bdddcc28d0,226,5,4085.12,1,2,2,122,Low Engagement
ca741f1c-4724-4165-962e-2d8d5dbd5837,13,5,2756.9,4,2,2,422,New / Promising
ca88b415-a095-4021-bde3-04493a8db1b5,74,2,1549.46,3,1,1,311,New / Promising
ca8e9152-de76-4b53-94f0-0e43b82bfd54,28,6,12794.87,4,2,4,424,New / Promising
caa2797a-0dfb-4bdb-bd5c-cd7ad3e86169,224,9,3615.8,1,3,2,132,At Risk
cabc7dad-0661-44a8-ad3a-3fb21c66dd93,150,3,1279.69,2,1,1,211,Low Engagement
cac5f5b2-d4b0-40ef-8909-eb43a761b562,3,9,5962.4,4,3,3,433,High Value / Loyal
cac9f97a-81f3-4509-a737-9f57bf08ab24,294,5,2367.42,1,2,2,122,Low Engagement
cacc8655-d1b4-4f25-b51f-366707427bb9,72,4,1441.13,3,2,1,321,New / Promising
caf2c4dc-ffae-4fed-8d65-aa90eda2dcd3,87,5,11351.64,3,2,4,324,New / Promising
caffde2e-a595-462a-b3c0-e269c7c81711,460,1,1841.26,1,1,1,111,Low Engagement
cb035960-9c0a-4e49-83b3-48d1fa55b763,357,2,1235.05,1,1,1,111,Low Engagement
cb0421cf-28c2-424b-a979-f24317e22c0f,119,11,14400.42,2,4,4,244,At Risk
cb0c7622-a973-452a-bb4a-c76bd982d9dc,454,9,6148.69,1,3,3,133,At Risk
cb28c0be-ced6-413c-bb2c-0ea21e1211b7,205,4,4130.45,1,2,2,122,Low Engagement
cb4079e8-701d-46c0-b5f7-3804e2eb999d,68,9,7407.38,3,3,3,333,High Value / Loyal
cb42d61a-8a59-49e1-9999-fb316768beae,196,12,8915.05,1,4,4,144,At Risk
cb5c418d-c578-4534-9897-e36c5d71a4ce,45,10,10665.81,4,3,4,434,High Value / Loyal
cb60e2c6-7dc4-4e7d-892d-06735666c486,178,3,922.82,2,1,1,211,Low Engagement
cb7c0a32-7871-4658-ad26-dca5a2c7c2fe,64,1,216.44,3,1,1,311,New / Promising
cb80441e-9e18-422f-bbe6-327e0210469a,72,13,6953.02,3,4,3,343,High Value / Loyal
cb804f18-f9a4-467d-aed8-e022e5cbfddf,88,4,4705.23,3,2,3,323,New / Promising
cb867353-4f7f-4b06-8848-aa2a59f24379,23,9,6225.6,4,3,3,433,High Value / Loyal
cb98917b-ad39-4056-8e8b-3688d3788392,99,12,4561.95,2,4,3,243,At Risk
cbc1020b-16aa-4b85-9248-7b28c86a6c5d,254,7,5147.78,1,3,3,133,At Risk
cbe35e51-6514-422c-9bb9-4db890630d32,349,3,3192.95,1,1,2,112,Low Engagement
cc006784-05a4-4043-a603-e360de1551a9,562,5,18100.2,1,2,4,124,Low Engagement
cc186118-0ac1-4724-83bb-4eeb1dc1ef9d,91,5,9534.15,2,2,4,224,Low Engagement
cc1d74b1-cdd7-4ad0-9f85-36896c691cca,211,3,1442.82,1,1,1,111,Low Engagement
cc2c460a-956e-482d-8e1d-e858cd78548e,41,7,2410.8,4,3,2,432,Low Engagement
cc31baec-50e2-42a0-8cb6-13344c9c7ddb,111,4,1405.95,2,2,1,221,Low Engagement
cc36ca7b-e3e0-44de-808a-e117c214d383,116,4,3151.8,2,2,2,222,Low Engagement
cc3718ca-23c1-4bac-ab16-7b735ac9f495,195,5,812.84,1,2,1,121,Low Engagement
cc656304-f68d-4288-b9c3-afb4906a427a,655,4,5159.94,1,2,3,123,Low Engagement
cc6c7f77-9daf-4259-aa40-d2467a6b7084,157,1,1170.3,2,1,1,211,Low Engagement
cc796cc7-d6fc-4f45-8f92-fc2e02297b5e,301,6,4329.28,1,2,2,122,Low Engagement
cc914c85-8385-45e7-8897-5b1d5e8e36bf,182,11,5733.52,1,4,3,143,At Risk
ccb1bdc0-afcb-4beb-8586-2904c38389a5,90,8,7700.92,2,3,3,233,At Risk
ccb43dc7-3018-4c3c-9828-1fff90463e95,86,5,1947.13,3,2,1,321,New / Promising
ccba7857-f878-4e82-87ea-5c4d8c3f447a,238,2,2425.02,1,1,2,112,Low Engagement
ccd023fd-4165-4c02-9f66-434c70f3e649,554,5,8024.11,1,2,4,124,Low Engagement
ccd6cffe-f6e1-471b-ac71-20c5f4b908f4,589,1,660.66,1,1,1,111,Low Engagement
ccdb032b-df65-4787-b282-3ce51cc327c0,257,6,6411.07,1,2,3,123,Low Engagement
cce47822-5f59-4c30-990b-05e331cc5411,100,5,12549.78,2,2,4,224,Low Engagement
cce9a324-cb00-4a0d-9af9-7cbe2ddcd910,40,5,6787.13,4,2,3,423,New / Promising
ccea51cc-3733-4d90-8058-e8300231e4db,8,10,9298.29,4,3,4,434,High Value / Loyal
ccf44bb4-ff19-4b52-945b-3a47bef2c157,184,3,1077.77,1,1,1,111,Low Engagement
ccfdf74b-c62c-428c-b0ed-6b4484b68dec,154,6,4108.91,2,2,2,222,Low Engagement
cd01bac6-6eb5-4073-b9df-d26d35888a21,194,1,146.74,1,1,1,111,Low Engagement
cd06391c-53d2-4d4b-a306-da77207e519c,26,4,4730.46,4,2,3,423,New / Promising
cd1284b2-9a3b-46bb-8939-f405f6ce819f,62,4,1524.12,3,2,1,321,New / Promising
cd189ecc-c2b0-4ad1-bda0-b11055c5c6cd,56,2,299.18,3,1,1,311,New / Promising
cd3376b1-6083-405c-9f89-91d9ff680a46,183,1,2765.89,1,1,2,112,Low Engagement
cd42fd5d-d837-4bdc-bd3a-7921cb9bad28,38,12,25347.27,4,4,4,444,High Value / Loyal
cd4f39ae-a3a6-46a8-a4f0-9240b0f79e7a,166,8,7591.81,2,3,3,233,At Risk
cd64f095-cf63-40cf-a939-0e639ffe2ae5,11,1,989.5,4,1,1,411,New / Promising
cd834838-5237-4b24-b885-5dbeb747b54e,70,3,2581.54,3,1,2,312,New / Promising
cd97dfe6-1563-49c2-9129-e98c20eaf952,65,17,14274.03,3,4,4,344,High Value / Loyal
cda66ed6-e11c-48e4-bcc1-9e6d6b7c8aef,92,10,30226.81,2,3,4,234,At Risk
cdaa68f6-59f9-4956-8ecb-919b8e52ed6e,216,4,2707.06,1,2,2,122,Low Engagement
cddf42ed-5ff3-4a2f-8131-7864342d9b5a,101,3,1990.85,2,1,1,211,Low Engagement
cde3b84e-ab5a-444c-9444-b164a90ea0e7,96,13,16352.44,2,4,4,244,At Risk
cdf647fb-e6fe-4d3a-8382-3007839e350e,248,8,7774.86,1,3,3,133,At Risk
cdfc0dd9-9455-41a3-a0d4-c85cd0bf3ad9,100,4,2901.03,2,2,2,222,Low Engagement
cdff0ee7-ce8b-49a7-a169-091bbda61e2e,486,4,1421.23,1,2,1,121,Low Engagement
ce004c32-a8b4-45d9-9929-cbe5aa7754e3,93,2,658.42,2,1,1,211,Low Engagement
ce211f41-c2e7-4cff-9f41-7c9772c46ab6,106,3,3540.4,2,1,2,212,Low Engagement
ce27fafb-93b1-4f2c-85ae-f53cb69f562e,454,9,4334.54,1,3,2,132,At Risk
ce45b0f0-f0bd-4d45-a9c8-9c174999600f,5,10,8733.56,4,3,4,434,High Value / Loyal
ce4874fa-96e3-48c2-b902-fef86b816bc3,30,9,6849.49,4,3,3,433,High Value / Loyal
ce606c3e-19c0-44cc-be0b-a48ff42abdd2,113,4,3363.18,2,2,2,222,Low Engagement
ce6983a4-5c04-4536-b93e-2670508343d1,115,8,3656.87,2,3,2,232,At Risk
ce69f21a-0976-4a59-92c3-271ea1d178bd,64,6,4435.91,3,2,2,322,New / Promising
ce6b4323-a943-4dbe-a65a-b5ca0986885f,37,3,509.66,4,1,1,411,New / Promising
ce70922d-2d4a-45b8-a270-409a98b00caf,56,22,13025.24,3,4,4,344,High Value / Loyal
ce88f518-93c8-4d20-99a7-ed3649e398d7,1058,2,2764.4,1,1,2,112,Low Engagement
ce95609a-63bc-4972-9465-29cb190f0df0,38,4,5684.28,4,2,3,423,New / Promising
cea1ca54-2bbf-47f9-bcda-ad5550294858,102,4,2729.67,2,2,2,222,Low Engagement
cea3180d-5498-4b55-a195-ae725d9db429,11,1,348.19,4,1,1,411,New / Promising
ceaab697-fd9b-4e93-a9c9-597025ecd92b,321,7,7394.51,1,3,3,133,At Risk
ceb04e6e-420c-4929-b87e-933594f65843,131,9,4984.54,2,3,3,233,At Risk
ceb6cdee-089e-4bba-9274-f407928cb2c0,59,6,4678.59,3,2,3,323,New / Promising
cebd69b2-6d0b-4ec7-9413-d114a8614744,210,6,6150.84,1,2,3,123,Low Engagement
cebe5edd-d937-4bc9-b700-95b7f97cdaf0,844,1,111.01,1,1,1,111,Low Engagement
cebff21f-f788-475d-8ce9-8a2a62bf7993,553,9,17080.79,1,3,4,134,At Risk
cecc691a-c14f-42f4-835a-f7ace6565742,130,1,259.65,2,1,1,211,Low Engagement
ced985e4-173c-40f3-b61e-a95655a17c65,22,9,5866.9,4,3,3,433,High Value / Loyal
cedefac0-631c-4476-b6ce-a6eb16c2de9f,62,15,11609.35,3,4,4,344,High Value / Loyal
cee89ea0-9621-4a21-8c91-334607058ffa,112,1,252.7,2,1,1,211,Low Engagement
ceef2e4b-4d93-4d3f-b0e4-d4ad8be82e27,35,3,1640.09,4,1,1,411,New / Promising
cefd80c2-2936-41e0-9243-c6cebb60665f,51,2,2070.14,3,1,2,312,New / Promising
cf0fc5c5-be64-446b-9f7b-8865593f2f0b,461,5,1071.29,1,2,1,121,Low Engagement
cf1a3b7a-0250-4ed4-afb2-34293bbcd15e,40,19,11798.85,4,4,4,444,High Value / Loyal
cf2b051d-ca84-4cad-9f08-e835142b9fd8,34,7,4165.43,4,3,2,432,Low Engagement
cf40e629-a182-4339-a886-7164837faf7a,95,7,3651.88,2,3,2,232,At Risk
cf4225a8-9bf4-44cf-ba28-95413c21dea3,104,9,7375.67,2,3,3,233,At Risk
cf5f9c35-380a-4eff-940d-f5f8029089c0,62,7,1710.67,3,3,1,331,Low Engagement
cf710933-28c5-4450-ba4a-3324a7106503,16,3,3543.56,4,1,2,412,New / Promising
cfafdefb-105d-46d2-9156-620793d80053,192,11,5663.02,1,4,3,143,At Risk
cfb70526-f827-4aab-9484-7d45bef6c99a,154,2,1606.43,2,1,1,211,Low Engagement
cfbff3b0-f058-43a4-940b-82b4ffe08ae5,240,1,919.68,1,1,1,111,Low Engagement
cfd044fa-b5cb-4286-b97f-197990ed8317,33,1,91,4,1,1,411,New / Promising
cfd83e5d-2d20-4a38-8c10-3f5385032491,406,3,757.42,1,1,1,111,Low Engagement
cfe146db-a920-410a-856f-1fa69b78a615,97,9,5692.09,2,3,3,233,At Risk
cfecc880-f807-45f2-9a66-758f08353ef0,104,11,5609.2,2,4,3,243,At Risk
cffec936-6794-4aac-97d5-b6049e96ef1d,20,7,4308.73,4,3,2,432,Low Engagement
d00008f7-47ec-4d35-8d94-d431a69b94d8,95,4,3412.99,2,2,2,222,Low Engagement
d007c503-2e46-474b-a761-e7ff265772d8,19,8,4051.99,4,3,2,432,Low Engagement
d01612d6-fdb8-44f8-b7a0-dd034994e3d7,114,7,8974.38,2,3,4,234,At Risk
d01bb696-f509-4de8-9f91-d7b7a49bad80,81,5,3429.31,3,2,2,322,New / Promising
d0202e91-7207-47e3-9502-98825ae15138,146,14,8127.39,2,4,4,244,At Risk
d03ce6d3-cb2f-4e29-9c63-9b1190b2478c,60,14,8494.61,3,4,4,344,High Value / Loyal
d03fb36f-aeb0-40b9-b61d-8ac1ab124ab1,62,5,3639.68,3,2,2,322,New / Promising
d04bf760-ea88-4c73-9b50-2771c15d0bf7,51,9,7118.22,3,3,3,333,High Value / Loyal
d05b5158-66bc-4361-8243-0bcd19e199c0,62,5,3842.75,3,2,2,322,New / Promising
d07cecd2-8da5-42f8-aad1-cf5befe79cb2,78,4,2628.05,3,2,2,322,New / Promising
d09163fb-2b4b-40b7-a4ee-ef5db31fc018,65,12,9017.11,3,4,4,344,High Value / Loyal
d09774b7-1a5c-4bd6-a762-d7003e53e9b4,198,10,13450.46,1,3,4,134,At Risk
d0a3978a-2418-4ef5-a559-1f93fcabedf0,195,6,12906.6,1,2,4,124,Low Engagement
d0ba775e-2bb4-4c5f-8cf8-7d9091484385,109,8,2708.05,2,3,2,232,At Risk
d0bb07f7-adf1-4408-a181-5f3adafb8071,93,2,1518.87,2,1,1,211,Low Engagement
d0bf3dad-b333-44b0-86b4-b0b236814b07,102,4,1193,2,2,1,221,Low Engagement
d0c46403-f619-4fbe-b019-e946d4260630,297,1,928.16,1,1,1,111,Low Engagement
d0ce1d8c-4bf4-4a58-8ec4-e2c3ec46b7a7,187,6,8879.04,1,2,4,124,Low Engagement
d0d3a1e9-0274-4383-a2b2-10524c327a63,168,11,9319.29,2,4,4,244,At Risk
d0dd3ff4-a808-4d28-9dc9-e58b6ace9fe5,51,10,6714.42,3,3,3,333,High Value / Loyal
d0edbfe2-e433-41e4-a5f6-05d0d8f4f86c,115,1,3981.42,2,1,2,212,Low Engagement
d0f2de53-1971-48d8-8ef0-7078803dc961,188,1,207.78,1,1,1,111,Low Engagement
d0fdaa5b-c2f7-4144-8567-b963abf2987d,112,3,1069.82,2,1,1,211,Low Engagement
d11b5d33-108b-432d-b3ef-69f05c459e83,251,6,3816.63,1,2,2,122,Low Engagement
d12653ce-6f6d-44a6-97fb-b2e31c844b26,52,19,19725.79,3,4,4,344,High Value / Loyal
d12d15c1-7429-46cf-9035-e8bd2d73248f,109,2,3912.12,2,1,2,212,Low Engagement
d13677b3-f6fd-45ea-a869-6f62b68d3703,35,5,4725.42,4,2,3,423,New / Promising
d1381222-fedd-4d35-bf48-ba0f71119e60,172,1,1203.64,2,1,1,211,Low Engagement
d13fce75-2a1a-43ae-aba0-e13a1f55e730,213,2,378.27,1,1,1,111,Low Engagement
d147eb7c-7051-4f4c-ba7c-5253974eca1e,71,3,2495.4,3,1,2,312,New / Promising
d152a1a9-a113-480c-a455-98085992fe98,503,2,3321.48,1,1,2,112,Low Engagement
d16c2ad1-d9b1-4fcb-b108-84b3015e7e46,49,2,1729.35,4,1,1,411,New / Promising
d17f5ba7-50a9-4c5d-8d2c-b6d8c89c5b0b,77,16,12387.6,3,4,4,344,High Value / Loyal
d18eb769-dc6b-4a4c-8cd4-19374f0a10b7,144,2,322.98,2,1,1,211,Low Engagement
d1946534-5db1-4aba-8ffd-9c2c8a6e5b08,43,1,5736.8,4,1,3,413,New / Promising
d19846b9-8b19-42ce-a71d-9b2cf4ffb2f0,91,19,14002.42,2,4,4,244,At Risk
d1a2eefb-9363-4b41-ae70-2aee88f35603,32,3,3003.68,4,1,2,412,New / Promising
d1a50a2e-8c20-4ee5-bf26-0fd1f35308d6,80,1,792.11,3,1,1,311,New / Promising
d1b530d3-306c-4e12-ae36-9defe3b2cedb,406,6,5681.91,1,2,3,123,Low Engagement
d1bc857f-5ac6-4e05-8f2a-6fb6bfeb41ed,127,1,1368.15,2,1,1,211,Low Engagement
d1c0ebcd-86d9-4f91-a2e4-5a577ac0f492,187,15,16577.7,1,4,4,144,At Risk
d1c5fc93-fb5d-44f7-82f0-2673b24d4891,4,7,2010.88,4,3,1,431,Low Engagement
d1c65438-9d74-4be8-b4fc-a995fd9ff7bc,80,3,4306.77,3,1,2,312,New / Promising
d1c75c7d-1ce6-408b-bf05-45168e4c36a9,85,4,3642.65,3,2,2,322,New / Promising
d1c84488-d212-4b7c-bf57-1f503298256d,78,10,5086.1,3,3,3,333,High Value / Loyal
d1ccd8f8-59ee-4810-9623-9d620ea8edea,392,2,4413.18,1,1,2,112,Low Engagement
d1d07b6c-df1e-465e-a8a0-ec059efb9b38,167,8,5905.22,2,3,3,233,At Risk
d20541c0-cf54-402e-a8db-0e701dba5c1d,136,8,9262.83,2,3,4,234,At Risk
d22bce89-f692-4482-85c3-97c620bb4cef,98,1,450.9,2,1,1,211,Low Engagement
d23204a0-b989-42a1-8a2a-dbbca911998c,6,15,10022.52,4,4,4,444,High Value / Loyal
d23b4352-a84f-4045-9fde-8f24515dfbd3,33,9,5083.36,4,3,3,433,High Value / Loyal
d27657c7-8478-4a63-9510-375c6d6255ad,111,7,4721.84,2,3,3,233,At Risk
d277cd53-fda6-4be2-85df-c1837c49a2ab,185,11,8457,1,4,4,144,At Risk
d27a7350-e8d5-4fee-bea6-cd0cccbaed01,72,15,18643.12,3,4,4,344,High Value / Loyal
d284e8f4-8be9-41a6-823d-457b5d29af76,222,7,5441.69,1,3,3,133,At Risk
d2880e21-bbd7-4145-a151-d4bb97b70f42,52,3,2091.64,3,1,2,312,New / Promising
d296bf0d-92bb-4670-a578-2fd3553cf7c8,9,10,10514.17,4,3,4,434,High Value / Loyal
d29f85a6-e41c-4a7e-9fab-59647d37f3d9,90,11,4785.88,2,4,3,243,At Risk
d29feb8c-046b-4aab-baba-4b75bd25a4ac,26,3,5794.12,4,1,3,413,New / Promising
d2c47689-c917-4dd8-8399-84cd34ff3b7d,202,2,290.75,1,1,1,111,Low Engagement
d2caa310-663c-40a0-9348-eb2b5ea67dfd,113,1,620.22,2,1,1,211,Low Engagement
d2cc0902-4f11-466d-88fe-3d0fb4a45344,190,13,7722.19,1,4,3,143,At Risk
d2d486b9-432f-41da-a063-8a25f376c224,42,6,4475.95,4,2,2,422,New / Promising
d2d9d142-ff17-4083-907b-20a3c3e5e86b,108,5,2716.64,2,2,2,222,Low Engagement
d2dd07a3-7af1-44d4-a312-4d4dd6341ae5,370,12,5427.37,1,4,3,143,At Risk
d2e608cd-bced-4b33-aa13-7f05c71b8b75,216,3,2561.23,1,1,2,112,Low Engagement
d2ef4a52-d29a-4abb-b3ac-7343c844019e,203,1,389.9,1,1,1,111,Low Engagement
d2fdc2f5-e605-4263-ac0e-7b51f5712b0d,0,22,15373.84,4,4,4,444,High Value / Loyal
d2ff542b-9f5b-4f3c-9d1d-1c4b52a3e353,179,13,8206.34,2,4,4,244,At Risk
d331760b-e2f7-4e63-9172-512cba097aa3,29,10,10064.52,4,3,4,434,High Value / Loyal
d33427d9-3f13-461f-b5d9-18614f477f59,98,13,9626.39,2,4,4,244,At Risk
d3436ca3-0580-413c-8551-7b716429a9f2,175,1,732.93,2,1,1,211,Low Engagement
d350810e-24c5-4be7-82a6-11790cdde8d9,328,12,7282.92,1,4,3,143,At Risk
d3556bb0-b96b-44b6-af56-67603d358938,125,7,9605.81,2,3,4,234,At Risk
d356d925-60a7-4138-b557-232b9eb81ed8,828,8,5616.66,1,3,3,133,At Risk
d361b73c-d2a1-47c6-ae51-e3a15cb320e9,17,3,3219.88,4,1,2,412,New / Promising
d36abca8-bc02-48f2-876a-0c52cf374042,790,9,8746.69,1,3,4,134,At Risk
d37729ec-d1e5-4689-91f9-e65ba2b4eb8c,77,4,2181.72,3,2,2,322,New / Promising
d38550cc-125f-4e2b-b4d1-8ec9ca938fe7,88,5,3522.59,3,2,2,322,New / Promising
d392367b-9b5f-47f4-8a60-c14898fe6e3e,51,4,1968.53,3,2,1,321,New / Promising
d3c7736f-0d9d-4559-b59a-a54b21a1e392,94,10,6112.54,2,3,3,233,At Risk
d3d50f27-9476-44f1-ab62-3b57712a2d63,39,13,11511.55,4,4,4,444,High Value / Loyal
d3e2fe60-68bc-47b5-b704-72c4a0b3d5a7,52,9,3797.44,3,3,2,332,Low Engagement
d3f98acf-9ed3-4c9e-baa4-2ebfe35921d9,111,2,1363.93,2,1,1,211,Low Engagement
d3f9a5b1-bef2-4d3a-a8b8-52e3fc395afb,555,5,3887.96,1,2,2,122,Low Engagement
d40884c1-a112-456b-a6f6-d168769fb6a8,498,3,1163.81,1,1,1,111,Low Engagement
d413ffce-273d-4a54-abe4-a0c66406c3a6,82,11,8459.97,3,4,4,344,High Value / Loyal
d425d0a1-a8e8-4359-897b-de7953d9ad35,34,3,990.62,4,1,1,411,New / Promising
d42b09fd-089d-41c5-82ce-4788f75217a6,45,18,12539.31,4,4,4,444,High Value / Loyal
d441b16c-86cc-4f34-a4cf-fd2f3ea65a88,119,14,22474.33,2,4,4,244,At Risk
d45d4484-f5c5-4d45-887a-4c35e820cd9a,261,3,1810.47,1,1,1,111,Low Engagement
d465c005-94fa-4449-a1ff-412d6f726315,152,9,9015.19,2,3,4,234,At Risk
d47975e8-32cb-4a93-aaa4-d69c34b3b0ad,318,2,466.79,1,1,1,111,Low Engagement
d4908875-aa82-4981-8b16-a2afed15786d,105,2,480.7,2,1,1,211,Low Engagement
d49bdecc-3e0c-4b1c-b0b3-234f8cc5a781,78,5,3137.69,3,2,2,322,New / Promising
d4a5f01e-305e-4e48-b673-d192361d9883,83,5,9930.01,3,2,4,324,New / Promising
d4a7408e-02ff-4cb5-9fac-cacf4f75ada7,37,5,9544.41,4,2,4,424,New / Promising
d4bf30b2-3ca3-4f2b-9e88-ebbacb3f20c6,26,15,6796.87,4,4,3,443,High Value / Loyal
d4ccfe65-a535-434d-829c-8435fcac0b1b,1017,1,245.66,1,1,1,111,Low Engagement
d4d9826c-28c3-4a12-842e-7292367bbcde,117,9,4185.96,2,3,2,232,At Risk
d4fb2449-653a-4793-9cee-ff715634dd05,4,4,1317.1,4,2,1,421,New / Promising
d4fc24bb-ecb8-4346-9472-98a7b9f744da,5,8,7731.35,4,3,3,433,High Value / Loyal
d51d1d57-c9cf-44ad-ac4e-4849f71a0341,251,8,10829.11,1,3,4,134,At Risk
d51ed4ba-374c-45f6-9861-4e71a5a9f597,63,17,23010.67,3,4,4,344,High Value / Loyal
d52a653e-94eb-40e3-9d27-23fc73f02d95,91,7,5361.16,2,3,3,233,At Risk
d5324a1d-aca6-45dc-bb5d-e035f01d7e49,443,3,1032.54,1,1,1,111,Low Engagement
d5492656-76a0-47d1-a587-a93386f32a7e,90,1,1930.24,2,1,1,211,Low Engagement
d54a5835-6238-42b0-9cab-f9a9d70db1eb,44,6,3446.38,4,2,2,422,New / Promising
d56a67ba-54d6-4b29-aa11-d59b67248e8e,7,11,8139.51,4,4,4,444,High Value / Loyal
d56ba69e-43bc-471d-a6fe-93754c95326e,401,1,749.59,1,1,1,111,Low Engagement
d590af5d-9519-453b-90d3-b4685d900849,95,10,9963.51,2,3,4,234,At Risk
d5910902-0985-48e5-a015-9b234457f37f,95,4,5392.28,2,2,3,223,Low Engagement
d5912933-b82b-4d3d-82fd-a3867234f834,96,2,1398.48,2,1,1,211,Low Engagement
d5953577-8f8e-4964-9bd8-7de63478c322,32,8,5795.74,4,3,3,433,High Value / Loyal
d5a6c6e5-9b1a-4522-b9d0-50cdd1430d37,219,3,1682.19,1,1,1,111,Low Engagement
d5d98790-dc48-4a90-8048-ed2a16c1e202,81,7,3249.49,3,3,2,332,Low Engagement
d5e0c0b0-ec1a-4eb2-bdc0-eb82a517d128,123,6,2220.09,2,2,2,222,Low Engagement
d5e9660f-8221-4b12-a0bc-a9c82958e5ea,7,6,2619.28,4,2,2,422,New / Promising
d5fa8dbf-2f14-458e-938c-e6770ae273fa,69,3,2747.71,3,1,2,312,New / Promising
d609e2dd-e0aa-4632-a859-709c63fcfb71,37,12,8687.87,4,4,4,444,High Value / Loyal
d6119f96-40cd-4a98-bf6e-0118f5edac4c,192,7,4115.86,1,3,2,132,At Risk
d6197e85-49ee-4364-bc6a-9617bf1bfcac,87,7,7443.6,3,3,3,333,High Value / Loyal
d61d8f7b-c2d0-4548-9f3b-da16dc3146ad,124,5,3397.99,2,2,2,222,Low Engagement
d630cfce-149b-4dc8-926d-ee30c95e69b4,60,12,10439.06,3,4,4,344,High Value / Loyal
d631f9f8-7e02-4cb4-b43b-68d1bbbef3cd,35,8,6352.05,4,3,3,433,High Value / Loyal
d6410df3-6402-4afc-ad96-583b36defb0b,107,8,5760.34,2,3,3,233,At Risk
d655e4ea-3f4e-4a87-a00c-a46efd6a9b96,50,4,2795.72,3,2,2,322,New / Promising
d659057e-1570-4516-a340-8068b788a7ad,65,2,1580.04,3,1,1,311,New / Promising
d6597ded-7b1f-4b65-9daf-094f0282ef54,43,2,828.02,4,1,1,411,New / Promising
d65d579a-18a3-4039-b586-33ad3d03431c,81,11,4395.28,3,4,2,342,Low Engagement
d679781f-c899-4fe2-bb98-20ef3b2c6478,110,14,10375.68,2,4,4,244,At Risk
d68a3d13-74b1-4972-a871-619ad5ffb96b,41,15,17770.47,4,4,4,444,High Value / Loyal
d6951258-4a7a-47c6-bbe6-d689ace6bb61,30,5,2419.12,4,2,2,422,New / Promising
d6b3cf4e-49ed-4178-9a47-0a705a38f17e,95,5,5208.57,2,2,3,223,Low Engagement
d6b5f6b9-3cae-4369-92b0-328313973c47,172,5,2197.06,2,2,2,222,Low Engagement
d6b8ed2c-25de-4c4f-bcb9-8e257dcd1411,204,2,9780.44,1,1,4,114,Low Engagement
d6c19001-c299-4a82-aba6-7f4e144357ef,56,2,560.93,3,1,1,311,New / Promising
d6c516ca-38ee-4fc9-9dc6-1d9c66127b4f,57,1,526.62,3,1,1,311,New / Promising
d6ca42e4-8ef4-4d84-a05b-d8c2392e9ecf,110,5,2696.54,2,2,2,222,Low Engagement
d6d389d1-493f-43e7-be59-c6b727012efa,199,6,7963.69,1,2,3,123,Low Engagement
d6dbc9ba-115d-4b41-bae5-37180580d858,24,7,12552.53,4,3,4,434,High Value / Loyal
d6f2805b-e639-4542-9c8d-f96e47bf53a9,188,2,2213.43,1,1,2,112,Low Engagement
d6f3c3b3-96a2-43dd-8c51-56cda490f2e8,66,7,6754.95,3,3,3,333,High Value / Loyal
d703a24c-1eb5-4c93-9165-d5a205fd7169,45,5,3381.13,4,2,2,422,New / Promising
d70a1650-b149-44ac-938e-eba812a4998b,13,9,6229.85,4,3,3,433,High Value / Loyal
d70a918b-2742-44fa-8ed2-a28f79ea81e2,178,3,1481.1,2,1,1,211,Low Engagement
d721fa80-3087-433a-b150-fa086d810c90,201,7,12144.48,1,3,4,134,At Risk
d728e3c2-c58a-426c-a449-89df827fac3f,76,5,3666.4,3,2,2,322,New / Promising
d72ab87f-e21d-441a-9783-400b99dee62b,361,5,5699.82,1,2,3,123,Low Engagement
d72d8bef-4223-4824-b323-9d19f7553b16,90,1,2163.4,2,1,2,212,Low Engagement
d734104f-9a7d-4fd1-95cf-94653894e1d1,116,1,363.02,2,1,1,211,Low Engagement
d738620c-2d88-489e-9e03-b548e7ac0d89,59,6,4328.61,3,2,2,322,New / Promising
d73c1a44-e1d5-4dc8-8adf-896da1ea0011,37,9,18005.17,4,3,4,434,High Value / Loyal
d73d610f-d564-48a3-9c38-4b37f304c6a6,92,4,2250.29,2,2,2,222,Low Engagement
d75114ad-5343-4b34-b8e2-8a297a01d4be,96,11,7612.06,2,4,3,243,At Risk
d757b199-3720-4ed3-83a5-b6cb7bc2d6dc,79,4,3391.09,3,2,2,322,New / Promising
d776c12f-7246-4309-b419-491119c6eb28,92,4,7960.42,2,2,3,223,Low Engagement
d77f0fa7-68c5-4b3a-8aea-f53692551d1c,84,11,10161.41,3,4,4,344,High Value / Loyal
d7996171-2692-4cb6-a11b-0ba9b8cb0e74,126,10,5251.35,2,3,3,233,At Risk
d7a6a5ae-15af-446f-acac-4752d4a13206,64,9,4033.79,3,3,2,332,Low Engagement
d7c50fae-43b8-4945-86f8-b8f9d4d2d71a,68,6,3361.67,3,2,2,322,New / Promising
d7d3ce44-e89f-4477-85e8-0742313bec11,99,4,1988.27,2,2,1,221,Low Engagement
d7d7f2ab-9284-42f1-930e-3ae5b65716c0,20,5,22817.01,4,2,4,424,New / Promising
d7ef2ed2-0017-4738-a66f-86ec06ba90bc,85,2,2601.61,3,1,2,312,New / Promising
d7f65fd2-1556-490b-b3b3-b7f2c1e70f61,529,10,6977.82,1,3,3,133,At Risk
d81b9472-834e-4260-abc1-13d8cd4291f8,225,6,7555.49,1,2,3,123,Low Engagement
d81e1771-1417-4735-bab1-aa5eb932ab0f,7,3,2942.85,4,1,2,412,New / Promising
d8255324-2a40-4a16-be45-6386484c0c4d,102,2,338.82,2,1,1,211,Low Engagement
d83bff12-93e6-488a-b48b-dad78edcee96,444,6,8410.43,1,2,4,124,Low Engagement
d841240e-28a1-4ed3-9d6d-eb4766e52c0e,154,9,7268.58,2,3,3,233,At Risk
d882f89e-a647-4c7f-a0fa-ca83e194e714,183,2,259.48,1,1,1,111,Low Engagement
d88de982-c271-48cc-845a-f11cac413f0b,56,14,12432.03,3,4,4,344,High Value / Loyal
d8a48586-fe7c-4129-b916-2f52c73c50f5,126,6,3786.81,2,2,2,222,Low Engagement
d8aba5da-8923-4165-a6f3-0e7ae2f159c3,38,2,976.7,4,1,1,411,New / Promising
d8adf875-8f0f-410f-a00f-2cccea102230,55,2,1716.96,3,1,1,311,New / Promising
d8b7ac82-bb70-495e-b5cd-efae8a4d1e4a,295,9,9305.06,1,3,4,134,At Risk
d8bf1b79-7514-4c15-9b4f-d912facede35,192,6,2052.72,1,2,2,122,Low Engagement
d8c16bed-2f10-4e21-ab0d-baf3b85cf3a9,33,5,1864.19,4,2,1,421,New / Promising
d8d026d6-15b6-4503-908e-4918a19d1062,388,13,10075.57,1,4,4,144,At Risk
d8d1a38b-38e3-49b3-821a-b0d49aca3c9c,100,8,3996.89,2,3,2,232,At Risk
d8d35a24-d4db-4656-a060-fb272535a2c6,103,5,3556.07,2,2,2,222,Low Engagement
d8d480af-cb8e-48fb-973c-850dc53c225f,262,4,3391.27,1,2,2,122,Low Engagement
d9137e2d-57bc-4f89-96e2-429a1219e6ba,66,3,896.78,3,1,1,311,New / Promising
d9150a23-7bd4-498a-9d82-b57357eb36c1,470,1,545.48,1,1,1,111,Low Engagement
d917fc8b-f3ae-44db-811c-7151a9ddd7ac,3,4,2958.73,4,2,2,422,New / Promising
d9206188-5ffe-4b77-b62d-52d4cc58bb8a,114,10,7860.87,2,3,3,233,At Risk
d9318fe2-fc14-411e-89be-01cada52aa65,183,8,6301.54,1,3,3,133,At Risk
d941eac2-263f-4084-b67d-d10e83acea8d,34,7,3965.54,4,3,2,432,Low Engagement
d94222b4-774d-4463-9f13-0b9f2b7c3716,11,16,13706.25,4,4,4,444,High Value / Loyal
d94436d1-cb12-4975-8e7a-df4049c9d26b,71,6,1153.29,3,2,1,321,New / Promising
d9528615-8815-4f4c-9327-aaa6d0ad6e0f,46,1,520.11,4,1,1,411,New / Promising
d95f89b0-5fa4-4572-90c7-bcd83c9f7e59,53,4,659.84,3,2,1,321,New / Promising
d95ff351-7917-489e-bb2a-d8f073192e4d,95,9,9616.72,2,3,4,234,At Risk
d98b8def-e767-4eb6-8a67-0e85cf20552f,205,4,2118.99,1,2,2,122,Low Engagement
d9a2c0ba-45e8-4910-9c80-b64f36450a6d,20,21,16131.35,4,4,4,444,High Value / Loyal
d9a57c18-73f2-4a6e-adc6-0779bd657b51,8,6,6784.71,4,2,3,423,New / Promising
d9b5dfbb-7b63-4900-b91a-52c9caa0c0bf,95,1,500.32,2,1,1,211,Low Engagement
d9b93762-6b9b-469e-aa2e-de639bfba5a4,37,2,624.85,4,1,1,411,New / Promising
d9da8e19-7a1c-47bc-8b87-bcd69ed7b6ce,13,13,24103.01,4,4,4,444,High Value / Loyal
d9e3145c-4181-4bed-8b52-e648ba850eb5,68,1,199.48,3,1,1,311,New / Promising
d9ef2ffe-3526-4e62-8e16-77a0e87feace,136,2,2206.43,2,1,2,212,Low Engagement
d9f18f59-57f0-4c9c-bc54-75dfdeb2c311,71,14,10268.66,3,4,4,344,High Value / Loyal
da3de944-ad69-4f8d-a8c2-b0df454e4c03,65,1,465.58,3,1,1,311,New / Promising
da45fbca-7e0b-46ac-879a-05f37c79ed12,11,15,10589.25,4,4,4,444,High Value / Loyal
da47b853-65d4-447e-bcba-f660525a57dc,33,10,5453.35,4,3,3,433,High Value / Loyal
da5deed3-b5a7-4096-a4a1-8c4d5c64d88e,19,7,6057.6,4,3,3,433,High Value / Loyal
da5f8816-8959-455b-8787-b370200d593a,101,13,45948.83,2,4,4,244,At Risk
da5fe9c5-7d82-47ba-9c7c-0638f2d0c7c9,84,7,2377.3,3,3,2,332,Low Engagement
da6ca7e8-9d3a-4461-8687-60fa3e892c13,96,4,1586.54,2,2,1,221,Low Engagement
da794491-dd04-4d40-9e54-2d8f8b530fb3,93,4,1573.22,2,2,1,221,Low Engagement
da8d9905-b2d3-4cdf-811e-5f67b918d826,89,15,8267.45,2,4,4,244,At Risk
da9d9e65-1998-481d-8fae-d3e45a1fc12f,32,5,4132.98,4,2,2,422,New / Promising
daa44bd6-86e0-4b02-9ed8-535801586231,29,4,1218.54,4,2,1,421,New / Promising
dac7242a-d201-4cc3-9b36-713e223fe71e,34,3,2147.08,4,1,2,412,New / Promising
dacf35b7-0fd7-4e08-9af8-42ec1617a2d3,103,2,915.66,2,1,1,211,Low Engagement
dae4dd49-0ac4-4444-b14f-e61d58480396,50,4,2601.18,3,2,2,322,New / Promising
dafd9a0c-c7c3-4f46-845b-05bd62154f24,30,10,4556.33,4,3,3,433,High Value / Loyal
daffb1f9-2ea4-49f8-b48a-170cd3c7900a,156,1,83.46,2,1,1,211,Low Engagement
db0cc3ca-9b59-4d51-a8e3-6e5c2738b5d2,60,9,12303.03,3,3,4,334,High Value / Loyal
db2b660c-87b7-430e-98ee-10c401d0fc3a,216,4,3736.49,1,2,2,122,Low Engagement
db3717f3-6990-496f-98ce-0ecda9cfd6bf,4,2,925.93,4,1,1,411,New / Promising
db4daf3c-dc05-4141-8718-d390d0a5f204,50,3,832.95,3,1,1,311,New / Promising
db6a72f6-541b-412d-a711-a87bc5c4223d,368,8,8865.01,1,3,4,134,At Risk
db7f08aa-4762-4547-9f7d-04f58a9d6444,562,4,2754.54,1,2,2,122,Low Engagement
dbbd8289-749a-4c7c-8ed4-8c69909999e8,63,8,5737.29,3,3,3,333,High Value / Loyal
dbc2da5e-e61a-4317-83a1-6693e8f8f4cb,52,9,6738.46,3,3,3,333,High Value / Loyal
dbc53761-4aba-42ec-9f34-2b16807ad360,3,8,2840.51,4,3,2,432,Low Engagement
dbccf64a-6bf0-4de2-adc9-9e72f6b2b8de,130,8,5712.63,2,3,3,233,At Risk
dbe804fb-4056-49d9-9f7e-2f96f3a873d7,82,14,13745.78,3,4,4,344,High Value / Loyal
dbe89afe-7080-4044-b2b5-bdfec4e9d3bf,80,5,3231.71,3,2,2,322,New / Promising
dbe9d314-048b-4804-93d5-58ad87f6c6c5,155,7,3924.53,2,3,2,232,At Risk
dbf056eb-e4f1-401d-943f-c090ff0857d3,110,7,4489.56,2,3,2,232,At Risk
dc02813b-5a4e-4556-ac0e-dac9def1f9b8,17,16,16665.02,4,4,4,444,High Value / Loyal
dc0b9577-01c9-4afc-bafe-24ea944f8672,351,2,2047.18,1,1,2,112,Low Engagement
dc11d6e0-f44d-4b60-a8db-0c8c785165f2,25,1,1649.38,4,1,1,411,New / Promising
dc194546-de45-41fa-9813-6d9403140a64,107,3,2803.99,2,1,2,212,Low Engagement
dc3bef38-814f-4aa1-a9aa-e806ec51c408,315,19,13313.84,1,4,4,144,At Risk
dc46a263-7457-4572-a9d8-5eaaa2284b96,313,4,2396.56,1,2,2,122,Low Engagement
dc56ce42-5d56-4aa9-84fc-3efdf804ef21,466,6,2153.91,1,2,2,122,Low Engagement
dc613206-b470-492e-b156-29c183c6de44,42,16,7033.53,4,4,3,443,High Value / Loyal
dc63a831-e571-4032-a2e9-1e1abf21834b,408,7,5415.83,1,3,3,133,At Risk
dc740850-6f5b-4106-bea9-1969cf7a34b3,308,8,16907.03,1,3,4,134,At Risk
dca68c87-a59e-4be8-95c4-65100b36794a,69,2,1809.83,3,1,1,311,New / Promising
dcbe76ba-ad8f-4a37-b3bd-7905dbd3f96e,85,3,1420.19,3,1,1,311,New / Promising
dcd65804-b879-445c-be43-38bbc46e7eb0,237,4,2022.19,1,2,1,121,Low Engagement
dcdb6180-6f27-4ddd-acd4-74f8c3d15972,140,10,9053.59,2,3,4,234,At Risk
dce7c4a4-f504-4113-b449-6614db97b105,103,6,2454.81,2,2,2,222,Low Engagement
dceb8c55-4fe7-44f7-87d6-5de69b2fd0ff,10,3,514.61,4,1,1,411,New / Promising
dd07ba41-f07a-428e-89f6-432e7e5f7f40,54,4,6984.05,3,2,3,323,New / Promising
dd07ec86-c8f7-442c-975f-722648fe01b5,27,2,1776.09,4,1,1,411,New / Promising
dd0f406f-fb31-4d7c-b3ed-c59f45bf8f96,95,10,5652.52,2,3,3,233,At Risk
dd26fa50-0e39-4ca6-9571-b3ce43855b52,179,6,7068.71,2,2,3,223,Low Engagement
dd365803-fae8-45d8-b7d5-a2132ade5713,72,2,2104.4,3,1,2,312,New / Promising
dd41027a-cd8b-494a-b706-12707db924cd,24,7,3402.99,4,3,2,432,Low Engagement
dd54c88b-1da7-4b03-a91f-d754e0b803f9,63,3,1447.82,3,1,1,311,New / Promising
dd7f21d5-9f12-433c-9fab-a05541fdd4fb,23,2,386.5,4,1,1,411,New / Promising
dd988ab4-6efa-41ca-9820-449c5fcf476a,240,4,4011.6,1,2,2,122,Low Engagement
dd9e9b85-a4f6-450f-a63e-dcd26e488b22,137,4,75297,2,2,4,224,Low Engagement
dda126c9-8ae2-475b-b1bf-a34790d7e75b,16,5,4854.84,4,2,3,423,New / Promising
ddb49342-b181-41e2-bdae-99d2dcb3e7c0,254,1,912.72,1,1,1,111,Low Engagement
ddcbd13d-7fa1-4858-9a12-68f795b3996e,86,3,1083.77,3,1,1,311,New / Promising
dde6c142-0ef8-423f-baa8-ec18e004d376,114,4,2531.55,2,2,2,222,Low Engagement
dde8004d-4a47-407f-bccb-0c53ef4deb72,65,3,2550.47,3,1,2,312,New / Promising
de1db992-aed1-464f-9d8d-9b7121b7dc0a,19,8,5532.4,4,3,3,433,High Value / Loyal
de20e760-c392-42e7-9c4a-ac07fe117834,3,1,1140.14,4,1,1,411,New / Promising
de244a47-61ba-44c0-97c1-297987d75fb2,14,12,7415.97,4,4,3,443,High Value / Loyal
de28ea9f-1402-428d-a3df-bdd25a7096d6,137,5,2739.06,2,2,2,222,Low Engagement
de2ed67c-89bc-4d87-ac9c-95fe2627f65b,183,10,15242.95,1,3,4,134,At Risk
de4b2497-46bb-4130-9cd6-f571e9f2fb65,4,7,7932.08,4,3,3,433,High Value / Loyal
de936d66-ac22-4724-9a40-93e3c77fa2af,58,10,10815.46,3,3,4,334,High Value / Loyal
de992ab5-12a0-484a-ad53-f16323c77bce,62,5,4343.24,3,2,2,322,New / Promising
deb57386-034e-47f0-aa5c-3857c2d687de,86,10,7243.53,3,3,3,333,High Value / Loyal
debf2cb9-b3d1-406e-8c8f-408ee812dde3,81,7,6021.24,3,3,3,333,High Value / Loyal
dec1bfd5-2185-42bf-827f-0182b50c5107,3,9,3980.47,4,3,2,432,Low Engagement
ded29938-56a7-43d2-8dac-8c708507ebd4,39,1,581.32,4,1,1,411,New / Promising
def8b26f-edae-49bc-acb5-66636b05504c,97,12,7511.13,2,4,3,243,At Risk
df0c619d-cfd4-4ec4-8cec-4509eb4a06bf,226,14,12394.05,1,4,4,144,At Risk
df0c8a8f-1b03-4fc5-8ce3-89999f946fc0,463,3,1359.98,1,1,1,111,Low Engagement
df14d463-8923-4c7a-9c28-70cb9910ed87,39,3,5403.69,4,1,3,413,New / Promising
df1d8d34-ed84-469c-8a76-ada804ee8926,380,4,9732.38,1,2,4,124,Low Engagement
df1ee9f7-8cff-44eb-bed2-a99c5c2a4870,428,9,13822.31,1,3,4,134,At Risk
df3b5178-2021-423a-8899-0cb0ca998a97,134,13,8749.44,2,4,4,244,At Risk
df42434d-f2d4-4a7f-8345-cd038950ff1b,191,10,7216.66,1,3,3,133,At Risk
df498b0d-b595-4ca7-b245-df19dc03224f,46,14,6550.54,4,4,3,443,High Value / Loyal
df6c2e21-e09f-4f83-af90-a99cdf15c15f,60,2,1996.86,3,1,1,311,New / Promising
df95f77e-d3a9-4a35-ab91-377bf86d8d46,149,4,1560.09,2,2,1,221,Low Engagement
df98097a-79af-441d-a91e-8e1a8338dbd3,121,1,184.23,2,1,1,211,Low Engagement
dfa9aa69-19bd-4fe2-9a5b-bcfd9e0766bb,220,7,4630.01,1,3,3,133,At Risk
dfd72bac-c853-4962-82fc-17862afa3788,180,4,2978.66,2,2,2,222,Low Engagement
dfe35e02-b536-488c-9432-fb2faf5fd8b8,108,11,8121.38,2,4,4,244,At Risk
dff272ef-f882-47a3-8658-e162b4e8f503,76,1,518.47,3,1,1,311,New / Promising
e0042336-813a-4671-b9a3-3c18f189a70a,123,4,4599.86,2,2,3,223,Low Engagement
e004fc83-58ed-40bb-92e5-0c3e2834ece0,63,3,4327.32,3,1,2,312,New / Promising
e00ffdb3-01cf-464c-9b23-7dfe1807033d,95,3,2058.1,2,1,2,212,Low Engagement
e01ef773-74ee-4179-86e5-4daf057df14e,122,6,3856.11,2,2,2,222,Low Engagement
e0272940-b611-483c-8e68-329f410dafe8,34,8,3160.13,4,3,2,432,Low Engagement
e02d0c81-ee42-4f9b-8953-7bfb5926087a,174,1,206.9,2,1,1,211,Low Engagement
e03ec741-3de6-4f67-a02d-cf7b3fc8ff89,66,4,4278.45,3,2,2,322,New / Promising
e0403831-ca5e-425d-a2f3-cee69c3f24cc,181,12,7198.78,1,4,3,143,At Risk
e0464b5f-5d5f-4451-872d-641f003bae1d,87,17,15830.69,3,4,4,344,High Value / Loyal
e049f5d1-bb8e-43fe-926a-06ed322361b1,47,4,1277.83,4,2,1,421,New / Promising
e04b36ce-29d5-471b-ad8c-c9476d60bcb0,68,15,15851.63,3,4,4,344,High Value / Loyal
e04eecd8-5f84-4ff4-a2f3-4fc54d970a5e,31,15,12803.86,4,4,4,444,High Value / Loyal
e055c534-0530-4b6d-9452-dc0f69f6f4fe,36,1,121.1,4,1,1,411,New / Promising
e058a5e6-39ed-4f34-b7ee-f38f8a2ca160,7,13,11708.99,4,4,4,444,High Value / Loyal
e061b9cf-b819-4647-be7e-ff8d9ab99138,38,10,6889.67,4,3,3,433,High Value / Loyal
e0688188-5fb7-46b1-89cc-1e3ee0ead42e,125,2,3928.76,2,1,2,212,Low Engagement
e06b64e2-6b31-4d3c-85c6-b918683ae86f,109,1,2272.59,2,1,2,212,Low Engagement
e0769c44-858e-4fc6-b578-73a742146f1f,83,5,2419.55,3,2,2,322,New / Promising
e07c16e5-4204-470f-9a28-e8edb352079f,506,3,1880.57,1,1,1,111,Low Engagement
e083558c-c17e-42c1-b5a0-d81dd6bf9f04,41,5,4867.65,4,2,3,423,New / Promising
e0894729-0473-4017-8b1e-98c82ecbad0a,76,7,3430.45,3,3,2,332,Low Engagement
e091f901-b508-4287-b7a5-569fd35fe02b,85,12,13880.62,3,4,4,344,High Value / Loyal
e09c619b-f8b0-4f81-9963-a0c5f394ec44,30,6,729.32,4,2,1,421,New / Promising
e0a94b1c-14e5-42c5-a950-69d6737b36b5,19,12,7509.61,4,4,3,443,High Value / Loyal
e0add1b7-cb23-45a8-8108-83597f25b235,362,3,3568.37,1,1,2,112,Low Engagement
e0aec0f1-09b7-4e51-b1e6-3b3563a5da34,20,6,5828.25,4,2,3,423,New / Promising
e0b2a62d-3912-45ab-b877-8433a20c6bf4,143,1,2335.66,2,1,2,212,Low Engagement
e0fd83c3-f047-4612-ac40-ae839b790549,74,3,1169.58,3,1,1,311,New / Promising
e103b6ea-943f-430b-b0ac-6af0ff6665b8,43,9,6247.85,4,3,3,433,High Value / Loyal
e11adab9-e45f-46ba-b4fc-1b94e7ebdb4c,38,5,4184.81,4,2,2,422,New / Promising
e11c8a0d-4fb5-401b-9e02-d4ec5918d6b5,133,2,706.65,2,1,1,211,Low Engagement
e150565c-1539-4f42-9833-ae49270b2ab9,171,10,5500.05,2,3,3,233,At Risk
e17688ec-10b2-4b1c-9742-ad8cb3c1cfa5,2,5,3930.64,4,2,2,422,New / Promising
e177ce3a-d6ec-4da9-9991-347ff5350d6b,251,12,10518.95,1,4,4,144,At Risk
e18181d0-52a5-4870-af45-17aac1556ab6,438,4,5186.1,1,2,3,123,Low Engagement
e18abfdc-bbd6-415a-9941-b3c9fc0ee0aa,62,8,3994.49,3,3,2,332,Low Engagement
e195bffe-d5b8-41ae-855b-7a23c7addb62,56,8,3527.42,3,3,2,332,Low Engagement
e19c50bb-b7e1-441b-a0c9-82bb3950585a,500,3,2696.18,1,1,2,112,Low Engagement
e1a8a503-a481-4e16-adb7-44aa003dd064,27,4,2166.17,4,2,2,422,New / Promising
e1d30d90-f6e5-439d-9bec-2b2287663015,92,7,4855.5,2,3,3,233,At Risk
e1f3321e-05e3-43a0-ba1c-7a30ea5361af,179,1,662.81,2,1,1,211,Low Engagement
e1ffa611-d94f-495b-88cb-c403cb6e72a0,20,3,629.31,4,1,1,411,New / Promising
e200e040-a8ad-4662-b729-3c166f3313b4,193,11,9245.29,1,4,4,144,At Risk
e2050a23-b48a-4bfc-af1b-f5997238ef07,55,9,5388.28,3,3,3,333,High Value / Loyal
e2092e99-e5b9-4d39-9f0c-d2abd4a2ade0,49,10,6725.62,4,3,3,433,High Value / Loyal
e2145dd1-eb70-4688-ac07-a2bcce41cdd0,73,11,9204.59,3,4,4,344,High Value / Loyal
e2275f6f-253e-44eb-b361-2874bc7c0e4e,63,3,3205.62,3,1,2,312,New / Promising
e22a7771-562b-4d6a-a255-cd46330ac39d,2,12,9555.28,4,4,4,444,High Value / Loyal
e22be3ab-c55d-49fe-9b2a-2e35bea0ec43,96,3,903.84,2,1,1,211,Low Engagement
e22cd1aa-f577-4919-a60b-06b95c4d7fed,23,11,9899.43,4,4,4,444,High Value / Loyal
e238d1f1-45db-4e28-8729-82c4fe2d47b5,98,2,1010.58,2,1,1,211,Low Engagement
e2582b81-a0bb-48ef-b5c0-ad2daa871228,7,8,5347.14,4,3,3,433,High Value / Loyal
e2621eca-3c9e-4a38-85a6-ac7268b49a65,286,5,3507.8,1,2,2,122,Low Engagement
e2651a14-5b32-42eb-834c-531790a46d59,399,2,777.06,1,1,1,111,Low Engagement
e26d5cb8-1589-4f44-b68f-b0aaf7b1d3ca,1,5,5053.25,4,2,3,423,New / Promising
e2871461-f00a-4dc6-a2a5-e67afce1de25,613,7,3738.53,1,3,2,132,At Risk
e29d4ad9-be16-4a60-8adb-236be5a5e432,89,5,5299.05,2,2,3,223,Low Engagement
e2c28237-d43f-4cd6-b2be-364ba71a9605,86,2,398.76,3,1,1,311,New / Promising
e2c43257-391e-4598-b103-42f9b0d90476,214,6,6010.19,1,2,3,123,Low Engagement
e2ce393a-dcf8-4631-af36-41ec14d9f332,85,8,61303.93,3,3,4,334,High Value / Loyal
e2d05bf5-0103-4196-bd67-d3dcaf0adc37,39,5,16670.41,4,2,4,424,New / Promising
e3047f81-587f-4f93-af27-11353692d40d,85,19,8733.15,3,4,4,344,High Value / Loyal
e30be336-0d37-458f-bd41-17e7348ff48b,68,13,10951.93,3,4,4,344,High Value / Loyal
e313e063-c456-4a5a-80a6-6d1c4bfd8124,79,10,4698.79,3,3,3,333,High Value / Loyal
e320e880-8012-4eaa-a8ad-d0a2e319a9ef,58,13,9867.13,3,4,4,344,High Value / Loyal
e33415f6-e994-481b-bae2-96d434c8664d,239,7,3492.87,1,3,2,132,At Risk
e3356e88-2c28-4a09-b542-4b1de679f231,100,2,973.34,2,1,1,211,Low Engagement
e3520dcf-b914-4980-98a7-ee3651d9de18,46,14,14861.82,4,4,4,444,High Value / Loyal
e36237ec-1fa8-41dd-be5d-13c9dd4cdf66,60,1,135.24,3,1,1,311,New / Promising
e3638f74-8eed-45d1-b3f3-28f234d40304,231,1,1690.84,1,1,1,111,Low Engagement
e3653964-e638-4080-861d-22d01ac8660a,88,1,893.74,3,1,1,311,New / Promising
e3705cf8-2bb3-4e89-8178-0aa3ef40dae3,12,12,8848.05,4,4,4,444,High Value / Loyal
e39d4507-4be9-41e6-9b19-6b1513250950,331,8,15858.92,1,3,4,134,At Risk
e3a14725-c593-4e5c-a681-2b5959056d0e,46,3,1116.52,4,1,1,411,New / Promising
e3b876d1-7822-4176-ba5d-d1c473933acc,29,12,8443.24,4,4,4,444,High Value / Loyal
e3fd73d5-00f3-4992-bae9-1b99df89f9f6,333,1,230.48,1,1,1,111,Low Engagement
e40340e5-31a5-4502-89e4-9c5042a1fe75,17,5,5811.59,4,2,3,423,New / Promising
e406cfa0-423f-4f16-a157-9708c7bd21a2,98,7,1444.44,2,3,1,231,At Risk
e4080f8a-c807-420d-869f-78311393abbc,10,10,8797.86,4,3,4,434,High Value / Loyal
e415b8f1-3b99-4f34-89da-e8f8e4e90404,41,20,8117.97,4,4,4,444,High Value / Loyal
e44e64b0-a974-4e62-a1eb-72d7d1b3cb6c,185,9,5372.94,1,3,3,133,At Risk
e4628fbc-4147-4348-be9e-503c98e7ac66,73,6,4475.72,3,2,2,322,New / Promising
e46e6944-ba62-4331-a0c6-6f03671d99b0,27,7,5095.33,4,3,3,433,High Value / Loyal
e46ed880-0d12-491c-be35-3d3e4891f602,36,12,7069.29,4,4,3,443,High Value / Loyal
e475f185-0905-4557-aa9d-340e5fcfc110,1041,2,343.24,1,1,1,111,Low Engagement
e483e23b-e8c6-40ed-b37d-22794b0b9806,65,4,1369.57,3,2,1,321,New / Promising
e4840e54-4068-4990-826b-854655bb28de,108,10,4271.37,2,3,2,232,At Risk
e48dd26a-8b8e-4270-a901-25134a0f046e,147,4,4161.49,2,2,2,222,Low Engagement
e49a6ab8-61c6-4f43-8594-bab62441adc0,166,2,441.7,2,1,1,211,Low Engagement
e49e9354-98a3-44a6-8f75-50cbfbe002e0,354,4,1697.4,1,2,1,121,Low Engagement
e4a4b59c-9d8e-4c95-b817-15d3583d29b1,91,3,2165.11,2,1,2,212,Low Engagement
e4be56bf-5e72-4336-9a50-aae71aa47603,141,9,5495.14,2,3,3,233,At Risk
e4f80462-abd1-4623-ac39-0fe7f123a6a3,112,1,108.7,2,1,1,211,Low Engagement
e5249c67-3787-4ee6-ac59-f8d74639244b,228,8,3605.29,1,3,2,132,At Risk
e52ed57e-6e22-4b39-b20f-97e28956db18,52,1,147.98,3,1,1,311,New / Promising
e5458131-f547-40df-a09d-27bf0f6fa3de,50,7,2314.93,3,3,2,332,Low Engagement
e5492610-f897-4cac-8008-333eea2a8c82,148,1,616.14,2,1,1,211,Low Engagement
e54d93de-fff3-43d8-844b-b9475b4680f7,59,4,4854.85,3,2,3,323,New / Promising
e568e4c8-e8d8-4660-b84e-9624a3fa823c,63,8,5257.28,3,3,3,333,High Value / Loyal
e573f258-4b4c-4bab-a3f9-709b6301b133,167,13,16297.12,2,4,4,244,At Risk
e57f14e1-032d-47da-86d8-9a0011110fa9,76,12,8382.76,3,4,4,344,High Value / Loyal
e587fbed-6bb3-4072-8cf7-30d58393c26e,76,1,214.36,3,1,1,311,New / Promising
e58bd6dc-e4d8-401f-b2f1-9beefc10c020,179,14,11802.46,2,4,4,244,At Risk
e5929507-9c42-4477-a1c1-ae5470ce864a,28,4,2506.92,4,2,2,422,New / Promising
e596e7cd-d665-48f2-bf17-6558c0f05642,32,8,6337.85,4,3,3,433,High Value / Loyal
e59955d8-d6b7-403e-a22e-29c458fd8a07,112,1,98.31,2,1,1,211,Low Engagement
e59f3361-b29d-4071-88d8-ea0429494699,50,5,980.46,3,2,1,321,New / Promising
e5a1f638-ab62-4848-b50b-074713573f20,140,7,5958.96,2,3,3,233,At Risk
e5aa8b37-083c-4328-b247-f058fd5519f6,133,4,2434.94,2,2,2,222,Low Engagement
e5de7461-381a-4ea5-a610-8370676bf364,22,2,1241.07,4,1,1,411,New / Promising
e5e1430e-f954-496b-a7dd-bb4df14cdd9a,447,6,10803.18,1,2,4,124,Low Engagement
e5ee1343-cd96-4543-b490-ee3d6d1b585b,160,10,4568.85,2,3,3,233,At Risk
e5f85301-7491-43c6-aec2-4dc1bac45d22,46,6,4911.77,4,2,3,423,New / Promising
e6039bef-d72d-42eb-8766-8ad1e5b7a73b,44,10,7306.27,4,3,3,433,High Value / Loyal
e60bb79a-ad70-4070-b3c4-728f7c330606,202,11,5220.73,1,4,3,143,At Risk
e6170fb4-b1aa-45e9-b122-e6bac45977de,58,8,7878.34,3,3,3,333,High Value / Loyal
e61a9e29-a450-49d1-8954-9719ffcddf5c,111,5,3156.99,2,2,2,222,Low Engagement
e61c1e1e-f0a4-401b-af09-27ec2df55a5a,357,4,2731.76,1,2,2,122,Low Engagement
e627b49a-8cc1-4626-8deb-b0d51e26ef81,34,7,8183.4,4,3,4,434,High Value / Loyal
e645c81f-4df4-4098-9d99-a576a45e71c6,660,6,4860.68,1,2,3,123,Low Engagement
e65feeda-b1e5-4bdd-ae92-8249b17ab914,89,15,7802.79,2,4,3,243,At Risk
e66c99ef-8c27-449d-baf3-148dd1d258c7,91,9,7428.44,2,3,3,233,At Risk
e677af85-9005-4805-9bd0-76a436fea40a,98,5,4071.47,2,2,2,222,Low Engagement
e67a89a1-b9ce-481f-bf87-cb93fb5fd8c8,201,9,6303.89,1,3,3,133,At Risk
e6957022-5f19-46f8-b08c-e85d7517adff,53,1,1709.13,3,1,1,311,New / Promising
e6bacf9c-808d-4d75-9744-1b3d5bca7ac8,27,11,11401.92,4,4,4,444,High Value / Loyal
e6c91d52-8640-45b1-9ff1-606ebeb50b9b,165,12,5928.89,2,4,3,243,At Risk
e6ee5518-dc25-48e8-83ce-a038143a8724,72,7,3176.49,3,3,2,332,Low Engagement
e6f916da-382a-4eac-ad3a-e2635b307350,180,1,2310.28,2,1,2,212,Low Engagement
e70d7412-fc0e-4d4d-96bf-d0e89e7dfae0,54,3,3847.73,3,1,2,312,New / Promising
e72215b6-bc5d-4dda-b757-c57e1a46791d,146,3,1499.38,2,1,1,211,Low Engagement
e7352d18-5b63-4372-96c6-a3a3fb91bf01,614,8,8555.38,1,3,4,134,At Risk
e73a42fa-899b-4209-ad9e-d5150fb8b513,38,9,7474.93,4,3,3,433,High Value / Loyal
e73d1c18-0d9e-4de9-b303-58c2cdd31cce,51,4,6248.86,3,2,3,323,New / Promising
e74cbaf5-276c-4d5f-bfc5-65c49d245b5c,217,3,2407.86,1,1,2,112,Low Engagement
e7955426-b8fe-4e0c-b8ee-dbe8621bd1b7,13,12,6204.02,4,4,3,443,High Value / Loyal
e79697c7-4d33-49b9-8ec9-3a883f3b6733,0,15,17071.77,4,4,4,444,High Value / Loyal
e7973888-751e-40c8-9981-5f6660141c81,139,7,3333.78,2,3,2,232,At Risk
e799521c-6483-4190-acfd-7180c44a91df,202,4,2269.31,1,2,2,122,Low Engagement
e7c7eb06-f95a-4494-9989-0f2ddd0dd25e,88,12,11603.17,3,4,4,344,High Value / Loyal
e7cca35e-cad1-4f4a-86ee-22c780274dfc,179,3,553.25,2,1,1,211,Low Engagement
e7eecdfb-8105-4e65-a7a4-4a828ce5540a,79,4,3367.11,3,2,2,322,New / Promising
e7f95edb-ff1b-4afe-9417-a45ee2698787,13,8,9427.94,4,3,4,434,High Value / Loyal
e800e112-89fb-4c0f-96e1-13df62a0987e,96,22,18579.23,2,4,4,244,At Risk
e806a7b7-2f2c-4e79-99f6-b8eb12c13520,28,4,3545.23,4,2,2,422,New / Promising
e80855eb-02d5-4ce7-b611-64cab371e836,171,7,5248.47,2,3,3,233,At Risk
e8115966-a286-4e9a-994b-9512e4ec6e3c,38,4,1222.11,4,2,1,421,New / Promising
e81cf0a9-f3bb-4249-9d1b-7d91f9f3fc8d,37,3,23583.7,4,1,4,414,New / Promising
e8253080-7f28-4b73-89dd-7c5a69c7b015,177,3,5570.42,2,1,3,213,Low Engagement
e8359da9-2edd-435b-9642-5f08a8038ead,25,11,14060.64,4,4,4,444,High Value / Loyal
e840f523-00d2-464d-9e31-110afdb3c35a,8,2,3169.89,4,1,2,412,New / Promising
e845dcdd-e44b-4021-93b3-fcce7704fb50,283,2,2469.39,1,1,2,112,Low Engagement
e846e12a-7ae9-4f68-ba1f-bba66bdbf717,93,5,4229.13,2,2,2,222,Low Engagement
e84b0fc6-ed92-4226-be77-98973f1597d1,9,6,1542.54,4,2,1,421,New / Promising
e864e3f3-a61e-4c8e-898c-8bd20afc06a1,15,12,6994.52,4,4,3,443,High Value / Loyal
e86f8814-00f8-42f0-89d2-fd2d4163170b,22,6,3909.41,4,2,2,422,New / Promising
e878a8b5-55f9-45d4-a4de-9c93dd07aa26,18,8,3299.58,4,3,2,432,Low Engagement
e87e97d9-c8e4-48cc-91cb-0288a5bc58ae,18,14,11108.33,4,4,4,444,High Value / Loyal
e8884db5-2815-4f8e-be3d-78ccef639d28,318,10,10830.75,1,3,4,134,At Risk
e8957f16-b13a-4d5e-9583-e1b2b67dcf1b,205,1,689.22,1,1,1,111,Low Engagement
e8aa2256-69c1-4338-856d-3dd16a71a5c6,48,9,9771.61,4,3,4,434,High Value / Loyal
e8b07dd4-24d7-43df-8b07-b83aa2eca8df,37,6,7034.77,4,2,3,423,New / Promising
e8bbbdf8-3c0f-4da9-91e4-2f954d6fe936,103,4,3159.93,2,2,2,222,Low Engagement
e8bf52e9-923d-4fbd-9068-7990b40f7976,980,4,1880.44,1,2,1,121,Low Engagement
e8c50f53-304f-4913-87d0-4303c3a950ff,30,16,5784.3,4,4,3,443,High Value / Loyal
e8cd1d6c-d852-4de4-8801-584303a16154,57,6,3750.38,3,2,2,322,New / Promising
e8eadaa4-5f1e-4e85-808e-54e9928cff0a,20,10,9744.78,4,3,4,434,High Value / Loyal
e8f0d646-a384-429b-99fd-f99218186a46,83,13,3952.18,3,4,2,342,Low Engagement
e8f81039-311f-487d-a48a-d6eabaf1d626,95,4,4389.4,2,2,2,222,Low Engagement
e8ff445b-a224-4a63-9c09-0e843a5bc3d1,127,2,854.94,2,1,1,211,Low Engagement
e90fef19-f6a0-4d36-a658-272724c1a9cb,116,7,4549.79,2,3,2,232,At Risk
e910db90-41b6-4095-9346-0c92774415d5,106,2,1622.8,2,1,1,211,Low Engagement
e916df3d-c3f5-40b0-8ae2-5d043be88300,130,14,8161.57,2,4,4,244,At Risk
e940f127-ed27-4020-a2b4-f388c9ebf62d,11,10,10416.13,4,3,4,434,High Value / Loyal
e95711d4-ed63-48be-a0d3-96bccdc38216,44,9,10269.76,4,3,4,434,High Value / Loyal
e9630713-ff04-4980-8e90-6b92b9d0253f,80,6,3383.16,3,2,2,322,New / Promising
e96fa4e9-4189-4ef0-9d81-8bab72b87321,36,8,1491.39,4,3,1,431,Low Engagement
e974841d-6980-4e25-82a4-bfb80e77422f,50,10,4376,3,3,2,332,Low Engagement
e9848049-323f-4f95-a26e-3cffc219d591,101,16,14069.46,2,4,4,244,At Risk
e9a21a12-6193-4379-997e-d84b828a3d16,376,4,8185.26,1,2,4,124,Low Engagement
e9a265db-a0eb-4956-8d90-649e97df4a89,59,11,10974.84,3,4,4,344,High Value / Loyal
e9a51451-f07a-4a7f-a87f-043f1ab575be,53,8,6546.47,3,3,3,333,High Value / Loyal
e9aea596-6d4a-4e71-b4aa-f3f65bc507aa,98,9,12894.79,2,3,4,234,At Risk
e9bc115f-9f34-459e-9190-ea177aa4681a,81,13,5243.67,3,4,3,343,High Value / Loyal
e9bd1176-329a-4737-9444-bfe8e8bd1dee,237,2,888.93,1,1,1,111,Low Engagement
e9c24dfc-a75c-4260-944f-04a6e5c97a70,3,8,5450.78,4,3,3,433,High Value / Loyal
e9c3c256-aec1-49fe-aea6-0e44320bf9e5,199,5,5051.26,1,2,3,123,Low Engagement
e9c73d6a-1242-4608-8567-e8ea2d8c153d,65,14,9961.85,3,4,4,344,High Value / Loyal
e9ca7267-be93-4deb-9e04-16dc13a8e675,68,4,3407.24,3,2,2,322,New / Promising
e9cb1fe4-4b96-4b01-82aa-236ea371f3ce,94,1,1344.42,2,1,1,211,Low Engagement
ea0ef53b-422f-46f3-96dc-a5c17c84b169,42,6,2762.63,4,2,2,422,New / Promising
ea11020a-5111-4b60-9c26-42dbe1be932f,64,6,6278.71,3,2,3,323,New / Promising
ea170d2c-9903-4c33-81de-cafa3d52b2cb,196,4,23310.69,1,2,4,124,Low Engagement
ea2307a0-f51b-46df-8db0-eea31ade3a25,67,7,3844.01,3,3,2,332,Low Engagement
ea2bd1b9-adf1-4f2d-8598-d07024cd0507,43,6,7266.99,4,2,3,423,New / Promising
ea313d9d-fb12-4e9f-831a-6243db68bdfb,61,12,12096.53,3,4,4,344,High Value / Loyal
ea50ab2d-5312-4c3c-9a47-d6177202a8b6,68,3,1799.98,3,1,1,311,New / Promising
ea573862-bee2-49a7-bec7-fe1ddbcf689c,101,14,11109.38,2,4,4,244,At Risk
ea57b8ca-30d7-4d97-9cb2-54ef4d631b75,89,3,1742.08,2,1,1,211,Low Engagement
ea5d124b-3266-4e05-9d5e-7ccc9451da91,393,2,621.32,1,1,1,111,Low Engagement
ea6aadf4-615f-471c-bc8a-41e0a0463eba,48,1,214.99,4,1,1,411,New / Promising
ea6d6623-3b28-416d-9230-ee0179db4731,72,3,1870.13,3,1,1,311,New / Promising
ea8234f7-3a75-4a35-9b6c-a06bb3f9b5b3,27,3,3451.07,4,1,2,412,New / Promising
ea877173-7a99-4680-a539-4f5e6a83cd93,22,1,441.1,4,1,1,411,New / Promising
ea991721-29fa-4dc9-a2c1-301b4309e81e,66,8,5054.67,3,3,3,333,High Value / Loyal
eaadb63d-4c7d-4a3c-a33e-e2b4aa6ea3b1,197,9,9759.79,1,3,4,134,At Risk
eaae912e-72cf-4abb-bdcd-0e15289d7679,190,7,6058.15,1,3,3,133,At Risk
eac35ba7-29f4-42c6-9814-bce255350d3c,21,2,1107.57,4,1,1,411,New / Promising
eac47fd0-390f-4761-b461-8317501cb266,504,3,1428.11,1,1,1,111,Low Engagement
eacd6ae4-c2be-4a94-9353-ef0f64a4ac7a,65,11,9728.71,3,4,4,344,High Value / Loyal
eacf4624-88d9-4aa9-8071-6e9d1bc87d68,50,12,8562.85,3,4,4,344,High Value / Loyal
eacfd584-a7ee-43dd-862d-141d6f2c2d26,91,13,10461.78,2,4,4,244,At Risk
eaf577ee-c276-45a8-8f1f-00cabad6f30a,13,1,458.85,4,1,1,411,New / Promising
eb1c550e-232a-49c8-88ce-16c66306a8c5,72,11,6585.67,3,4,3,343,High Value / Loyal
eb32c6a9-3ae6-4527-9140-1cd86d3fb694,34,2,642.19,4,1,1,411,New / Promising
eb349480-f785-4c36-9221-0af33609c3d6,87,5,3380.33,3,2,2,322,New / Promising
eb39cf0c-c48c-4920-87ea-e143ba0608ee,259,4,5737.88,1,2,3,123,Low Engagement
eb3ac84f-55a1-4ae5-a974-26dc3119bd63,193,4,1981.56,1,2,1,121,Low Engagement
eb544f90-2d29-4dd0-8301-c3b6c37f6983,83,2,1784.13,3,1,1,311,New / Promising
eb6b19a4-d67d-4114-9165-789346a44fdc,18,4,1508.06,4,2,1,421,New / Promising
eb8e3218-0715-4cb8-b3a4-c4f45768dca2,422,7,8487.12,1,3,4,134,At Risk
eb9042d2-47de-4d82-a631-cfa7935da275,110,3,2134.32,2,1,2,212,Low Engagement
eb9ecc62-bd9c-4f35-a264-7d908c151282,60,2,2259.77,3,1,2,312,New / Promising
ebbb77a6-097b-47bd-be07-9eda6b39fdd1,94,1,913.04,2,1,1,211,Low Engagement
ebcc39bd-ecf3-4018-bd18-052cf5e1b9ef,61,19,14956.31,3,4,4,344,High Value / Loyal
ebd05941-9529-4eb3-b079-4b8fd3b0432a,199,6,5756.78,1,2,3,123,Low Engagement
ebd1053c-9347-4cf4-9cc3-d96567393193,113,11,13002.52,2,4,4,244,At Risk
ebd7833e-64ea-4033-9cf7-2a755562b53e,120,1,35.53,2,1,1,211,Low Engagement
ebdbc361-3aa6-4db3-a053-11081bf09278,59,12,26426.51,3,4,4,344,High Value / Loyal
ebdd776d-da44-43ec-9d80-05cf777d6689,78,7,5144.16,3,3,3,333,High Value / Loyal
ec00e490-dc6e-42f4-bec5-e0914da26adb,88,7,3566.72,3,3,2,332,Low Engagement
ec017351-7be5-404f-aa66-99a22a266f46,219,4,2799.8,1,2,2,122,Low Engagement
ec1477a7-c9a0-42ab-bb53-c7fccb885900,344,6,5580.08,1,2,3,123,Low Engagement
ec1867f0-4ffe-42d5-83fc-bd6573c18502,205,10,5602.07,1,3,3,133,At Risk
ec1d88f0-9d63-4193-aab8-772dd3e081e2,172,2,728.53,2,1,1,211,Low Engagement
ec2ba1f5-f812-4760-8e2d-f0dfe46f84e4,305,2,55569.19,1,1,4,114,Low Engagement
ec2c0b87-6078-4d9a-859b-0d1f33e3431b,97,7,3304.55,2,3,2,232,At Risk
ec2e4b9c-7a46-4458-9130-f78c7e4cd4fb,2,2,2297.73,4,1,2,412,New / Promising
ec307ea2-7d11-4b2b-8c54-4a01c1d93c92,70,4,5031.92,3,2,3,323,New / Promising
ec3a4dc8-939d-46f0-88e9-8beb8443b72a,78,7,2077.79,3,3,2,332,Low Engagement
ec4bcc00-564e-4329-82c5-6196384e04a7,250,5,2750.14,1,2,2,122,Low Engagement
ec5a5621-6cc9-4047-b1d3-0050b446dbf8,7,4,4668.98,4,2,3,423,New / Promising
ec62cc3c-411c-4142-81ac-6962976d20d4,909,2,2971.69,1,1,2,112,Low Engagement
ec7e5a8e-a784-4a6c-961a-5764694997bd,109,6,1950.19,2,2,1,221,Low Engagement
ec90bbd4-a163-4b84-afee-48d35b7a16e8,101,4,4631.21,2,2,3,223,Low Engagement
ec95565d-6894-4b0f-8eae-9e460a90400a,184,4,5378.79,1,2,3,123,Low Engagement
eca0551d-19da-4c17-bd8b-35190c3fc3e4,185,13,9806.35,1,4,4,144,At Risk
eca45aa9-ec5d-466a-8724-236ab8ec988c,60,8,5452.46,3,3,3,333,High Value / Loyal
ecace16a-f3c7-4f8b-b103-406c5032b551,72,6,1882.49,3,2,1,321,New / Promising
ecc3fc38-40e7-4b8c-939b-a58f4a746b7e,22,4,3583.88,4,2,2,422,New / Promising
eccd26e0-5c7b-427e-8087-d559b127c199,45,6,1512.19,4,2,1,421,New / Promising
eccda202-cfa6-47b1-bf17-d920f2d2d1fb,102,7,6523.1,2,3,3,233,At Risk
ecd4351f-4946-49c0-a121-54f73f867059,151,2,1967.93,2,1,1,211,Low Engagement
ecd7bcc5-0542-490a-a4e4-f758a14bb8a6,61,8,5848.3,3,3,3,333,High Value / Loyal
ece0b962-ef30-4ca8-9ad5-c9ff34eb96cf,28,2,3974.25,4,1,2,412,New / Promising
ece4646b-d3ad-4fd3-b8e6-3f9ee4b15be1,6,10,6779.09,4,3,3,433,High Value / Loyal
eceab19b-4fe5-4a7f-98da-8e6e38d8f807,68,7,5876.4,3,3,3,333,High Value / Loyal
ecfee837-9b8c-49c2-b9bd-ce6d292926aa,75,10,8395.55,3,3,4,334,High Value / Loyal
ed05c72e-b599-4e69-bc19-6221275a4722,140,3,2068.28,2,1,2,212,Low Engagement
ed076325-c467-4a29-88fa-c2c4487e00b2,22,6,15757.73,4,2,4,424,New / Promising
ed3264e3-d357-4645-8e2f-4567d03b7d6c,167,1,292.11,2,1,1,211,Low Engagement
ed5605c3-6bab-4e21-a871-0021ee32d121,74,13,18014.75,3,4,4,344,High Value / Loyal
ed5c132c-0325-4cfe-829d-9683aa563c9b,55,5,4237.41,3,2,2,322,New / Promising
ed63374b-32c0-44d8-815c-25b506ec2fa5,13,7,3632.7,4,3,2,432,Low Engagement
ed661b37-a63d-4727-bb5a-91322a5189f4,50,8,5125.06,3,3,3,333,High Value / Loyal
ed72f1c7-6876-408b-a32a-f725c6e738a2,774,1,484.05,1,1,1,111,Low Engagement
ed756973-194c-4295-9f3c-826b124f338c,27,7,4866.85,4,3,3,433,High Value / Loyal
ed79d592-cde7-45bb-aed2-c056d77a939a,210,2,1248.73,1,1,1,111,Low Engagement
ed7ace89-408e-4da9-9382-50ec5fc44485,12,3,4585.03,4,1,3,413,New / Promising
ed7cb646-e409-480f-a673-99ff678eed3f,29,14,18356.64,4,4,4,444,High Value / Loyal
ed8dc0e4-731b-4665-8621-5b8fb8fa5250,190,7,6096.45,1,3,3,133,At Risk
eda76cf3-fd23-4b2a-b36a-678a16f43eae,80,5,7651.79,3,2,3,323,New / Promising
edb79dad-c76f-4c26-9ce4-af08c0d7d124,88,1,336.56,3,1,1,311,New / Promising
edc78c24-0f12-407b-a6d9-97aca3b83f6e,78,1,30.96,3,1,1,311,New / Promising
ede24645-b1cb-4d81-a71b-d19cb5de9722,12,3,2261.5,4,1,2,412,New / Promising
edef22ca-f1e2-4533-b384-4d9f80d2dc05,73,4,1018.17,3,2,1,321,New / Promising
ee030dfe-1ea6-45ed-bfe2-a0d856393779,207,6,9669.21,1,2,4,124,Low Engagement
ee081ac6-8838-4ee2-9318-d8e376b4288d,186,9,7492.45,1,3,3,133,At Risk
ee0e9368-11e4-467a-9f68-cce203fe24ea,73,9,15436.5,3,3,4,334,High Value / Loyal
ee123498-f0d8-4c1e-b2d7-c891cb948ace,45,1,19.28,4,1,1,411,New / Promising
ee28ed0f-7a10-41e0-9436-7a8e382b9e6d,55,2,899.61,3,1,1,311,New / Promising
ee2c9fa3-9856-4e53-9ae3-d9e145ad06cb,105,4,2959.44,2,2,2,222,Low Engagement
ee30c8d5-775c-403e-ac3c-d8ce947ed409,117,6,1840.83,2,2,1,221,Low Engagement
ee3eb814-d007-49c7-98e2-736b0064edc1,101,5,1864.83,2,2,1,221,Low Engagement
ee4424b1-db75-461b-a6c6-77599c2ff43f,471,5,1386.63,1,2,1,121,Low Engagement
ee4d66f8-63ee-498f-9fa9-c91f8c6028d2,236,1,262.04,1,1,1,111,Low Engagement
ee4fb368-1af7-4832-a633-a81d5292bd09,64,3,3280.87,3,1,2,312,New / Promising
ee50d7e9-3483-494f-841d-d156518f0acc,282,2,916.52,1,1,1,111,Low Engagement
ee5293c6-425d-437c-be95-117926213628,39,11,11326,4,4,4,444,High Value / Loyal
ee623900-05fa-4958-840a-8e36308213f6,125,15,8245.29,2,4,4,244,At Risk
ee69c4cb-0289-405c-877e-4da043e04cc0,189,19,25023.38,1,4,4,144,At Risk
ee6b050e-62b1-4b0a-9e3a-7760f8bb3833,185,2,250.53,1,1,1,111,Low Engagement
ee792c33-ff69-4d2d-af6c-301b06ac3d42,88,5,7107.59,3,2,3,323,New / Promising
ee81319a-a934-4884-937b-e1b883daef2f,47,7,5479.54,4,3,3,433,High Value / Loyal
ee9bf192-67ef-4135-aafe-75a45b738280,173,5,5139.71,2,2,3,223,Low Engagement
eeac6386-76dc-4c35-82cb-f24fe791d708,136,7,4622.59,2,3,3,233,At Risk
eec8b74a-a01d-478e-801f-df948a204b1d,5,5,6022.73,4,2,3,423,New / Promising
eecb8417-d926-48fa-9186-5a16b0a824bf,54,5,2506.1,3,2,2,322,New / Promising
eee3fcfe-26a9-432c-be00-9929e97506e6,168,11,8516.11,2,4,4,244,At Risk
eef3970c-6863-49b4-9f9b-ac6ffa817fef,40,19,16611.78,4,4,4,444,High Value / Loyal
ef0018fa-0627-41d6-aa30-ee0ddcc34512,365,1,148.34,1,1,1,111,Low Engagement
ef082b20-c308-4ba4-a9d1-62350d2e7a9f,27,7,5128.29,4,3,3,433,High Value / Loyal
ef166ba7-be19-450e-a9e8-d1652d12517d,577,1,596.44,1,1,1,111,Low Engagement
ef1988ba-017a-4ce5-8ab5-69fe2998dbc0,212,4,2484.9,1,2,2,122,Low Engagement
ef29a05a-16a9-4b96-a91a-aea833c60b7a,8,5,3380.63,4,2,2,422,New / Promising
ef3711a5-7e8b-434d-9c07-57b88878b084,5,7,6731.2,4,3,3,433,High Value / Loyal
ef51f637-cc38-457f-8e90-58224bdb69ae,139,1,1593.54,2,1,1,211,Low Engagement
ef7c2291-ee9e-43cb-99c3-59c9585ae9ea,37,17,15860,4,4,4,444,High Value / Loyal
ef7d453e-1f45-41ad-b179-58ee0f0e4b96,67,10,8659.21,3,3,4,334,High Value / Loyal
ef840a51-1263-483d-8fff-677712d014f1,256,6,6300.21,1,2,3,123,Low Engagement
ef8526fa-2389-4c9b-8804-1d9b69bf3f8c,227,5,7076.55,1,2,3,123,Low Engagement
efa81288-71df-438f-8403-7903ffb3ac78,2,14,9551.14,4,4,4,444,High Value / Loyal
efb2f5db-acd9-4dbf-b733-9348c1c0a6a9,64,7,4709.45,3,3,3,333,High Value / Loyal
efb7b4b0-d961-4ea6-a092-81e5b65daeb8,54,23,8771.07,3,4,4,344,High Value / Loyal
efbfbd1f-e93d-4f47-a2a8-6be46f7cad40,15,8,10154.02,4,3,4,434,High Value / Loyal
efdcf78c-2c39-4519-a0ba-e6786d771637,58,5,6009.75,3,2,3,323,New / Promising
efe6d191-768c-4d49-8f90-741f1a9b831a,301,1,6299.49,1,1,3,113,Low Engagement
efee4b39-a0b2-4d22-a059-94a8e89ccb94,1,16,15896.72,4,4,4,444,High Value / Loyal
f006974f-cad9-47b5-b924-f796510e0c9c,161,13,12135.96,2,4,4,244,At Risk
f0215ddf-4b60-4245-a080-456affbf38da,137,8,9142.33,2,3,4,234,At Risk
f02bf901-2e80-4b7c-a9a7-d12054fbe974,27,16,14801.22,4,4,4,444,High Value / Loyal
f04c5bdc-e63b-4a17-b2ac-a2351ef8e005,155,3,716.21,2,1,1,211,Low Engagement
f05548d7-2fa5-4878-97aa-1f015f9db30e,447,2,617.12,1,1,1,111,Low Engagement
f0565a60-e1ca-474c-8206-6024975f7510,89,5,2031.27,2,2,1,221,Low Engagement
f058aff0-c1c4-42e3-a3db-1f87d0dd526b,73,1,724.38,3,1,1,311,New / Promising
f06412f6-c4c9-4283-b186-5872555c84a6,81,8,4808.87,3,3,3,333,High Value / Loyal
f0675a3c-0b26-4822-b07c-c4cfcbb8915f,9,5,1397.37,4,2,1,421,New / Promising
f06dc867-fae1-41b1-bb8a-e943fe082a96,192,2,801.61,1,1,1,111,Low Engagement
f07003d8-6497-498c-a078-470b7e6edc85,543,7,6202.31,1,3,3,133,At Risk
f094a56d-3ac1-4e28-a98b-5a984fd73df9,107,13,13078.96,2,4,4,244,At Risk
f0a88b59-9905-453c-91f7-1bbdc7cf475c,195,2,646.03,1,1,1,111,Low Engagement
f0abe75e-3684-48ba-acd2-88796e5ef259,36,3,4502.4,4,1,2,412,New / Promising
f0da54d8-72c8-453b-85b7-1f03602ead5e,201,7,2206.25,1,3,2,132,At Risk
f0e0a723-7dde-4f01-8062-426737202a31,95,13,10830.63,2,4,4,244,At Risk
f0f4684d-f4cb-45bc-8342-e6a32b68dbb0,179,4,3559.52,2,2,2,222,Low Engagement
f1030e0a-db69-46f0-b997-e3f5686d22c5,16,8,8552.04,4,3,4,434,High Value / Loyal
f1076fc1-9b35-434a-bc53-a38cbe079562,96,3,1144.82,2,1,1,211,Low Engagement
f10b35fe-3faa-4d06-8213-9393a11fed45,85,6,2606.03,3,2,2,322,New / Promising
f11d4de1-11be-4f80-b43a-45bbd8c0cc3b,212,2,16527.74,1,1,4,114,Low Engagement
f12f6b01-e776-48cb-8142-02a6183bf487,1,11,16769.97,4,4,4,444,High Value / Loyal
f158f3ce-e5fc-484b-a81a-f062c6223f63,254,6,3872.69,1,2,2,122,Low Engagement
f162eff9-6a55-4313-8987-e7e234532472,35,11,4559.79,4,4,3,443,High Value / Loyal
f169013c-9606-409e-aecf-92140bd1b40f,91,2,325.22,2,1,1,211,Low Engagement
f16deb00-a877-4998-a1e5-6b91ed783290,77,8,3088.86,3,3,2,332,Low Engagement
f1808c8b-64a1-474b-845e-7cd8eafbe1c5,153,4,2257.73,2,2,2,222,Low Engagement
f1a11de3-7018-42c3-be1c-608d82f3021d,245,5,4526.65,1,2,2,122,Low Engagement
f1c193ee-e27c-48ba-b3b8-3eaf6c9c3fb8,71,12,6715.11,3,4,3,343,High Value / Loyal
f1c4816f-f8a0-4cb4-a8e0-51aeb274e4d8,5,9,3955.93,4,3,2,432,Low Engagement
f1c88baa-880b-4193-9345-bc841ba246f6,590,3,3357.52,1,1,2,112,Low Engagement
f1c9c3c9-6fdb-476a-81ab-ee01cde0402c,215,6,4791.29,1,2,3,123,Low Engagement
f1ce0f36-9164-4a39-aebd-7d062333ec8f,112,2,604.78,2,1,1,211,Low Engagement
f1d6fe79-4017-49dc-9b33-f110fcdbe851,144,13,5647.05,2,4,3,243,At Risk
f1df4c57-7efd-4e75-933c-5dfeadb91e02,112,10,10740.23,2,3,4,234,At Risk
f20e38eb-c122-4a37-b375-c687c40dc7a6,52,4,1351.69,3,2,1,321,New / Promising
f21496b2-97ef-4ea9-b325-ffa2e362d4ae,141,5,2865.56,2,2,2,222,Low Engagement
f24de615-bdc2-4ba5-bad9-4c0f7606e84d,57,6,4655.98,3,2,3,323,New / Promising
f280885f-6403-420d-86c2-4ab76ee41b10,12,16,14445.8,4,4,4,444,High Value / Loyal
f2957974-95ed-44ce-bddd-2c45e59a9439,127,11,7727.36,2,4,3,243,At Risk
f29b91b0-0996-4179-851d-883be5cb8e7e,175,10,7890.38,2,3,3,233,At Risk
f2b27819-9225-4441-aed8-24fcf1553928,24,4,2628.73,4,2,2,422,New / Promising
f2c0feee-6eef-44d2-b5b6-ba5e66687729,471,6,2057.76,1,2,2,122,Low Engagement
f2c72196-44b1-4e36-a948-d01db4e1b59b,23,5,6659.89,4,2,3,423,New / Promising
f2ca6e95-e6a0-4c28-8668-2bbdb95ed6b0,339,3,943.52,1,1,1,111,Low Engagement
f2cd675a-80f9-42e3-93ba-ca013804b053,38,4,2075.34,4,2,2,422,New / Promising
f30f608a-c1e0-4967-b53f-bd946abd81f3,77,8,4331.15,3,3,2,332,Low Engagement
f3240f99-dd63-46f9-a74b-9a9bd8500989,349,3,5434.16,1,1,3,113,Low Engagement
f343b659-99de-4ad4-bc41-c28b5ac6d7ab,84,14,10019.61,3,4,4,344,High Value / Loyal
f34dc34d-6334-476c-90af-9a24d5adf2c9,15,3,3265.83,4,1,2,412,New / Promising
f35432a8-c7e4-4b33-8297-578c6d5053ad,359,3,171.37,1,1,1,111,Low Engagement
f3565f13-d14a-4276-9297-09f439f9290a,359,8,5483.79,1,3,3,133,At Risk
f37c8e8a-dcf8-48d2-b1fa-2add6bb73f7e,56,16,22255.87,3,4,4,344,High Value / Loyal
f383f3c9-dd09-49f3-a287-927dc1dd100f,41,4,2498.23,4,2,2,422,New / Promising
f3841e21-0ec6-4e1a-9eda-ed432675b1f3,51,13,9390.6,3,4,4,344,High Value / Loyal
f39e33bc-5060-43d6-a007-4b5676c57861,64,3,2734.68,3,1,2,312,New / Promising
f3a020be-2e98-468d-affd-2b0388a78026,59,12,16714.67,3,4,4,344,High Value / Loyal
f3b5bb88-434f-4c4a-b18b-a82dcea0d88b,55,4,2514.01,3,2,2,322,New / Promising
f3c030a8-5aa5-4b28-9d6e-2cb5ca03e2e0,48,10,5474.09,4,3,3,433,High Value / Loyal
f3cac1b3-1d72-4cf8-997a-35a5330c44a1,66,1,159.16,3,1,1,311,New / Promising
f3d367e4-9758-4dfe-abfb-2e1a2e6e76ca,318,17,8733.98,1,4,4,144,At Risk
f3da9f48-daef-495f-9cad-a28a3b87b221,83,1,643.7,3,1,1,311,New / Promising
f3e8d348-04d2-42c9-b1c7-85e236382ab4,171,7,6307.45,2,3,3,233,At Risk
f3f8d42e-eb7b-49df-aeb0-272264ae642e,78,19,14979.44,3,4,4,344,High Value / Loyal
f4043c82-95e0-4a17-94c5-f3ca31eb7234,81,5,2192.94,3,2,2,322,New / Promising
f40bb681-9f71-4fa8-b33d-0a66d2833d4a,571,3,1297.72,1,1,1,111,Low Engagement
f40e6d9e-3c45-42d2-998b-f0ebb07aa36c,25,7,7542.03,4,3,3,433,High Value / Loyal
f41360fe-cc25-4e7c-8d08-3075d9c84760,78,11,8401,3,4,4,344,High Value / Loyal
f41a0dc7-ce68-47c9-beeb-3dc8703d626d,87,5,12106.05,3,2,4,324,New / Promising
f43856ea-7faf-44d9-b196-7cf57aaf4a69,103,12,8541.93,2,4,4,244,At Risk
f4479b9e-c020-45e7-aa15-37911d788279,107,20,25301.83,2,4,4,244,At Risk
f4532ac4-018f-46de-8234-bf463150ae47,233,7,6322.14,1,3,3,133,At Risk
f47833ef-1a5b-41f4-923a-925cfb42dbd5,18,26,19159.08,4,4,4,444,High Value / Loyal
f484ecf5-8318-457f-8782-42caee7529d9,1,3,1607.29,4,1,1,411,New / Promising
f485d789-2271-47e1-a43a-2f2577db73d9,83,3,1406.04,3,1,1,311,New / Promising
f48b8af3-0415-4d24-b644-e7093ea3b356,109,13,5916.54,2,4,3,243,At Risk
f4972805-1266-42d6-8cd4-f022d1aef441,125,7,9991.16,2,3,4,234,At Risk
f49b20e0-506d-450a-a442-4f2480314435,288,5,3528.81,1,2,2,122,Low Engagement
f49c7a27-2207-42d4-a437-d4a179adb2a9,128,8,7772.11,2,3,3,233,At Risk
f4aa99d4-966d-4e86-a911-7792943f2797,67,14,8996.45,3,4,4,344,High Value / Loyal
f4bf44ef-6e78-43d1-9a0c-200ce69028f5,468,4,2396.99,1,2,2,122,Low Engagement
f4ca79ac-8573-4448-9ad1-cb7ff75c39d4,81,3,2468.75,3,1,2,312,New / Promising
f4cc2347-a6a6-40ee-9fc6-cc6d75b36929,4,7,7456.63,4,3,3,433,High Value / Loyal
f4f779ea-90dd-4cfc-bd8c-39fbadcdb739,10,8,10628.28,4,3,4,434,High Value / Loyal
f4fe6e73-2154-4fed-8151-3f4cc5b452a2,68,2,395.45,3,1,1,311,New / Promising
f50cce79-0dc7-43ee-97c6-c8c0228c381f,79,5,2922.55,3,2,2,322,New / Promising
f51d416b-4a0a-4970-babd-778516495ce2,37,1,2000.93,4,1,1,411,New / Promising
f5258309-5756-4792-bb43-eb03eb5ca507,63,12,6007.38,3,4,3,343,High Value / Loyal
f53903e9-3b4b-4a0e-b180-d186727fd00c,47,3,1670.66,4,1,1,411,New / Promising
f5564ea5-7a51-4b4f-878b-749b05992cc2,48,15,11628.27,4,4,4,444,High Value / Loyal
f55a3a2e-bdb1-4a1c-bca3-2942f930420b,6,14,9913.63,4,4,4,444,High Value / Loyal
f55dc7c1-9678-4383-9cf5-57f889c8c70f,99,1,1170.77,2,1,1,211,Low Engagement
f57442b7-de1d-454a-8073-6a4a6644824c,57,5,3154.99,3,2,2,322,New / Promising
f5764c78-44f7-44ad-816f-b0741cc7df49,54,2,554.39,3,1,1,311,New / Promising
f58aa2a9-77a9-427e-b1dd-e78db3bd1360,234,5,6353.52,1,2,3,123,Low Engagement
f597a082-d249-4357-bed4-c380248d18f9,67,2,355.87,3,1,1,311,New / Promising
f5988327-4d82-4ed4-9c18-6f74f97e65ec,33,9,10863.18,4,3,4,434,High Value / Loyal
f5acb7c3-2cd0-4a6d-b197-bc63f460a914,529,4,2238.59,1,2,2,122,Low Engagement
f5c9cca9-a77d-4676-ab1e-70050b65e08f,241,3,1441.61,1,1,1,111,Low Engagement
f5cbd667-e279-4df4-8eee-fdd7747a4997,4,3,2658.14,4,1,2,412,New / Promising
f5d567d6-0b3f-4d6b-b427-cc3c186fab85,144,3,2613.51,2,1,2,212,Low Engagement
f5dbbbc5-31da-4d73-9852-4c9bae16997b,1061,2,1175.82,1,1,1,111,Low Engagement
f5e14882-6051-40b2-8a94-740ab2d08da8,68,8,3727,3,3,2,332,Low Engagement
f5e1a155-8902-4c66-87c9-0fb737ced8cf,26,3,3100.29,4,1,2,412,New / Promising
f5f5a934-f6dc-4b8d-a0d3-a7a5a1ab787b,208,4,1694.62,1,2,1,121,Low Engagement
f60bf5f1-aebd-4770-8fa0-a0ae8c2d51eb,461,9,5358.97,1,3,3,133,At Risk
f60d6bdf-7a12-46c4-a40a-086370d4513a,33,3,1252.1,4,1,1,411,New / Promising
f621e863-02b6-4f62-bb2f-f8fc172b927c,91,2,6075.34,2,1,3,213,Low Engagement
f6262810-d37e-4c77-8b21-e6d796b59f37,93,6,2727.88,2,2,2,222,Low Engagement
f62de030-c8bc-448d-a7ac-f3c6114e2a6f,40,13,15380.77,4,4,4,444,High Value / Loyal
f63a15e5-9ee7-41c5-abfe-d16b5f7d0ca5,150,2,1919.04,2,1,1,211,Low Engagement
f63d84bd-b218-44a4-8235-aefdff36c33d,56,12,14375.2,3,4,4,344,High Value / Loyal
f63eb567-e94d-44f9-8f2f-b56e27661516,1,2,3510.12,4,1,2,412,New / Promising
f64d8858-7139-4dfc-b563-c5c4c3ed533f,61,3,1315.42,3,1,1,311,New / Promising
f64efed8-d95a-4c6d-9f8f-8c47d83400de,456,3,3405.64,1,1,2,112,Low Engagement
f6542dc1-f2d8-459b-8ee2-f4c94cb48d20,24,2,2106.48,4,1,2,412,New / Promising
f6833f94-f460-45ca-a2c5-efb023f9bc67,88,7,7084.23,3,3,3,333,High Value / Loyal
f6946178-5fb3-410f-bb67-d6401a82c891,69,10,8350.09,3,3,4,334,High Value / Loyal
f69a131a-5f26-45df-8d8b-c439113bd39b,263,6,3571.3,1,2,2,122,Low Engagement
f6a28700-1fda-47da-9cbc-f772fd25d6ac,40,8,6700.09,4,3,3,433,High Value / Loyal
f6c033fe-fc6b-4b84-9059-4a5b234d6b3e,193,1,1339.36,1,1,1,111,Low Engagement
f6c30714-7906-4123-af76-33b87a8f3712,290,7,4474.29,1,3,2,132,At Risk
f6caf6b2-6559-4a15-8517-ce8d324ff23e,72,17,13205.85,3,4,4,344,High Value / Loyal
f6ce6723-4bc1-442a-8ed7-f1bc7edaa547,316,3,1527.45,1,1,1,111,Low Engagement
f700fa1b-140c-4183-8f4f-96559e759494,69,14,17668.25,3,4,4,344,High Value / Loyal
f70e363c-e055-49e9-8139-c76690666712,89,5,3208.2,2,2,2,222,Low Engagement
f71004bf-e2c2-449a-a03f-4e1cdf7a3080,92,8,5906.54,2,3,3,233,At Risk
f7108b8e-a302-4f40-9dd7-23908114c731,185,2,2250.93,1,1,2,112,Low Engagement
f71a4b5d-96b2-48cd-90b8-a3f590b13c6a,55,6,9554.78,3,2,4,324,New / Promising
f72d05a2-cff0-4ac1-8b45-80bab590a077,66,5,6930.03,3,2,3,323,New / Promising
f72d6af4-5fe5-4479-b104-dd0753bf8058,102,4,3511.86,2,2,2,222,Low Engagement
f732b212-be23-43b3-a398-a146101a889f,145,8,5632.38,2,3,3,233,At Risk
f7529d5f-f980-4220-b13f-689f91a7fc45,107,1,1325.11,2,1,1,211,Low Engagement
f75c6267-31d7-4d15-9e49-b539063d2c19,147,9,5884.58,2,3,3,233,At Risk
f7697223-681c-4772-9fbe-0bdb7a791039,49,7,7851.04,4,3,3,433,High Value / Loyal
f7797b7c-47b6-48eb-8518-a368c1bbbb6a,278,8,11586.03,1,3,4,134,At Risk
f786e3e4-377f-4bd2-bee0-0082a1260d82,22,14,6641.52,4,4,3,443,High Value / Loyal
f79b5ce9-2a3e-4fae-bf20-7021294a1f89,85,5,3073.09,3,2,2,322,New / Promising
f79edd74-96e1-4e99-b9df-dee6777b3ad5,289,2,3059.84,1,1,2,112,Low Engagement
f7a4e3f0-6015-49e1-9d96-cd6795fe540c,9,5,2754.85,4,2,2,422,New / Promising
f7b0ad0a-838a-4e22-b255-a49568988c27,82,5,5780.74,3,2,3,323,New / Promising
f7d7814d-903c-4928-a4fd-66d49faf9abd,108,5,2947.01,2,2,2,222,Low Engagement
f7dbac7a-d8f4-4217-b046-fff43e899db7,102,2,4333.53,2,1,2,212,Low Engagement
f7e0ba65-de4d-4f28-bb71-7a37bb4fbc18,9,13,5142.76,4,4,3,443,High Value / Loyal
f7eed057-9b96-4c00-a8b5-34623190c80b,182,4,2109.83,1,2,2,122,Low Engagement
f7f25979-e5cf-4629-8f12-ef2c56fbffb2,76,3,1125.2,3,1,1,311,New / Promising
f80c7180-5dfc-4864-bfc6-72999544e2a5,19,9,6512.56,4,3,3,433,High Value / Loyal
f81dc7b0-ace5-4957-bb9c-4441cd928c20,44,4,1576.02,4,2,1,421,New / Promising
f81f52d2-3828-4cd9-b2c0-442546b566d9,74,4,865.76,3,2,1,321,New / Promising
f836d7c5-e811-4521-919c-685a1b523313,58,11,10252.86,3,4,4,344,High Value / Loyal
f83ebf09-1bff-4085-a98e-fe739798711b,59,1,2547.58,3,1,2,312,New / Promising
f840e472-e2d2-40c3-bf5a-d52299feacd3,72,3,4500.8,3,1,2,312,New / Promising
f8518003-b843-431b-80a4-ae9e449beaae,282,12,10493.16,1,4,4,144,At Risk
f86949ea-a936-4c23-8b35-27fc7b539283,187,11,19066.23,1,4,4,144,At Risk
f87538c3-f103-4032-9c58-1a75f1c1c588,97,2,1064.42,2,1,1,211,Low Engagement
f878fcfc-66d2-4bf2-a702-97d2292f54d0,491,1,332.93,1,1,1,111,Low Engagement
f8993eb9-71f5-42b0-afd4-5782289ef6b3,234,5,40874.18,1,2,4,124,Low Engagement
f89ff216-5ca6-4633-a908-c408d9399a60,173,18,67644.18,2,4,4,244,At Risk
f8a30f9e-e123-477e-96cf-113d49268a3e,83,10,8299.7,3,3,4,334,High Value / Loyal
f8b83ef1-6de7-45d8-ab2b-615c42c5bccc,152,4,1899.11,2,2,1,221,Low Engagement
f8c5c406-34c1-42c4-9f77-b57a313673f1,200,7,4566.62,1,3,3,133,At Risk
f8e58105-ef14-4745-a576-7d46a48a28ad,229,4,2514.08,1,2,2,122,Low Engagement
f8f677d4-cbeb-4314-aba3-9fbadcd99fb1,67,1,2456.11,3,1,2,312,New / Promising
f8f70450-1e99-4fa9-8091-238af1a5c087,436,4,3623.14,1,2,2,122,Low Engagement
f8f88349-5b33-4545-bc6e-2cd532760d54,267,9,8382.45,1,3,4,134,At Risk
f8f8f48a-2c6c-4954-8950-0897b4a47b58,151,12,11926.36,2,4,4,244,At Risk
f90198ad-36b9-482e-a601-5cc94a97c167,526,2,1348.53,1,1,1,111,Low Engagement
f909770c-3a70-400a-be71-440010cb336f,99,5,5746.33,2,2,3,223,Low Engagement
f913420e-300c-46da-8f81-55609847bad4,105,7,4116.58,2,3,2,232,At Risk
f949b2e6-1601-48af-8002-7099031b0d83,23,11,8552.9,4,4,4,444,High Value / Loyal
f955e445-21de-42f0-b472-848cc26caafa,26,1,257.18,4,1,1,411,New / Promising
f964fef3-e0c1-4c92-ac60-54cec4edaedc,230,4,4320.84,1,2,2,122,Low Engagement
f97768af-ebe3-488d-ad4d-ee7541bec547,91,6,4930.24,2,2,3,223,Low Engagement
f97cb93c-3755-4484-ac35-73df7695b793,35,6,7198.55,4,2,3,423,New / Promising
f984d8b1-3088-4387-9344-d3f9355b02a8,133,6,4012.23,2,2,2,222,Low Engagement
f9953dfc-f0d0-4092-add7-bc9d5f24e1ab,45,6,5529.2,4,2,3,423,New / Promising
f99a84a8-0438-47de-a647-a018f97d29e0,267,1,3196.34,1,1,2,112,Low Engagement
f9a22e6a-d6bf-43c5-9ed8-9141cd396f09,48,4,3108.69,4,2,2,422,New / Promising
f9a66acc-8893-451c-8f36-4c2a24473617,15,7,5122.96,4,3,3,433,High Value / Loyal
f9c13e05-1e48-4c4d-81d1-17510c9eb527,67,16,7043.05,3,4,3,343,High Value / Loyal
f9c18964-7cc2-4f65-a95b-5b70cdb20487,237,12,7438.46,1,4,3,143,At Risk
f9d1153c-8ce6-4465-bd29-3ef719f5ad19,49,9,8911.46,4,3,4,434,High Value / Loyal
f9d2b377-36c7-4808-94aa-c648e407c4e1,265,3,1833.43,1,1,1,111,Low Engagement
f9e2bc32-58dd-4cb8-991c-49a783fb9c6f,2,13,7510.45,4,4,3,443,High Value / Loyal
f9f4863e-05aa-42cd-b9a6-7197ea31c955,158,2,6765.04,2,1,3,213,Low Engagement
fa03b39a-d4cc-4840-8d7a-3115161628ef,183,6,6766.57,1,2,3,123,Low Engagement
fa091a32-5296-496a-9afc-75a78d84248b,289,6,6404.51,1,2,3,123,Low Engagement
fa0f0676-b3e8-4d2b-9fef-4c0faa64dd34,88,6,3073.57,3,2,2,322,New / Promising
fa15c1e0-13f0-47c8-afa0-9250c05f6e40,290,1,647.8,1,1,1,111,Low Engagement
fa1e2e9e-6479-464b-a405-4969bef69da5,96,4,5174.88,2,2,3,223,Low Engagement
fa44eff3-2efa-426a-b978-fba22bb9b7db,138,2,2094.32,2,1,2,212,Low Engagement
fa5e7412-2c30-4c3f-bf8c-bcbe062006eb,38,12,9716.49,4,4,4,444,High Value / Loyal
fa610ced-ac5c-4fc1-a957-f04baa1703cc,204,12,8495.37,1,4,4,144,At Risk
fa70be8a-8e19-456e-910b-0d35983897f0,131,6,4573.6,2,2,3,223,Low Engagement
fa890a26-c347-4732-83b7-dceda627073e,135,6,4566.68,2,2,3,223,Low Engagement
faf889b6-7409-41f0-bcf4-4bcdb45b96ea,123,1,10638,2,1,4,214,Low Engagement
fafa7c39-5398-4b3a-9e6e-7bab7a7043a8,90,3,1411.25,2,1,1,211,Low Engagement
fafb1da1-5024-407a-b9c8-d94840a12e5e,1,10,10969.65,4,3,4,434,High Value / Loyal
fb29e60c-0b19-4ea4-a647-8ac9595704cd,32,5,4413.43,4,2,2,422,New / Promising
fb3a5827-acd6-41e0-a604-0a363aef37e1,98,4,3390.44,2,2,2,222,Low Engagement
fb49f49d-b31b-47e7-bcbd-cd3415ca7af4,196,19,15689.16,1,4,4,144,At Risk
fb4e194c-7591-4017-b298-d84cddbce122,78,5,4739.31,3,2,3,323,New / Promising
fb5c00b0-4e1b-40fb-95a1-3015db72bb35,90,18,13253.64,2,4,4,244,At Risk
fb6821b8-611c-4d77-9407-c286f31e66bb,5,9,4922.11,4,3,3,433,High Value / Loyal
fb688d6b-1f86-49bc-ad74-986ace78612f,529,7,4470.65,1,3,2,132,At Risk
fb6c31d3-dd76-4724-83a6-5432d31390c8,182,8,5963.31,1,3,3,133,At Risk
fb83cb35-1909-4029-b84f-a6104754ec8f,10,5,3548.64,4,2,2,422,New / Promising
fb885e79-cc91-4b99-ae76-e1f71fd3522d,214,3,1991.73,1,1,1,111,Low Engagement
fb94973c-eba2-4c86-a94d-ee97d354d5b2,226,12,15517.63,1,4,4,144,At Risk
fb96f10b-98b4-4c47-be17-64d6c109ceaa,105,3,950.42,2,1,1,211,Low Engagement
fb98e46e-458d-41e8-9046-6fed3f27c634,179,3,3498.16,2,1,2,212,Low Engagement
fbabea08-ce48-47d4-8cbb-f17c74fb5073,271,7,2969.81,1,3,2,132,At Risk
fbae59e8-9485-486c-806e-fc3d48267356,431,9,11734.28,1,3,4,134,At Risk
fbbab7c8-c458-4dbe-aa10-976be908f893,72,2,32729.42,3,1,4,314,New / Promising
fbbf259a-7b4d-487f-aa77-1d1a2d4a5234,154,1,107.02,2,1,1,211,Low Engagement
fbc11361-2757-458a-9989-3c2d7111aff1,48,4,1845.13,4,2,1,421,New / Promising
fbca8ad4-be62-414e-a357-c4e8b89bd924,448,4,2643.61,1,2,2,122,Low Engagement
fbd3ca3c-2f9f-4d82-97ab-b6b737d8ba08,13,9,3489.26,4,3,2,432,Low Engagement
fbe27d5c-c435-423b-b05b-544c05392816,79,11,4239.1,3,4,2,342,Low Engagement
fbe88741-a4a2-4aea-b695-5d6542eda12d,75,5,3200.28,3,2,2,322,New / Promising
fbf1c9b1-b075-4030-a248-931c987946cf,13,7,4816.87,4,3,3,433,High Value / Loyal
fbfca3f6-abde-4a0d-8047-701d39233379,17,1,196.62,4,1,1,411,New / Promising
fc05eaae-21f9-4629-9cc2-99b181c4b628,129,15,12531.17,2,4,4,244,At Risk
fc067b0b-9038-4f5c-80f6-403088dfce80,21,6,1189.06,4,2,1,421,New / Promising
fc1a7ba4-f799-4746-978f-f3a87b3e5f1a,34,3,1533.55,4,1,1,411,New / Promising
fc273b04-c9f9-4163-b9bb-69e0dbc4e365,494,9,15840.95,1,3,4,134,At Risk
fc3cf6f5-22cc-4b1c-ac2f-c2124db1c677,0,3,4757.1,4,1,3,413,New / Promising
fc46aebf-6c70-4786-84f5-6439a7d84d7e,27,4,1437.68,4,2,1,421,New / Promising
fc55095c-9950-4e22-b8bb-c9f50871dd92,88,6,6391.97,3,2,3,323,New / Promising
fc69d57f-acd4-4199-8866-e185fb0e0942,51,2,1743.82,3,1,1,311,New / Promising
fc71c89b-19ef-44e2-b704-96740aeb9d06,164,5,2472.44,2,2,2,222,Low Engagement
fc810fe5-91c2-46c2-be87-0ccd24faa9ca,36,6,4839.78,4,2,3,423,New / Promising
fc834aaf-bc6b-41b6-b31a-806bac861aa5,13,15,6365.87,4,4,3,443,High Value / Loyal
fca62e75-da19-4c7a-b8e9-26fb6d824d79,194,9,3079.74,1,3,2,132,At Risk
fce17e8b-a8b4-4a2a-8b13-04a650f4b8b5,576,11,10071.1,1,4,4,144,At Risk
fcf04851-bbd3-444b-9635-c2072d0c5ae8,203,15,16640.51,1,4,4,144,At Risk
fcf5649b-a9dd-44d5-8120-9f02760e7d14,5,11,13233.04,4,4,4,444,High Value / Loyal
fcf7b2e1-a394-4474-ad46-551f0c128bbc,68,2,2079.45,3,1,2,312,New / Promising
fcfa41e3-4c77-4483-a7db-bf9b1810f021,463,10,15593,1,3,4,134,At Risk
fd056df5-c02b-4c2e-9e57-4e296c20083a,268,5,3059.25,1,2,2,122,Low Engagement
fd0bbd08-ace6-4359-ad98-bbb5aad3ac91,90,3,1080.76,2,1,1,211,Low Engagement
fd0f9e3d-54a8-47d4-b44f-c99a29f36302,170,2,330.63,2,1,1,211,Low Engagement
fd100e6f-d0ae-4d6c-8fd9-f6f88d8a30f1,573,3,3311.1,1,1,2,112,Low Engagement
fd109d55-0ee2-43d2-a2c2-dcaefb38988d,215,6,6308.47,1,2,3,123,Low Engagement
fd229743-56d5-480c-8f8b-b4775958e755,36,11,6256.71,4,4,3,443,High Value / Loyal
fd289c04-935f-4aad-8eab-9d973f504f0a,191,2,1724.42,1,1,1,111,Low Engagement
fd2d0232-f44e-472f-8c06-0f9b83403b44,2,13,8942.24,4,4,4,444,High Value / Loyal
fd366fa0-7dfc-4502-8b38-ad12a71b4572,68,8,5533.61,3,3,3,333,High Value / Loyal
fd448a7b-5a2c-42ac-ac73-359a9c970584,158,17,17229.53,2,4,4,244,At Risk
fd54988d-3cca-4a02-9254-b4fa7a2d5451,230,1,1122.26,1,1,1,111,Low Engagement
fd6bcaad-dd6a-456a-9ff0-8cbbf2245721,75,7,8278.75,3,3,4,334,High Value / Loyal
fd6e40d3-ec47-4239-8043-b8c81f9191f1,23,14,9213.96,4,4,4,444,High Value / Loyal
fd6e70e9-b46c-4b9a-9b84-daf1d368323c,198,3,1366.76,1,1,1,111,Low Engagement
fd7273f8-e699-420d-adec-41ad9f3a3dce,79,10,5237.36,3,3,3,333,High Value / Loyal
fd73e54d-b69c-4e74-84f6-7c8763115242,103,5,4968.38,2,2,3,223,Low Engagement
fd748c95-bd33-42ff-8c58-3e2ee1aaaa3d,93,2,765.77,2,1,1,211,Low Engagement
fd79fb14-3488-4c3a-822f-7fbc8ceae0ad,11,4,4073.57,4,2,2,422,New / Promising
fd7d0375-ac33-4486-a0c8-7813e83747b0,33,11,7794.69,4,4,3,443,High Value / Loyal
fd82e8c0-8b8f-489e-b099-a60caa1fdb27,302,1,3447.72,1,1,2,112,Low Engagement
fd854bf4-2549-4d09-9bb5-60c306c131b5,477,2,1309.82,1,1,1,111,Low Engagement
fd8af04a-bacd-4aa4-b480-f46d1d318b3f,108,7,6603.64,2,3,3,233,At Risk
fd94007b-7d98-4e29-838b-578450600ce0,52,3,3449.17,3,1,2,312,New / Promising
fd95020b-64e5-47f6-834d-7330814deca5,161,8,4094.71,2,3,2,232,At Risk
fdab20ff-0fce-4a35-ad7d-6cd07c8ddd98,7,10,8520.33,4,3,4,434,High Value / Loyal
fdbe23af-98b7-40d7-b15c-078821a7d1ef,197,9,4882.47,1,3,3,133,At Risk
fdca26a8-5143-415d-9897-1a9cf8f4f67a,251,18,15388.67,1,4,4,144,At Risk
fdd03229-55c2-4e41-b08a-65043dfc5fa9,72,2,1479.42,3,1,1,311,New / Promising
fdd3c5b3-84f2-43f8-9d8f-9a093f1c9f48,77,15,8658.49,3,4,4,344,High Value / Loyal
fddec452-07b0-42a9-bb23-78c4efde9b07,141,1,276.13,2,1,1,211,Low Engagement
fde756e9-d227-46d5-a873-d54b6ab80a0a,43,2,1118.86,4,1,1,411,New / Promising
fdeb64ce-f4c1-4dd0-af10-d2f87302d6aa,91,3,2425.25,2,1,2,212,Low Engagement
fdfa6769-c97c-44f3-b936-54c6ca14aa81,134,20,12407.92,2,4,4,244,At Risk
fdfdb134-72de-45aa-a3c8-ea9f0108c3dd,80,11,43957.46,3,4,4,344,High Value / Loyal
fe0211b2-d1db-4225-a9b6-63608840118d,61,6,4292.55,3,2,2,322,New / Promising
fe129541-4195-41f5-a0fa-bb4263ec582d,56,7,2285.67,3,3,2,332,Low Engagement
fe239eca-d9d3-4deb-8935-c3c65c3f65b5,105,19,19455.2,2,4,4,244,At Risk
fe27f0fe-05fd-449f-a872-912eb878f0e2,108,6,3510.47,2,2,2,222,Low Engagement
fe3e986d-30ad-4a70-b538-842f54c79170,18,11,8739.34,4,4,4,444,High Value / Loyal
fe508821-0f53-480a-9f86-ed135a948a21,65,8,4114.71,3,3,2,332,Low Engagement
fe528fa2-f60f-4bae-a164-39b7b36d3a4d,0,7,3672.52,4,3,2,432,Low Engagement
fe637ceb-9e44-4ff0-9f3f-833917308f19,14,14,17234.39,4,4,4,444,High Value / Loyal
fe76604a-a0d2-42c2-bb84-b2116ebf1efd,25,10,10207.98,4,3,4,434,High Value / Loyal
fe7916e2-0b16-44f6-84e0-6acd5fb4fafa,162,1,113.73,2,1,1,211,Low Engagement
fe8617c0-88c9-4652-9cf1-1aba14eb6a7e,114,6,4173.86,2,2,2,222,Low Engagement
fe870544-024c-42f1-b248-dabd750daa28,68,13,12485.34,3,4,4,344,High Value / Loyal
fe8953bc-f500-4802-93d2-fac5e6931d05,13,2,1091.46,4,1,1,411,New / Promising
fe8f8391-14cb-4ddb-9082-6026d435f02b,58,9,5963.1,3,3,3,333,High Value / Loyal
fea26c9a-0dee-4a22-beab-90854aa14c56,210,9,7640.51,1,3,3,133,At Risk
feb116ce-51fb-406f-a482-32b948ef120d,37,8,4858.69,4,3,3,433,High Value / Loyal
feb4b2b8-37e2-4ab8-baa2-d43fdf74cef9,553,3,420.83,1,1,1,111,Low Engagement
feea1f51-e9c7-49e8-9b04-482f8ba49525,126,6,3914.94,2,2,2,222,Low Engagement
feedec5e-8697-413a-bb1b-e306b491d705,20,3,1697.14,4,1,1,411,New / Promising
fef280aa-594d-4819-ab68-db79de2931cb,113,1,231.43,2,1,1,211,Low Engagement
ff107675-4759-40c4-9d49-f68ccef9c41e,205,7,3332.76,1,3,2,132,At Risk
ff25d709-1516-4cb7-bc84-9cd036be1051,466,1,1314.27,1,1,1,111,Low Engagement
ff366f8a-378f-4af1-b665-1dc371012503,57,3,1371.27,3,1,1,311,New / Promising
ff39e534-178d-4311-b88b-510d270d4be1,87,6,3782.27,3,2,2,322,New / Promising
ff48547c-734b-48b8-90bd-8cb2abff2c23,274,16,14455.08,1,4,4,144,At Risk
ff5071e6-8c8f-4cc2-92d1-c745a7734a57,25,15,10180.1,4,4,4,444,High Value / Loyal
ff65f2e9-9c1f-4078-87df-e111c8670e6c,56,1,1304.41,3,1,1,311,New / Promising
ff7a4d04-b766-4674-bf89-9511a5b56e05,141,2,4455.76,2,1,2,212,Low Engagement
ff800c44-7e20-4074-a93d-29d52b8cb3c4,41,8,4117.84,4,3,2,432,Low Engagement
ff9cc2d8-db23-42f4-a885-0b17c5075f6b,11,2,1442.18,4,1,1,411,New / Promising
ff9e4275-adb5-4260-a9f5-f3b68d500cbe,26,4,1841.3,4,2,1,421,New / Promising
ffa030ca-c8f7-4e72-afd8-8854edf9a177,83,7,5138.1,3,3,3,333,High Value / Loyal
ffa235f0-4e44-4c81-8ddb-e24ec2a142b6,73,16,11756.92,3,4,4,344,High Value / Loyal
ffb857e7-8c34-4fe1-8b49-37d1507341ea,177,5,3747.33,2,2,2,222,Low Engagement
ffc456c6-40f3-447e-b67c-57749c6883b3,16,10,51864.04,4,3,4,434,High Value / Loyal
ffdde076-9e1e-4368-81b4-7d84cf7e8dc9,98,3,1745.88,2,1,1,211,Low Engagement
ffe12a11-2bfa-4181-939c-4a8b6125b170,29,5,11004.43,4,2,4,424,New / Promising
ffe869c7-5f1e-4c20-aabb-ebee990c4766,88,6,1532.28,3,2,1,321,New / Promising
